{
"type": "FeatureCollection",
"name": "geo_36_5",
"crs": { "type": "name", "properties": { "name": "urn:ogc:def:crs:OGC:1.3:CRS84" } },
"features": [
{ "type": "Feature", "properties": { "ID": "365100101", "正式名称": "やまと調剤薬局", "機関区分": 5, "都道府県コード": 36, "市区町村コード": 201, "所在地": "徳島県徳島市大和町２丁目３－４８大和ハイツ１Ｆ", "緯度": 34.068316, "経度": 134.572762, "url": "https://www.iryou.teikyouseido.mhlw.go.jp/znk-web/juminkanja/S2430/initialize?prefCd=36&kikanCd=100101&kikanKbn=5", "url2": "http://medisys.co.jp/", "内容": "やまと調剤薬局【5:薬局】徳島県徳島市大和町２丁目３－４８大和ハイツ１Ｆ" }, "geometry": { "type": "Point", "coordinates": [ 134.572762, 34.068316 ] } },
{ "type": "Feature", "properties": { "ID": "365100201", "正式名称": "調剤薬局マツダ　沖浜店", "機関区分": 5, "都道府県コード": 36, "市区町村コード": 201, "所在地": "徳島県徳島市沖浜２丁目２５－２", "緯度": 34.053475, "経度": 134.552233, "url": "https://www.iryou.teikyouseido.mhlw.go.jp/znk-web/juminkanja/S2430/initialize?prefCd=36&kikanCd=100201&kikanKbn=5", "url2": null, "内容": "調剤薬局マツダ　沖浜店【5:薬局】徳島県徳島市沖浜２丁目２５－２" }, "geometry": { "type": "Point", "coordinates": [ 134.552233, 34.053475 ] } },
{ "type": "Feature", "properties": { "ID": "365100301", "正式名称": "ふじの木調剤薬局　安宅店", "機関区分": 5, "都道府県コード": 36, "市区町村コード": 201, "所在地": "徳島県徳島市安宅１丁目８番３７号", "緯度": 34.070287, "経度": 134.571734, "url": "https://www.iryou.teikyouseido.mhlw.go.jp/znk-web/juminkanja/S2430/initialize?prefCd=36&kikanCd=100301&kikanKbn=5", "url2": "https://www.smile-group.jp/", "内容": "ふじの木調剤薬局　安宅店【5:薬局】徳島県徳島市安宅１丁目８番３７号" }, "geometry": { "type": "Point", "coordinates": [ 134.571734, 34.070287 ] } },
{ "type": "Feature", "properties": { "ID": "365100401", "正式名称": "赤澤薬局", "機関区分": 5, "都道府県コード": 36, "市区町村コード": 201, "所在地": "徳島県徳島市助任本町３丁目９番地", "緯度": 34.080761, "経度": 134.558009, "url": "https://www.iryou.teikyouseido.mhlw.go.jp/znk-web/juminkanja/S2430/initialize?prefCd=36&kikanCd=100401&kikanKbn=5", "url2": null, "内容": "赤澤薬局【5:薬局】徳島県徳島市助任本町３丁目９番地" }, "geometry": { "type": "Point", "coordinates": [ 134.558009, 34.080761 ] } },
{ "type": "Feature", "properties": { "ID": "365100501", "正式名称": "マレー薬局", "機関区分": 5, "都道府県コード": 36, "市区町村コード": 202, "所在地": "徳島県鳴門市撫養町南浜字東浜５６２", "緯度": 34.174103, "経度": 134.60867, "url": "https://www.iryou.teikyouseido.mhlw.go.jp/znk-web/juminkanja/S2430/initialize?prefCd=36&kikanCd=100501&kikanKbn=5", "url2": null, "内容": "マレー薬局【5:薬局】徳島県鳴門市撫養町南浜字東浜５６２" }, "geometry": { "type": "Point", "coordinates": [ 134.60867, 34.174103 ] } },
{ "type": "Feature", "properties": { "ID": "365100601", "正式名称": "スマイル調剤薬局　国府店", "機関区分": 5, "都道府県コード": 36, "市区町村コード": 201, "所在地": "徳島県徳島市国府町井戸字左ヶ池１４ー３", "緯度": 34.087058, "経度": 134.485939, "url": "https://www.iryou.teikyouseido.mhlw.go.jp/znk-web/juminkanja/S2430/initialize?prefCd=36&kikanCd=100601&kikanKbn=5", "url2": "https://www.smile-group.jp", "内容": "スマイル調剤薬局　国府店【5:薬局】徳島県徳島市国府町井戸字左ヶ池１４ー３" }, "geometry": { "type": "Point", "coordinates": [ 134.485939, 34.087058 ] } },
{ "type": "Feature", "properties": { "ID": "365100701", "正式名称": "スマイル調剤薬局　北村店", "機関区分": 5, "都道府県コード": 36, "市区町村コード": 402, "所在地": "徳島県板野郡北島町北村字壱町四反地７１－４", "緯度": 34.133782, "経度": 134.552053, "url": "https://www.iryou.teikyouseido.mhlw.go.jp/znk-web/juminkanja/S2430/initialize?prefCd=36&kikanCd=100701&kikanKbn=5", "url2": "https://www.smile-group.jp", "内容": "スマイル調剤薬局　北村店【5:薬局】徳島県板野郡北島町北村字壱町四反地７１－４" }, "geometry": { "type": "Point", "coordinates": [ 134.552053, 34.133782 ] } },
{ "type": "Feature", "properties": { "ID": "365100801", "正式名称": "さくら薬局", "機関区分": 5, "都道府県コード": 36, "市区町村コード": 201, "所在地": "徳島県徳島市城南町３丁目６ー２９", "緯度": 34.053349, "経度": 134.535973, "url": "https://www.iryou.teikyouseido.mhlw.go.jp/znk-web/juminkanja/S2430/initialize?prefCd=36&kikanCd=100801&kikanKbn=5", "url2": null, "内容": "さくら薬局【5:薬局】徳島県徳島市城南町３丁目６ー２９" }, "geometry": { "type": "Point", "coordinates": [ 134.535973, 34.053349 ] } },
{ "type": "Feature", "properties": { "ID": "365100901", "正式名称": "オリーブ薬局沖浜店", "機関区分": 5, "都道府県コード": 36, "市区町村コード": 201, "所在地": "徳島県徳島市沖浜３丁目６５", "緯度": 34.049178, "経度": 134.549869, "url": "https://www.iryou.teikyouseido.mhlw.go.jp/znk-web/juminkanja/S2430/initialize?prefCd=36&kikanCd=100901&kikanKbn=5", "url2": "http://www.olive-ph.com/", "内容": "オリーブ薬局沖浜店【5:薬局】徳島県徳島市沖浜３丁目６５" }, "geometry": { "type": "Point", "coordinates": [ 134.549869, 34.049178 ] } },
{ "type": "Feature", "properties": { "ID": "365101201", "正式名称": "スマイル調剤薬局　城南店", "機関区分": 5, "都道府県コード": 36, "市区町村コード": 201, "所在地": "徳島県徳島市南二軒屋町三丁目５－３８", "緯度": 34.052655, "経度": 134.542744, "url": "https://www.iryou.teikyouseido.mhlw.go.jp/znk-web/juminkanja/S2430/initialize?prefCd=36&kikanCd=101201&kikanKbn=5", "url2": "https://www.smile-group.jp", "内容": "スマイル調剤薬局　城南店【5:薬局】徳島県徳島市南二軒屋町三丁目５－３８" }, "geometry": { "type": "Point", "coordinates": [ 134.542744, 34.052655 ] } },
{ "type": "Feature", "properties": { "ID": "365101301", "正式名称": "調剤薬局　るる", "機関区分": 5, "都道府県コード": 36, "市区町村コード": 201, "所在地": "徳島県徳島市仲之町２丁目２６番地鹿子ビル１階", "緯度": 34.066291, "経度": 134.55275, "url": "https://www.iryou.teikyouseido.mhlw.go.jp/znk-web/juminkanja/S2430/initialize?prefCd=36&kikanCd=101301&kikanKbn=5", "url2": "https://tsurugaya-pharmacy.com/access/", "内容": "調剤薬局　るる【5:薬局】徳島県徳島市仲之町２丁目２６番地鹿子ビル１階" }, "geometry": { "type": "Point", "coordinates": [ 134.55275, 34.066291 ] } },
{ "type": "Feature", "properties": { "ID": "365101401", "正式名称": "イルカ調剤薬局", "機関区分": 5, "都道府県コード": 36, "市区町村コード": 402, "所在地": "徳島県板野郡北島町高房字百広花２３ー３", "緯度": 34.116514, "経度": 134.541675, "url": "https://www.iryou.teikyouseido.mhlw.go.jp/znk-web/juminkanja/S2430/initialize?prefCd=36&kikanCd=101401&kikanKbn=5", "url2": null, "内容": "イルカ調剤薬局【5:薬局】徳島県板野郡北島町高房字百広花２３ー３" }, "geometry": { "type": "Point", "coordinates": [ 134.541675, 34.116514 ] } },
{ "type": "Feature", "properties": { "ID": "365101501", "正式名称": "ファーマシアコスモス薬局　高原店", "機関区分": 5, "都道府県コード": 36, "市区町村コード": 341, "所在地": "徳島県名西郡石井町高原字東高原１８２－１", "緯度": 34.081448, "経度": 134.422597, "url": "https://www.iryou.teikyouseido.mhlw.go.jp/znk-web/juminkanja/S2430/initialize?prefCd=36&kikanCd=101501&kikanKbn=5", "url2": "https://farmacia-cosmos.com/", "内容": "ファーマシアコスモス薬局　高原店【5:薬局】徳島県名西郡石井町高原字東高原１８２－１" }, "geometry": { "type": "Point", "coordinates": [ 134.422597, 34.081448 ] } },
{ "type": "Feature", "properties": { "ID": "365101601", "正式名称": "スマイル調剤薬局　二軒屋店", "機関区分": 5, "都道府県コード": 36, "市区町村コード": 201, "所在地": "徳島県徳島市南二軒屋町１丁目２－８", "緯度": 34.055707, "経度": 134.545937, "url": "https://www.iryou.teikyouseido.mhlw.go.jp/znk-web/juminkanja/S2430/initialize?prefCd=36&kikanCd=101601&kikanKbn=5", "url2": "https://www.smile-group.jp/", "内容": "スマイル調剤薬局　二軒屋店【5:薬局】徳島県徳島市南二軒屋町１丁目２－８" }, "geometry": { "type": "Point", "coordinates": [ 134.545937, 34.055707 ] } },
{ "type": "Feature", "properties": { "ID": "365101701", "正式名称": "スマイル調剤薬局　東佐古店", "機関区分": 5, "都道府県コード": 36, "市区町村コード": 201, "所在地": "徳島県徳島市佐古二番町５番２１号", "緯度": 34.077388, "経度": 134.539192, "url": "https://www.iryou.teikyouseido.mhlw.go.jp/znk-web/juminkanja/S2430/initialize?prefCd=36&kikanCd=101701&kikanKbn=5", "url2": "https://www.smile-group.jp", "内容": "スマイル調剤薬局　東佐古店【5:薬局】徳島県徳島市佐古二番町５番２１号" }, "geometry": { "type": "Point", "coordinates": [ 134.539192, 34.077388 ] } },
{ "type": "Feature", "properties": { "ID": "365101801", "正式名称": "大松時計台調剤薬局", "機関区分": 5, "都道府県コード": 36, "市区町村コード": 201, "所在地": "徳島県徳島市大松町上ノ口３５番", "緯度": 34.024689, "経度": 134.556387, "url": "https://www.iryou.teikyouseido.mhlw.go.jp/znk-web/juminkanja/S2430/initialize?prefCd=36&kikanCd=101801&kikanKbn=5", "url2": "https://www.global-assist.jp/", "内容": "大松時計台調剤薬局【5:薬局】徳島県徳島市大松町上ノ口３５番" }, "geometry": { "type": "Point", "coordinates": [ 134.556387, 34.024689 ] } },
{ "type": "Feature", "properties": { "ID": "365101901", "正式名称": "スマイル調剤薬局　渭東店", "機関区分": 5, "都道府県コード": 36, "市区町村コード": 201, "所在地": "徳島県徳島市安宅２丁目３番３号", "緯度": 34.069673, "経度": 134.573784, "url": "https://www.iryou.teikyouseido.mhlw.go.jp/znk-web/juminkanja/S2430/initialize?prefCd=36&kikanCd=101901&kikanKbn=5", "url2": "https://www.smile-group.jp", "内容": "スマイル調剤薬局　渭東店【5:薬局】徳島県徳島市安宅２丁目３番３号" }, "geometry": { "type": "Point", "coordinates": [ 134.573784, 34.069673 ] } },
{ "type": "Feature", "properties": { "ID": "365102001", "正式名称": "スマイル調剤薬局　藍住店", "機関区分": 5, "都道府県コード": 36, "市区町村コード": 403, "所在地": "徳島県板野郡藍住町東中富字龍池傍示５４－３", "緯度": 34.125033, "経度": 134.476579, "url": "https://www.iryou.teikyouseido.mhlw.go.jp/znk-web/juminkanja/S2430/initialize?prefCd=36&kikanCd=102001&kikanKbn=5", "url2": "https://www.smile-group.jp", "内容": "スマイル調剤薬局　藍住店【5:薬局】徳島県板野郡藍住町東中富字龍池傍示５４－３" }, "geometry": { "type": "Point", "coordinates": [ 134.476579, 34.125033 ] } },
{ "type": "Feature", "properties": { "ID": "365102201", "正式名称": "城西漢方薬局　北島店", "機関区分": 5, "都道府県コード": 36, "市区町村コード": 402, "所在地": "徳島県板野郡北島町鯛浜字大西１５４ー３", "緯度": 34.112817, "経度": 134.542144, "url": "https://www.iryou.teikyouseido.mhlw.go.jp/znk-web/juminkanja/S2430/initialize?prefCd=36&kikanCd=102201&kikanKbn=5", "url2": "https://i-kanpo.com", "内容": "城西漢方薬局　北島店【5:薬局】徳島県板野郡北島町鯛浜字大西１５４ー３" }, "geometry": { "type": "Point", "coordinates": [ 134.542144, 34.112817 ] } },
{ "type": "Feature", "properties": { "ID": "365102301", "正式名称": "三谷薬局　渭北店", "機関区分": 5, "都道府県コード": 36, "市区町村コード": 201, "所在地": "徳島県徳島市吉野本町１－１３", "緯度": 34.079548, "経度": 134.551224, "url": "https://www.iryou.teikyouseido.mhlw.go.jp/znk-web/juminkanja/S2430/initialize?prefCd=36&kikanCd=102301&kikanKbn=5", "url2": "https://mi3.co.jp", "内容": "三谷薬局　渭北店【5:薬局】徳島県徳島市吉野本町１－１３" }, "geometry": { "type": "Point", "coordinates": [ 134.551224, 34.079548 ] } },
{ "type": "Feature", "properties": { "ID": "365102401", "正式名称": "北常三島調剤薬局", "機関区分": 5, "都道府県コード": 36, "市区町村コード": 201, "所在地": "徳島県徳島市北常三島町二丁目４８番地１", "緯度": 34.082177, "経度": 134.562198, "url": "https://www.iryou.teikyouseido.mhlw.go.jp/znk-web/juminkanja/S2430/initialize?prefCd=36&kikanCd=102401&kikanKbn=5", "url2": "https://www.global-assist.jp/", "内容": "北常三島調剤薬局【5:薬局】徳島県徳島市北常三島町二丁目４８番地１" }, "geometry": { "type": "Point", "coordinates": [ 134.562198, 34.082177 ] } },
{ "type": "Feature", "properties": { "ID": "365102501", "正式名称": "ハート調剤薬局東中富店", "機関区分": 5, "都道府県コード": 36, "市区町村コード": 403, "所在地": "徳島県板野郡藍住町東中富字長江傍示３ー３", "緯度": 34.128526, "経度": 134.482127, "url": "https://www.iryou.teikyouseido.mhlw.go.jp/znk-web/juminkanja/S2430/initialize?prefCd=36&kikanCd=102501&kikanKbn=5", "url2": "https://kyosei-bs.co.jp/", "内容": "ハート調剤薬局東中富店【5:薬局】徳島県板野郡藍住町東中富字長江傍示３ー３" }, "geometry": { "type": "Point", "coordinates": [ 134.482127, 34.128526 ] } },
{ "type": "Feature", "properties": { "ID": "365102601", "正式名称": "加地薬局　東吉野店", "機関区分": 5, "都道府県コード": 36, "市区町村コード": 201, "所在地": "徳島県徳島市東吉野町１丁目３ー６", "緯度": 34.083451, "経度": 134.561958, "url": "https://www.iryou.teikyouseido.mhlw.go.jp/znk-web/juminkanja/S2430/initialize?prefCd=36&kikanCd=102601&kikanKbn=5", "url2": "http://www.kaji-ph.com", "内容": "加地薬局　東吉野店【5:薬局】徳島県徳島市東吉野町１丁目３ー６" }, "geometry": { "type": "Point", "coordinates": [ 134.561958, 34.083451 ] } },
{ "type": "Feature", "properties": { "ID": "365102801", "正式名称": "アルゴ薬局", "機関区分": 5, "都道府県コード": 36, "市区町村コード": 201, "所在地": "徳島県徳島市鮎喰町１丁目５８ー１　原塚ビル１階", "緯度": 34.072392, "経度": 134.503679, "url": "https://www.iryou.teikyouseido.mhlw.go.jp/znk-web/juminkanja/S2430/initialize?prefCd=36&kikanCd=102801&kikanKbn=5", "url2": "http://apispharma.com/arugo.html", "内容": "アルゴ薬局【5:薬局】徳島県徳島市鮎喰町１丁目５８ー１　原塚ビル１階" }, "geometry": { "type": "Point", "coordinates": [ 134.503679, 34.072392 ] } },
{ "type": "Feature", "properties": { "ID": "365103001", "正式名称": "よしたけ調剤薬局北島店", "機関区分": 5, "都道府県コード": 36, "市区町村コード": 402, "所在地": "徳島県板野郡北島町中村字城屋敷１９番地１２", "緯度": 34.131599, "経度": 134.548484, "url": "https://www.iryou.teikyouseido.mhlw.go.jp/znk-web/juminkanja/S2430/initialize?prefCd=36&kikanCd=103001&kikanKbn=5", "url2": "https://yoshitakeph.com", "内容": "よしたけ調剤薬局北島店【5:薬局】徳島県板野郡北島町中村字城屋敷１９番地１２" }, "geometry": { "type": "Point", "coordinates": [ 134.548484, 34.131599 ] } },
{ "type": "Feature", "properties": { "ID": "365103101", "正式名称": "マーブル調剤薬局", "機関区分": 5, "都道府県コード": 36, "市区町村コード": 405, "所在地": "徳島県板野郡上板町椎本字亀ノ本３１５－３", "緯度": 34.119512, "経度": 134.434596, "url": "https://www.iryou.teikyouseido.mhlw.go.jp/znk-web/juminkanja/S2430/initialize?prefCd=36&kikanCd=103101&kikanKbn=5", "url2": "http://shikocyo.com/", "内容": "マーブル調剤薬局【5:薬局】徳島県板野郡上板町椎本字亀ノ本３１５－３" }, "geometry": { "type": "Point", "coordinates": [ 134.434596, 34.119512 ] } },
{ "type": "Feature", "properties": { "ID": "365103301", "正式名称": "ハッピー薬局", "機関区分": 5, "都道府県コード": 36, "市区町村コード": 201, "所在地": "徳島県徳島市富田橋１丁目２９", "緯度": 34.065006, "経度": 134.553322, "url": "https://www.iryou.teikyouseido.mhlw.go.jp/znk-web/juminkanja/S2430/initialize?prefCd=36&kikanCd=103301&kikanKbn=5", "url2": "http://apispharma.com/", "内容": "ハッピー薬局【5:薬局】徳島県徳島市富田橋１丁目２９" }, "geometry": { "type": "Point", "coordinates": [ 134.553322, 34.065006 ] } },
{ "type": "Feature", "properties": { "ID": "365103401", "正式名称": "ファルコ薬局　蔵本店", "機関区分": 5, "都道府県コード": 36, "市区町村コード": 201, "所在地": "徳島県徳島市蔵本町２丁目２２番地４", "緯度": 34.077466, "経度": 134.518475, "url": "https://www.iryou.teikyouseido.mhlw.go.jp/znk-web/juminkanja/S2430/initialize?prefCd=36&kikanCd=103401&kikanKbn=5", "url2": "http://www.falco-pharm.co.jp/", "内容": "ファルコ薬局　蔵本店【5:薬局】徳島県徳島市蔵本町２丁目２２番地４" }, "geometry": { "type": "Point", "coordinates": [ 134.518475, 34.077466 ] } },
{ "type": "Feature", "properties": { "ID": "365103501", "正式名称": "森の熊さん調剤薬局", "機関区分": 5, "都道府県コード": 36, "市区町村コード": 201, "所在地": "徳島県徳島市出来島本町３ー５", "緯度": 34.078887, "経度": 134.545025, "url": "https://www.iryou.teikyouseido.mhlw.go.jp/znk-web/juminkanja/S2430/initialize?prefCd=36&kikanCd=103501&kikanKbn=5", "url2": null, "内容": "森の熊さん調剤薬局【5:薬局】徳島県徳島市出来島本町３ー５" }, "geometry": { "type": "Point", "coordinates": [ 134.545025, 34.078887 ] } },
{ "type": "Feature", "properties": { "ID": "365103601", "正式名称": "エンゼル調剤薬局　徳島駅前店", "機関区分": 5, "都道府県コード": 36, "市区町村コード": 201, "所在地": "徳島県徳島市寺島本町西１ー３８", "緯度": 34.074781, "経度": 134.548847, "url": "https://www.iryou.teikyouseido.mhlw.go.jp/znk-web/juminkanja/S2430/initialize?prefCd=36&kikanCd=103601&kikanKbn=5", "url2": "https://angel-dp.jp", "内容": "エンゼル調剤薬局　徳島駅前店【5:薬局】徳島県徳島市寺島本町西１ー３８" }, "geometry": { "type": "Point", "coordinates": [ 134.548847, 34.074781 ] } },
{ "type": "Feature", "properties": { "ID": "365103701", "正式名称": "レデイ薬局　庄町店", "機関区分": 5, "都道府県コード": 36, "市区町村コード": 201, "所在地": "徳島県徳島市庄町五丁目６番地１", "緯度": 34.07186, "経度": 134.505794, "url": "https://www.iryou.teikyouseido.mhlw.go.jp/znk-web/juminkanja/S2430/initialize?prefCd=36&kikanCd=103701&kikanKbn=5", "url2": "https://www.lady-drug.co.jp/", "内容": "レデイ薬局　庄町店【5:薬局】徳島県徳島市庄町五丁目６番地１" }, "geometry": { "type": "Point", "coordinates": [ 134.505794, 34.07186 ] } },
{ "type": "Feature", "properties": { "ID": "365103801", "正式名称": "エンゼル調剤薬局　鳴門店", "機関区分": 5, "都道府県コード": 36, "市区町村コード": 202, "所在地": "徳島県鳴門市撫養町黒崎字松島６番地１５", "緯度": 34.192898, "経度": 134.597803, "url": "https://www.iryou.teikyouseido.mhlw.go.jp/znk-web/juminkanja/S2430/initialize?prefCd=36&kikanCd=103801&kikanKbn=5", "url2": "https://angel-dp.jp/", "内容": "エンゼル調剤薬局　鳴門店【5:薬局】徳島県鳴門市撫養町黒崎字松島６番地１５" }, "geometry": { "type": "Point", "coordinates": [ 134.597803, 34.192898 ] } },
{ "type": "Feature", "properties": { "ID": "365103901", "正式名称": "新浜調剤薬局", "機関区分": 5, "都道府県コード": 36, "市区町村コード": 201, "所在地": "徳島県徳島市西新浜町１丁目２９", "緯度": 34.04321, "経度": 134.557457, "url": "https://www.iryou.teikyouseido.mhlw.go.jp/znk-web/juminkanja/S2430/initialize?prefCd=36&kikanCd=103901&kikanKbn=5", "url2": "https://www.global-assist.jp/", "内容": "新浜調剤薬局【5:薬局】徳島県徳島市西新浜町１丁目２９" }, "geometry": { "type": "Point", "coordinates": [ 134.557457, 34.04321 ] } },
{ "type": "Feature", "properties": { "ID": "365104001", "正式名称": "スマイル調剤薬局　阿波店", "機関区分": 5, "都道府県コード": 36, "市区町村コード": 206, "所在地": "徳島県阿波市阿波町大原７７ー２", "緯度": 34.078609, "経度": 134.246813, "url": "https://www.iryou.teikyouseido.mhlw.go.jp/znk-web/juminkanja/S2430/initialize?prefCd=36&kikanCd=104001&kikanKbn=5", "url2": "https://www.smile-group.jp", "内容": "スマイル調剤薬局　阿波店【5:薬局】徳島県阿波市阿波町大原７７ー２" }, "geometry": { "type": "Point", "coordinates": [ 134.246813, 34.078609 ] } },
{ "type": "Feature", "properties": { "ID": "365104201", "正式名称": "キリン堂薬局　小松島店", "機関区分": 5, "都道府県コード": 36, "市区町村コード": 203, "所在地": "徳島県小松島市中田町字原ノ下２ー１", "緯度": 34.014515, "経度": 134.58035, "url": "https://www.iryou.teikyouseido.mhlw.go.jp/znk-web/juminkanja/S2430/initialize?prefCd=36&kikanCd=104201&kikanKbn=5", "url2": null, "内容": "キリン堂薬局　小松島店【5:薬局】徳島県小松島市中田町字原ノ下２ー１" }, "geometry": { "type": "Point", "coordinates": [ 134.58035, 34.014515 ] } },
{ "type": "Feature", "properties": { "ID": "365104301", "正式名称": "おおざと薬局　坂野店", "機関区分": 5, "都道府県コード": 36, "市区町村コード": 203, "所在地": "徳島県小松島市坂野町字平田２１ー５", "緯度": 33.97924, "経度": 134.631927, "url": "https://www.iryou.teikyouseido.mhlw.go.jp/znk-web/juminkanja/S2430/initialize?prefCd=36&kikanCd=104301&kikanKbn=5", "url2": null, "内容": "おおざと薬局　坂野店【5:薬局】徳島県小松島市坂野町字平田２１ー５" }, "geometry": { "type": "Point", "coordinates": [ 134.631927, 33.97924 ] } },
{ "type": "Feature", "properties": { "ID": "365104401", "正式名称": "トマト調剤薬局　勝浦店", "機関区分": 5, "都道府県コード": 36, "市区町村コード": 301, "所在地": "徳島県勝浦郡勝浦町棚野字鴻畑１８番地４", "緯度": 33.89332, "経度": 134.460652, "url": "https://www.iryou.teikyouseido.mhlw.go.jp/znk-web/juminkanja/S2430/initialize?prefCd=36&kikanCd=104401&kikanKbn=5", "url2": "https://releap.co.jp/", "内容": "トマト調剤薬局　勝浦店【5:薬局】徳島県勝浦郡勝浦町棚野字鴻畑１８番地４" }, "geometry": { "type": "Point", "coordinates": [ 134.460652, 33.89332 ] } },
{ "type": "Feature", "properties": { "ID": "365104501", "正式名称": "ひかり薬局　中島田店", "機関区分": 5, "都道府県コード": 36, "市区町村コード": 201, "所在地": "徳島県徳島市中島田町３丁目６０－１", "緯度": 34.083738, "経度": 134.510994, "url": "https://www.iryou.teikyouseido.mhlw.go.jp/znk-web/juminkanja/S2430/initialize?prefCd=36&kikanCd=104501&kikanKbn=5", "url2": "http://www.shikoku-ms.com", "内容": "ひかり薬局　中島田店【5:薬局】徳島県徳島市中島田町３丁目６０－１" }, "geometry": { "type": "Point", "coordinates": [ 134.510994, 34.083738 ] } },
{ "type": "Feature", "properties": { "ID": "365104601", "正式名称": "佐古二番町調剤薬局", "機関区分": 5, "都道府県コード": 36, "市区町村コード": 201, "所在地": "徳島県徳島市佐古二番町５番１１号", "緯度": 34.077175, "経度": 134.538474, "url": "https://www.iryou.teikyouseido.mhlw.go.jp/znk-web/juminkanja/S2430/initialize?prefCd=36&kikanCd=104601&kikanKbn=5", "url2": "https://www.global-assist.jp/", "内容": "佐古二番町調剤薬局【5:薬局】徳島県徳島市佐古二番町５番１１号" }, "geometry": { "type": "Point", "coordinates": [ 134.538474, 34.077175 ] } },
{ "type": "Feature", "properties": { "ID": "365104701", "正式名称": "キリン堂薬局　田宮店", "機関区分": 5, "都道府県コード": 36, "市区町村コード": 201, "所在地": "徳島県徳島市北田宮１ー３ー５", "緯度": 34.086832, "経度": 134.545678, "url": "https://www.iryou.teikyouseido.mhlw.go.jp/znk-web/juminkanja/S2430/initialize?prefCd=36&kikanCd=104701&kikanKbn=5", "url2": null, "内容": "キリン堂薬局　田宮店【5:薬局】徳島県徳島市北田宮１ー３ー５" }, "geometry": { "type": "Point", "coordinates": [ 134.545678, 34.086832 ] } },
{ "type": "Feature", "properties": { "ID": "365104801", "正式名称": "ファルコ薬局　徳島駅前店", "機関区分": 5, "都道府県コード": 36, "市区町村コード": 201, "所在地": "徳島県徳島市一番町２丁目１２番地", "緯度": 34.072359, "経度": 134.551847, "url": "https://www.iryou.teikyouseido.mhlw.go.jp/znk-web/juminkanja/S2430/initialize?prefCd=36&kikanCd=104801&kikanKbn=5", "url2": "http://www.falco-pharm.co.jp/", "内容": "ファルコ薬局　徳島駅前店【5:薬局】徳島県徳島市一番町２丁目１２番地" }, "geometry": { "type": "Point", "coordinates": [ 134.551847, 34.072359 ] } },
{ "type": "Feature", "properties": { "ID": "365104901", "正式名称": "鈴鈴薬局", "機関区分": 5, "都道府県コード": 36, "市区町村コード": 201, "所在地": "徳島県徳島市庄町４丁目５", "緯度": 34.072817, "経度": 134.508868, "url": "https://www.iryou.teikyouseido.mhlw.go.jp/znk-web/juminkanja/S2430/initialize?prefCd=36&kikanCd=104901&kikanKbn=5", "url2": "http://rinrin-pharmacy.com", "内容": "鈴鈴薬局【5:薬局】徳島県徳島市庄町４丁目５" }, "geometry": { "type": "Point", "coordinates": [ 134.508868, 34.072817 ] } },
{ "type": "Feature", "properties": { "ID": "365105001", "正式名称": "ありす調剤薬局　蔵本元町店", "機関区分": 5, "都道府県コード": 36, "市区町村コード": 201, "所在地": "徳島県徳島市蔵本元町２丁目４０番地７", "緯度": 34.079314, "経度": 134.516339, "url": "https://www.iryou.teikyouseido.mhlw.go.jp/znk-web/juminkanja/S2430/initialize?prefCd=36&kikanCd=105001&kikanKbn=5", "url2": "http://add-alice.com", "内容": "ありす調剤薬局　蔵本元町店【5:薬局】徳島県徳島市蔵本元町２丁目４０番地７" }, "geometry": { "type": "Point", "coordinates": [ 134.516339, 34.079314 ] } },
{ "type": "Feature", "properties": { "ID": "365105101", "正式名称": "城南調剤薬局", "機関区分": 5, "都道府県コード": 36, "市区町村コード": 201, "所在地": "徳島県徳島市丈六町八万免８５－８", "緯度": 34.011388, "経度": 134.548862, "url": "https://www.iryou.teikyouseido.mhlw.go.jp/znk-web/juminkanja/S2430/initialize?prefCd=36&kikanCd=105101&kikanKbn=5", "url2": null, "内容": "城南調剤薬局【5:薬局】徳島県徳島市丈六町八万免８５－８" }, "geometry": { "type": "Point", "coordinates": [ 134.548862, 34.011388 ] } },
{ "type": "Feature", "properties": { "ID": "365105201", "正式名称": "つるがや薬局", "機関区分": 5, "都道府県コード": 36, "市区町村コード": 201, "所在地": "徳島県徳島市大道１－５－１", "緯度": 34.067045, "経度": 134.547606, "url": "https://www.iryou.teikyouseido.mhlw.go.jp/znk-web/juminkanja/S2430/initialize?prefCd=36&kikanCd=105201&kikanKbn=5", "url2": "http://tsurugaya-pharmacy.com/", "内容": "つるがや薬局【5:薬局】徳島県徳島市大道１－５－１" }, "geometry": { "type": "Point", "coordinates": [ 134.547606, 34.067045 ] } },
{ "type": "Feature", "properties": { "ID": "365105401", "正式名称": "すみれ調剤薬局　なのは店", "機関区分": 5, "都道府県コード": 36, "市区町村コード": 201, "所在地": "徳島県徳島市佐古二番町２ー１３", "緯度": 34.076525, "経度": 134.537037, "url": "https://www.iryou.teikyouseido.mhlw.go.jp/znk-web/juminkanja/S2430/initialize?prefCd=36&kikanCd=105401&kikanKbn=5", "url2": "http://f-pharmacy.jp/", "内容": "すみれ調剤薬局　なのは店【5:薬局】徳島県徳島市佐古二番町２ー１３" }, "geometry": { "type": "Point", "coordinates": [ 134.537037, 34.076525 ] } },
{ "type": "Feature", "properties": { "ID": "365105701", "正式名称": "県庁前サザン薬局", "機関区分": 5, "都道府県コード": 36, "市区町村コード": 201, "所在地": "徳島県徳島市昭和町１丁目２２ー１", "緯度": 34.06491, "経度": 134.55844, "url": "https://www.iryou.teikyouseido.mhlw.go.jp/znk-web/juminkanja/S2430/initialize?prefCd=36&kikanCd=105701&kikanKbn=5", "url2": "http://southern-ph.co.jp/", "内容": "県庁前サザン薬局【5:薬局】徳島県徳島市昭和町１丁目２２ー１" }, "geometry": { "type": "Point", "coordinates": [ 134.55844, 34.06491 ] } },
{ "type": "Feature", "properties": { "ID": "365105801", "正式名称": "ぐんも調剤薬局", "機関区分": 5, "都道府県コード": 36, "市区町村コード": 201, "所在地": "徳島県徳島市八万町大坪１７７ー６", "緯度": 34.04605, "経度": 134.52833, "url": "https://www.iryou.teikyouseido.mhlw.go.jp/znk-web/juminkanja/S2430/initialize?prefCd=36&kikanCd=105801&kikanKbn=5", "url2": null, "内容": "ぐんも調剤薬局【5:薬局】徳島県徳島市八万町大坪１７７ー６" }, "geometry": { "type": "Point", "coordinates": [ 134.52833, 34.04605 ] } },
{ "type": "Feature", "properties": { "ID": "365105901", "正式名称": "トマト調剤薬局　八万店", "機関区分": 5, "都道府県コード": 36, "市区町村コード": 201, "所在地": "徳島県徳島市八万町大野１１８－１", "緯度": 34.042967, "経度": 134.551405, "url": "https://www.iryou.teikyouseido.mhlw.go.jp/znk-web/juminkanja/S2430/initialize?prefCd=36&kikanCd=105901&kikanKbn=5", "url2": "https://releap.co.jp/", "内容": "トマト調剤薬局　八万店【5:薬局】徳島県徳島市八万町大野１１８－１" }, "geometry": { "type": "Point", "coordinates": [ 134.551405, 34.042967 ] } },
{ "type": "Feature", "properties": { "ID": "365106001", "正式名称": "天心堂薬局", "機関区分": 5, "都道府県コード": 36, "市区町村コード": 201, "所在地": "徳島県徳島市八万町", "緯度": 34.038673, "経度": 134.537248, "url": "https://www.iryou.teikyouseido.mhlw.go.jp/znk-web/juminkanja/S2430/initialize?prefCd=36&kikanCd=106001&kikanKbn=5", "url2": null, "内容": "天心堂薬局【5:薬局】徳島県徳島市八万町" }, "geometry": { "type": "Point", "coordinates": [ 134.537248, 34.038673 ] } },
{ "type": "Feature", "properties": { "ID": "365106101", "正式名称": "ひかり薬局　南島田店", "機関区分": 5, "都道府県コード": 36, "市区町村コード": 201, "所在地": "徳島県徳島市南島田町５４－１", "緯度": 34.079212, "経度": 134.505533, "url": "https://www.iryou.teikyouseido.mhlw.go.jp/znk-web/juminkanja/S2430/initialize?prefCd=36&kikanCd=106101&kikanKbn=5", "url2": "http://www.shikoku-ms.com", "内容": "ひかり薬局　南島田店【5:薬局】徳島県徳島市南島田町５４－１" }, "geometry": { "type": "Point", "coordinates": [ 134.505533, 34.079212 ] } },
{ "type": "Feature", "properties": { "ID": "365106201", "正式名称": "加地薬局　南店", "機関区分": 5, "都道府県コード": 36, "市区町村コード": 201, "所在地": "徳島県徳島市勝占町下河原３０", "緯度": 34.019276, "経度": 134.555139, "url": "https://www.iryou.teikyouseido.mhlw.go.jp/znk-web/juminkanja/S2430/initialize?prefCd=36&kikanCd=106201&kikanKbn=5", "url2": "http://www.kaji-ph.com", "内容": "加地薬局　南店【5:薬局】徳島県徳島市勝占町下河原３０" }, "geometry": { "type": "Point", "coordinates": [ 134.555139, 34.019276 ] } },
{ "type": "Feature", "properties": { "ID": "365106401", "正式名称": "ひかり漢方薬局", "機関区分": 5, "都道府県コード": 36, "市区町村コード": 201, "所在地": "徳島県徳島市北島田町１丁目１４５", "緯度": 34.089246, "経度": 134.515209, "url": "https://www.iryou.teikyouseido.mhlw.go.jp/znk-web/juminkanja/S2430/initialize?prefCd=36&kikanCd=106401&kikanKbn=5", "url2": "http://www.shikoku-ms.com", "内容": "ひかり漢方薬局【5:薬局】徳島県徳島市北島田町１丁目１４５" }, "geometry": { "type": "Point", "coordinates": [ 134.515209, 34.089246 ] } },
{ "type": "Feature", "properties": { "ID": "365106501", "正式名称": "足立薬局", "機関区分": 5, "都道府県コード": 36, "市区町村コード": 201, "所在地": "徳島県徳島市八万町大坪１７３－７", "緯度": 34.046286, "経度": 134.52836, "url": "https://www.iryou.teikyouseido.mhlw.go.jp/znk-web/juminkanja/S2430/initialize?prefCd=36&kikanCd=106501&kikanKbn=5", "url2": null, "内容": "足立薬局【5:薬局】徳島県徳島市八万町大坪１７３－７" }, "geometry": { "type": "Point", "coordinates": [ 134.52836, 34.046286 ] } },
{ "type": "Feature", "properties": { "ID": "365106601", "正式名称": "サクライ薬局", "機関区分": 5, "都道府県コード": 36, "市区町村コード": 201, "所在地": "徳島県徳島市八万町　川南１４５番地７", "緯度": 34.044695, "経度": 134.54184, "url": "https://www.iryou.teikyouseido.mhlw.go.jp/znk-web/juminkanja/S2430/initialize?prefCd=36&kikanCd=106601&kikanKbn=5", "url2": "https://sakuraihokenshitsu.official.jp/", "内容": "サクライ薬局【5:薬局】徳島県徳島市八万町　川南１４５番地７" }, "geometry": { "type": "Point", "coordinates": [ 134.54184, 34.044695 ] } },
{ "type": "Feature", "properties": { "ID": "365106701", "正式名称": "コスモス調剤薬局", "機関区分": 5, "都道府県コード": 36, "市区町村コード": 201, "所在地": "徳島県徳島市助任本町３丁目２１－１", "緯度": 34.079683, "経度": 134.558279, "url": "https://www.iryou.teikyouseido.mhlw.go.jp/znk-web/juminkanja/S2430/initialize?prefCd=36&kikanCd=106701&kikanKbn=5", "url2": null, "内容": "コスモス調剤薬局【5:薬局】徳島県徳島市助任本町３丁目２１－１" }, "geometry": { "type": "Point", "coordinates": [ 134.558279, 34.079683 ] } },
{ "type": "Feature", "properties": { "ID": "365106801", "正式名称": "タキヤ薬局", "機関区分": 5, "都道府県コード": 36, "市区町村コード": 201, "所在地": "徳島県徳島市秋田町", "緯度": 34.06536, "経度": 134.549736, "url": "https://www.iryou.teikyouseido.mhlw.go.jp/znk-web/juminkanja/S2430/initialize?prefCd=36&kikanCd=106801&kikanKbn=5", "url2": null, "内容": "タキヤ薬局【5:薬局】徳島県徳島市秋田町" }, "geometry": { "type": "Point", "coordinates": [ 134.549736, 34.06536 ] } },
{ "type": "Feature", "properties": { "ID": "365107101", "正式名称": "ミマ薬局", "機関区分": 5, "都道府県コード": 36, "市区町村コード": 201, "所在地": "徳島県徳島市国府町府中２４２ー１７", "緯度": 34.073843, "経度": 134.481812, "url": "https://www.iryou.teikyouseido.mhlw.go.jp/znk-web/juminkanja/S2430/initialize?prefCd=36&kikanCd=107101&kikanKbn=5", "url2": null, "内容": "ミマ薬局【5:薬局】徳島県徳島市国府町府中２４２ー１７" }, "geometry": { "type": "Point", "coordinates": [ 134.481812, 34.073843 ] } },
{ "type": "Feature", "properties": { "ID": "365107201", "正式名称": "藤村薬局", "機関区分": 5, "都道府県コード": 36, "市区町村コード": 201, "所在地": "徳島県徳島市中島田町２丁目５６", "緯度": 34.083975, "経度": 134.512926, "url": "https://www.iryou.teikyouseido.mhlw.go.jp/znk-web/juminkanja/S2430/initialize?prefCd=36&kikanCd=107201&kikanKbn=5", "url2": "https://www.fujimura-yakusou.com", "内容": "藤村薬局【5:薬局】徳島県徳島市中島田町２丁目５６" }, "geometry": { "type": "Point", "coordinates": [ 134.512926, 34.083975 ] } },
{ "type": "Feature", "properties": { "ID": "365107301", "正式名称": "オブリージュ調剤薬局", "機関区分": 5, "都道府県コード": 36, "市区町村コード": 201, "所在地": "徳島県徳島市川内町大松８０２－４", "緯度": 34.122092, "経度": 134.574432, "url": "https://www.iryou.teikyouseido.mhlw.go.jp/znk-web/juminkanja/S2430/initialize?prefCd=36&kikanCd=107301&kikanKbn=5", "url2": "http://55web.jp/oblige", "内容": "オブリージュ調剤薬局【5:薬局】徳島県徳島市川内町大松８０２－４" }, "geometry": { "type": "Point", "coordinates": [ 134.574432, 34.122092 ] } },
{ "type": "Feature", "properties": { "ID": "365107501", "正式名称": "ありす調剤薬局　南島田店", "機関区分": 5, "都道府県コード": 36, "市区町村コード": 201, "所在地": "徳島県徳島市南島田町２丁目９７番７", "緯度": 34.080754, "経度": 134.513337, "url": "https://www.iryou.teikyouseido.mhlw.go.jp/znk-web/juminkanja/S2430/initialize?prefCd=36&kikanCd=107501&kikanKbn=5", "url2": "https://add-alice.com", "内容": "ありす調剤薬局　南島田店【5:薬局】徳島県徳島市南島田町２丁目９７番７" }, "geometry": { "type": "Point", "coordinates": [ 134.513337, 34.080754 ] } },
{ "type": "Feature", "properties": { "ID": "365107601", "正式名称": "そよかぜ薬局", "機関区分": 5, "都道府県コード": 36, "市区町村コード": 201, "所在地": "徳島県徳島市下助任町４丁目５７－２", "緯度": 34.083389, "経度": 134.549406, "url": "https://www.iryou.teikyouseido.mhlw.go.jp/znk-web/juminkanja/S2430/initialize?prefCd=36&kikanCd=107601&kikanKbn=5", "url2": "http://www.support-dp.jp/", "内容": "そよかぜ薬局【5:薬局】徳島県徳島市下助任町４丁目５７－２" }, "geometry": { "type": "Point", "coordinates": [ 134.549406, 34.083389 ] } },
{ "type": "Feature", "properties": { "ID": "365107701", "正式名称": "ありす調剤薬局　蔵本１丁目店", "機関区分": 5, "都道府県コード": 36, "市区町村コード": 201, "所在地": "徳島県徳島市蔵本町１丁目５ー１", "緯度": 34.07791, "経度": 134.519964, "url": "https://www.iryou.teikyouseido.mhlw.go.jp/znk-web/juminkanja/S2430/initialize?prefCd=36&kikanCd=107701&kikanKbn=5", "url2": "https://add-alice.com/", "内容": "ありす調剤薬局　蔵本１丁目店【5:薬局】徳島県徳島市蔵本町１丁目５ー１" }, "geometry": { "type": "Point", "coordinates": [ 134.519964, 34.07791 ] } },
{ "type": "Feature", "properties": { "ID": "365107801", "正式名称": "日本調剤　佐古薬局", "機関区分": 5, "都道府県コード": 36, "市区町村コード": 201, "所在地": "徳島県徳島市佐古八番町２番１８ー１号", "緯度": 34.077205, "経度": 134.521924, "url": "https://www.iryou.teikyouseido.mhlw.go.jp/znk-web/juminkanja/S2430/initialize?prefCd=36&kikanCd=107801&kikanKbn=5", "url2": "https://www.nicho.co.jp/", "内容": "日本調剤　佐古薬局【5:薬局】徳島県徳島市佐古八番町２番１８ー１号" }, "geometry": { "type": "Point", "coordinates": [ 134.521924, 34.077205 ] } },
{ "type": "Feature", "properties": { "ID": "365107901", "正式名称": "こやだいら薬局　板野店", "機関区分": 5, "都道府県コード": 36, "市区町村コード": 404, "所在地": "徳島県板野郡板野町犬伏鶴畑３９ー１", "緯度": 34.139307, "経度": 134.454616, "url": "https://www.iryou.teikyouseido.mhlw.go.jp/znk-web/juminkanja/S2430/initialize?prefCd=36&kikanCd=107901&kikanKbn=5", "url2": "https://npoyamayaku.main.jp", "内容": "こやだいら薬局　板野店【5:薬局】徳島県板野郡板野町犬伏鶴畑３９ー１" }, "geometry": { "type": "Point", "coordinates": [ 134.454616, 34.139307 ] } },
{ "type": "Feature", "properties": { "ID": "365108001", "正式名称": "しん調剤薬局", "機関区分": 5, "都道府県コード": 36, "市区町村コード": 402, "所在地": "徳島県板野郡北島町高房字勝瑞境４５ー２５", "緯度": 34.129244, "経度": 134.530147, "url": "https://www.iryou.teikyouseido.mhlw.go.jp/znk-web/juminkanja/S2430/initialize?prefCd=36&kikanCd=108001&kikanKbn=5", "url2": null, "内容": "しん調剤薬局【5:薬局】徳島県板野郡北島町高房字勝瑞境４５ー２５" }, "geometry": { "type": "Point", "coordinates": [ 134.530147, 34.129244 ] } },
{ "type": "Feature", "properties": { "ID": "365108101", "正式名称": "アップル調剤薬局　福島店", "機関区分": 5, "都道府県コード": 36, "市区町村コード": 201, "所在地": "徳島県徳島市福島２丁目５番５６号", "緯度": 34.068859, "経度": 134.567321, "url": "https://www.iryou.teikyouseido.mhlw.go.jp/znk-web/juminkanja/S2430/initialize?prefCd=36&kikanCd=108101&kikanKbn=5", "url2": "http://www.apple-pharmacy.jp", "内容": "アップル調剤薬局　福島店【5:薬局】徳島県徳島市福島２丁目５番５６号" }, "geometry": { "type": "Point", "coordinates": [ 134.567321, 34.068859 ] } },
{ "type": "Feature", "properties": { "ID": "365108201", "正式名称": "よつば薬局", "機関区分": 5, "都道府県コード": 36, "市区町村コード": 402, "所在地": "徳島県板野郡北島町中村字上地３０－２", "緯度": 34.124836, "経度": 134.547368, "url": "https://www.iryou.teikyouseido.mhlw.go.jp/znk-web/juminkanja/S2430/initialize?prefCd=36&kikanCd=108201&kikanKbn=5", "url2": "http://www.support-dp.jp", "内容": "よつば薬局【5:薬局】徳島県板野郡北島町中村字上地３０－２" }, "geometry": { "type": "Point", "coordinates": [ 134.547368, 34.124836 ] } },
{ "type": "Feature", "properties": { "ID": "365108301", "正式名称": "スマイル調剤薬局", "機関区分": 5, "都道府県コード": 36, "市区町村コード": 402, "所在地": "徳島県板野郡北島町高房字八丁野西３９－２６", "緯度": 34.13259, "経度": 134.537635, "url": "https://www.iryou.teikyouseido.mhlw.go.jp/znk-web/juminkanja/S2430/initialize?prefCd=36&kikanCd=108301&kikanKbn=5", "url2": "https://www.smile-group.jp", "内容": "スマイル調剤薬局【5:薬局】徳島県板野郡北島町高房字八丁野西３９－２６" }, "geometry": { "type": "Point", "coordinates": [ 134.537635, 34.13259 ] } },
{ "type": "Feature", "properties": { "ID": "365108401", "正式名称": "イオン薬局イオンスタイル徳島", "機関区分": 5, "都道府県コード": 36, "市区町村コード": 201, "所在地": "徳島県徳島市南末広町４番１号", "緯度": 34.062816, "経度": 134.574053, "url": "https://www.iryou.teikyouseido.mhlw.go.jp/znk-web/juminkanja/S2430/initialize?prefCd=36&kikanCd=108401&kikanKbn=5", "url2": null, "内容": "イオン薬局イオンスタイル徳島【5:薬局】徳島県徳島市南末広町４番１号" }, "geometry": { "type": "Point", "coordinates": [ 134.574053, 34.062816 ] } },
{ "type": "Feature", "properties": { "ID": "365108501", "正式名称": "のぞみ薬局", "機関区分": 5, "都道府県コード": 36, "市区町村コード": 341, "所在地": "徳島県名西郡石井町高川原字高川原２１７６ー１", "緯度": 34.080934, "経度": 134.446195, "url": "https://www.iryou.teikyouseido.mhlw.go.jp/znk-web/juminkanja/S2430/initialize?prefCd=36&kikanCd=108501&kikanKbn=5", "url2": "https://www.support-dp.jp/", "内容": "のぞみ薬局【5:薬局】徳島県名西郡石井町高川原字高川原２１７６ー１" }, "geometry": { "type": "Point", "coordinates": [ 134.446195, 34.080934 ] } },
{ "type": "Feature", "properties": { "ID": "365108601", "正式名称": "庄野薬局", "機関区分": 5, "都道府県コード": 36, "市区町村コード": 201, "所在地": "徳島県徳島市中昭和町３丁目１５－１０", "緯度": 34.060874, "経度": 134.558513, "url": "https://www.iryou.teikyouseido.mhlw.go.jp/znk-web/juminkanja/S2430/initialize?prefCd=36&kikanCd=108601&kikanKbn=5", "url2": null, "内容": "庄野薬局【5:薬局】徳島県徳島市中昭和町３丁目１５－１０" }, "geometry": { "type": "Point", "coordinates": [ 134.558513, 34.060874 ] } },
{ "type": "Feature", "properties": { "ID": "365108701", "正式名称": "アップル調剤薬局　蔵本駅前店", "機関区分": 5, "都道府県コード": 36, "市区町村コード": 201, "所在地": "徳島県徳島市蔵本町２丁目２７番地２７番", "緯度": 34.07884, "経度": 134.518175, "url": "https://www.iryou.teikyouseido.mhlw.go.jp/znk-web/juminkanja/S2430/initialize?prefCd=36&kikanCd=108701&kikanKbn=5", "url2": "http://www.apple-pharmacy.jp", "内容": "アップル調剤薬局　蔵本駅前店【5:薬局】徳島県徳島市蔵本町２丁目２７番地２７番" }, "geometry": { "type": "Point", "coordinates": [ 134.518175, 34.07884 ] } },
{ "type": "Feature", "properties": { "ID": "365108801", "正式名称": "有限会社　郡茂薬局", "機関区分": 5, "都道府県コード": 36, "市区町村コード": 201, "所在地": "徳島県徳島市東新町２－６－２", "緯度": 34.069554, "経度": 134.548553, "url": "https://www.iryou.teikyouseido.mhlw.go.jp/znk-web/juminkanja/S2430/initialize?prefCd=36&kikanCd=108801&kikanKbn=5", "url2": null, "内容": "有限会社　郡茂薬局【5:薬局】徳島県徳島市東新町２－６－２" }, "geometry": { "type": "Point", "coordinates": [ 134.548553, 34.069554 ] } },
{ "type": "Feature", "properties": { "ID": "365108901", "正式名称": "隆成堂調剤薬局", "機関区分": 5, "都道府県コード": 36, "市区町村コード": 201, "所在地": "徳島県徳島市蔵本町２丁目２０番地", "緯度": 34.077514, "経度": 134.519102, "url": "https://www.iryou.teikyouseido.mhlw.go.jp/znk-web/juminkanja/S2430/initialize?prefCd=36&kikanCd=108901&kikanKbn=5", "url2": "https://www.smile-group.jp", "内容": "隆成堂調剤薬局【5:薬局】徳島県徳島市蔵本町２丁目２０番地" }, "geometry": { "type": "Point", "coordinates": [ 134.519102, 34.077514 ] } },
{ "type": "Feature", "properties": { "ID": "365109001", "正式名称": "オリオン調剤薬局　安宅店", "機関区分": 5, "都道府県コード": 36, "市区町村コード": 201, "所在地": "徳島県徳島市安宅１丁目７－２－２", "緯度": 34.070021, "経度": 134.570993, "url": "https://www.iryou.teikyouseido.mhlw.go.jp/znk-web/juminkanja/S2430/initialize?prefCd=36&kikanCd=109001&kikanKbn=5", "url2": "orion.aikotoba.jp", "内容": "オリオン調剤薬局　安宅店【5:薬局】徳島県徳島市安宅１丁目７－２－２" }, "geometry": { "type": "Point", "coordinates": [ 134.570993, 34.070021 ] } },
{ "type": "Feature", "properties": { "ID": "365109101", "正式名称": "加地薬局　眉山店", "機関区分": 5, "都道府県コード": 36, "市区町村コード": 201, "所在地": "徳島県徳島市大道２丁目３６", "緯度": 34.064645, "経度": 134.547076, "url": "https://www.iryou.teikyouseido.mhlw.go.jp/znk-web/juminkanja/S2430/initialize?prefCd=36&kikanCd=109101&kikanKbn=5", "url2": "http://www.kaji-ph.com", "内容": "加地薬局　眉山店【5:薬局】徳島県徳島市大道２丁目３６" }, "geometry": { "type": "Point", "coordinates": [ 134.547076, 34.064645 ] } },
{ "type": "Feature", "properties": { "ID": "365109201", "正式名称": "キリン堂薬局　昭和店", "機関区分": 5, "都道府県コード": 36, "市区町村コード": 201, "所在地": "徳島県徳島市昭和町５ー２３", "緯度": 34.06108, "経度": 134.562735, "url": "https://www.iryou.teikyouseido.mhlw.go.jp/znk-web/juminkanja/S2430/initialize?prefCd=36&kikanCd=109201&kikanKbn=5", "url2": null, "内容": "キリン堂薬局　昭和店【5:薬局】徳島県徳島市昭和町５ー２３" }, "geometry": { "type": "Point", "coordinates": [ 134.562735, 34.06108 ] } },
{ "type": "Feature", "properties": { "ID": "365109301", "正式名称": "サトウ薬局", "機関区分": 5, "都道府県コード": 36, "市区町村コード": 201, "所在地": "徳島県徳島市大和町１丁目２－１", "緯度": 34.067493, "経度": 134.569012, "url": "https://www.iryou.teikyouseido.mhlw.go.jp/znk-web/juminkanja/S2430/initialize?prefCd=36&kikanCd=109301&kikanKbn=5", "url2": null, "内容": "サトウ薬局【5:薬局】徳島県徳島市大和町１丁目２－１" }, "geometry": { "type": "Point", "coordinates": [ 134.569012, 34.067493 ] } },
{ "type": "Feature", "properties": { "ID": "365109401", "正式名称": "坂東大正堂薬局　国道店", "機関区分": 5, "都道府県コード": 36, "市区町村コード": 201, "所在地": "徳島県徳島市国府町和田字表１４ー５", "緯度": 34.072868, "経度": 134.489291, "url": "https://www.iryou.teikyouseido.mhlw.go.jp/znk-web/juminkanja/S2430/initialize?prefCd=36&kikanCd=109401&kikanKbn=5", "url2": "nasi", "内容": "坂東大正堂薬局　国道店【5:薬局】徳島県徳島市国府町和田字表１４ー５" }, "geometry": { "type": "Point", "coordinates": [ 134.489291, 34.072868 ] } },
{ "type": "Feature", "properties": { "ID": "365109501", "正式名称": "アイラ薬局", "機関区分": 5, "都道府県コード": 36, "市区町村コード": 201, "所在地": "徳島県徳島市助任橋４丁目１３番地３", "緯度": 34.081225, "経度": 134.560087, "url": "https://www.iryou.teikyouseido.mhlw.go.jp/znk-web/juminkanja/S2430/initialize?prefCd=36&kikanCd=109501&kikanKbn=5", "url2": "http://apispharma.com", "内容": "アイラ薬局【5:薬局】徳島県徳島市助任橋４丁目１３番地３" }, "geometry": { "type": "Point", "coordinates": [ 134.560087, 34.081225 ] } },
{ "type": "Feature", "properties": { "ID": "365109601", "正式名称": "あおぞら薬局　小松島店", "機関区分": 5, "都道府県コード": 36, "市区町村コード": 203, "所在地": "徳島県小松島市前原町字東３７ー４", "緯度": 34.01154, "経度": 134.56535, "url": "https://www.iryou.teikyouseido.mhlw.go.jp/znk-web/juminkanja/S2430/initialize?prefCd=36&kikanCd=109601&kikanKbn=5", "url2": null, "内容": "あおぞら薬局　小松島店【5:薬局】徳島県小松島市前原町字東３７ー４" }, "geometry": { "type": "Point", "coordinates": [ 134.56535, 34.01154 ] } },
{ "type": "Feature", "properties": { "ID": "365109701", "正式名称": "そうごう薬局　矢三店", "機関区分": 5, "都道府県コード": 36, "市区町村コード": 201, "所在地": "徳島県徳島市北矢三町３丁目３ー２７", "緯度": 34.088437, "経度": 134.519738, "url": "https://www.iryou.teikyouseido.mhlw.go.jp/znk-web/juminkanja/S2430/initialize?prefCd=36&kikanCd=109701&kikanKbn=5", "url2": "http://www.sogo-medical.co.jp", "内容": "そうごう薬局　矢三店【5:薬局】徳島県徳島市北矢三町３丁目３ー２７" }, "geometry": { "type": "Point", "coordinates": [ 134.519738, 34.088437 ] } },
{ "type": "Feature", "properties": { "ID": "365109801", "正式名称": "スマイル調剤薬局　佐古店", "機関区分": 5, "都道府県コード": 36, "市区町村コード": 201, "所在地": "徳島県徳島市佐古六番町７番４号", "緯度": 34.07843, "経度": 134.529096, "url": "https://www.iryou.teikyouseido.mhlw.go.jp/znk-web/juminkanja/S2430/initialize?prefCd=36&kikanCd=109801&kikanKbn=5", "url2": "https://www.smile-group.jp", "内容": "スマイル調剤薬局　佐古店【5:薬局】徳島県徳島市佐古六番町７番４号" }, "geometry": { "type": "Point", "coordinates": [ 134.529096, 34.07843 ] } },
{ "type": "Feature", "properties": { "ID": "365109901", "正式名称": "アップル調剤薬局　島田店", "機関区分": 5, "都道府県コード": 36, "市区町村コード": 201, "所在地": "徳島県徳島市北島田町１丁目５４‐１", "緯度": 34.083456, "経度": 134.517864, "url": "https://www.iryou.teikyouseido.mhlw.go.jp/znk-web/juminkanja/S2430/initialize?prefCd=36&kikanCd=109901&kikanKbn=5", "url2": "http://www.apple-pharmacy.jp", "内容": "アップル調剤薬局　島田店【5:薬局】徳島県徳島市北島田町１丁目５４‐１" }, "geometry": { "type": "Point", "coordinates": [ 134.517864, 34.083456 ] } },
{ "type": "Feature", "properties": { "ID": "365110001", "正式名称": "ひかり薬局　国府店", "機関区分": 5, "都道府県コード": 36, "市区町村コード": 201, "所在地": "徳島県徳島市国府町早淵字池久保３３－５", "緯度": 34.072382, "経度": 134.487419, "url": "https://www.iryou.teikyouseido.mhlw.go.jp/znk-web/juminkanja/S2430/initialize?prefCd=36&kikanCd=110001&kikanKbn=5", "url2": "http://www.shikoku-ms.com", "内容": "ひかり薬局　国府店【5:薬局】徳島県徳島市国府町早淵字池久保３３－５" }, "geometry": { "type": "Point", "coordinates": [ 134.487419, 34.072382 ] } },
{ "type": "Feature", "properties": { "ID": "365110101", "正式名称": "トマト調剤薬局　入田店", "機関区分": 5, "都道府県コード": 36, "市区町村コード": 201, "所在地": "徳島県徳島市入田町笠木２００番地の１", "緯度": 34.040841, "経度": 134.445088, "url": "https://www.iryou.teikyouseido.mhlw.go.jp/znk-web/juminkanja/S2430/initialize?prefCd=36&kikanCd=110101&kikanKbn=5", "url2": "https://releap.co.jp/", "内容": "トマト調剤薬局　入田店【5:薬局】徳島県徳島市入田町笠木２００番地の１" }, "geometry": { "type": "Point", "coordinates": [ 134.445088, 34.040841 ] } },
{ "type": "Feature", "properties": { "ID": "365110201", "正式名称": "さくら調剤薬局　末広店", "機関区分": 5, "都道府県コード": 36, "市区町村コード": 201, "所在地": "徳島県徳島市末広２丁目１８－１", "緯度": 34.065501, "経度": 134.572036, "url": "https://www.iryou.teikyouseido.mhlw.go.jp/znk-web/juminkanja/S2430/initialize?prefCd=36&kikanCd=110201&kikanKbn=5", "url2": "https://releap.co.jp/", "内容": "さくら調剤薬局　末広店【5:薬局】徳島県徳島市末広２丁目１８－１" }, "geometry": { "type": "Point", "coordinates": [ 134.572036, 34.065501 ] } },
{ "type": "Feature", "properties": { "ID": "365110301", "正式名称": "サンコー調剤薬局　直道店", "機関区分": 5, "都道府県コード": 36, "市区町村コード": 403, "所在地": "徳島県板野郡藍住町東中富字直道傍示６８－１", "緯度": 34.129148, "経度": 134.474311, "url": "https://www.iryou.teikyouseido.mhlw.go.jp/znk-web/juminkanja/S2430/initialize?prefCd=36&kikanCd=110301&kikanKbn=5", "url2": "http://shikocyo.com/", "内容": "サンコー調剤薬局　直道店【5:薬局】徳島県板野郡藍住町東中富字直道傍示６８－１" }, "geometry": { "type": "Point", "coordinates": [ 134.474311, 34.129148 ] } },
{ "type": "Feature", "properties": { "ID": "365110401", "正式名称": "井上調剤薬局　田宮店", "機関区分": 5, "都道府県コード": 36, "市区町村コード": 201, "所在地": "徳島県徳島市南田宮２丁目１－６６", "緯度": 34.08644, "経度": 134.543297, "url": "https://www.iryou.teikyouseido.mhlw.go.jp/znk-web/juminkanja/S2430/initialize?prefCd=36&kikanCd=110401&kikanKbn=5", "url2": "https://inouechozai.com/", "内容": "井上調剤薬局　田宮店【5:薬局】徳島県徳島市南田宮２丁目１－６６" }, "geometry": { "type": "Point", "coordinates": [ 134.543297, 34.08644 ] } },
{ "type": "Feature", "properties": { "ID": "365110501", "正式名称": "伊月調剤薬局", "機関区分": 5, "都道府県コード": 36, "市区町村コード": 201, "所在地": "徳島県徳島市中常三島町三丁目二十の一", "緯度": 34.078658, "経度": 134.564915, "url": "https://www.iryou.teikyouseido.mhlw.go.jp/znk-web/juminkanja/S2430/initialize?prefCd=36&kikanCd=110501&kikanKbn=5", "url2": null, "内容": "伊月調剤薬局【5:薬局】徳島県徳島市中常三島町三丁目二十の一" }, "geometry": { "type": "Point", "coordinates": [ 134.564915, 34.078658 ] } },
{ "type": "Feature", "properties": { "ID": "365110601", "正式名称": "エンゼル調剤薬局　津田店", "機関区分": 5, "都道府県コード": 36, "市区町村コード": 201, "所在地": "徳島県徳島市津田本町１丁目１３３３－１", "緯度": 34.051729, "経度": 134.577654, "url": "https://www.iryou.teikyouseido.mhlw.go.jp/znk-web/juminkanja/S2430/initialize?prefCd=36&kikanCd=110601&kikanKbn=5", "url2": "http://angel-dp.jp", "内容": "エンゼル調剤薬局　津田店【5:薬局】徳島県徳島市津田本町１丁目１３３３－１" }, "geometry": { "type": "Point", "coordinates": [ 134.577654, 34.051729 ] } },
{ "type": "Feature", "properties": { "ID": "365110701", "正式名称": "井上調剤薬局　城北店", "機関区分": 5, "都道府県コード": 36, "市区町村コード": 201, "所在地": "徳島県徳島市北矢三町３丁目３番４０号", "緯度": 34.088598, "経度": 134.520149, "url": "https://www.iryou.teikyouseido.mhlw.go.jp/znk-web/juminkanja/S2430/initialize?prefCd=36&kikanCd=110701&kikanKbn=5", "url2": null, "内容": "井上調剤薬局　城北店【5:薬局】徳島県徳島市北矢三町３丁目３番４０号" }, "geometry": { "type": "Point", "coordinates": [ 134.520149, 34.088598 ] } },
{ "type": "Feature", "properties": { "ID": "365110901", "正式名称": "アイン薬局　昭和町店", "機関区分": 5, "都道府県コード": 36, "市区町村コード": 201, "所在地": "徳島県徳島市昭和町７丁目３６", "緯度": 34.058435, "経度": 134.56769, "url": "https://www.iryou.teikyouseido.mhlw.go.jp/znk-web/juminkanja/S2430/initialize?prefCd=36&kikanCd=110901&kikanKbn=5", "url2": "https://www.ainj.co.jp", "内容": "アイン薬局　昭和町店【5:薬局】徳島県徳島市昭和町７丁目３６" }, "geometry": { "type": "Point", "coordinates": [ 134.56769, 34.058435 ] } },
{ "type": "Feature", "properties": { "ID": "365111001", "正式名称": "あすなろ調剤薬局　藍住", "機関区分": 5, "都道府県コード": 36, "市区町村コード": 403, "所在地": "徳島県板野郡藍住町徳命字元村１６３番１", "緯度": 34.117684, "経度": 134.491321, "url": "https://www.iryou.teikyouseido.mhlw.go.jp/znk-web/juminkanja/S2430/initialize?prefCd=36&kikanCd=111001&kikanKbn=5", "url2": null, "内容": "あすなろ調剤薬局　藍住【5:薬局】徳島県板野郡藍住町徳命字元村１６３番１" }, "geometry": { "type": "Point", "coordinates": [ 134.491321, 34.117684 ] } },
{ "type": "Feature", "properties": { "ID": "365111301", "正式名称": "ココロ調剤薬局　上板店", "機関区分": 5, "都道府県コード": 36, "市区町村コード": 405, "所在地": "徳島県板野郡上板町鍛冶屋字西北原１７ー１", "緯度": 34.119858, "経度": 134.39702, "url": "https://www.iryou.teikyouseido.mhlw.go.jp/znk-web/juminkanja/S2430/initialize?prefCd=36&kikanCd=111301&kikanKbn=5", "url2": null, "内容": "ココロ調剤薬局　上板店【5:薬局】徳島県板野郡上板町鍛冶屋字西北原１７ー１" }, "geometry": { "type": "Point", "coordinates": [ 134.39702, 34.119858 ] } },
{ "type": "Feature", "properties": { "ID": "365111401", "正式名称": "アイン薬局上八万店", "機関区分": 5, "都道府県コード": 36, "市区町村コード": 201, "所在地": "徳島県徳島市上八万町下中筋９０番１", "緯度": 34.037705, "経度": 134.512614, "url": "https://www.iryou.teikyouseido.mhlw.go.jp/znk-web/juminkanja/S2430/initialize?prefCd=36&kikanCd=111401&kikanKbn=5", "url2": "https://www.ainj.co.jp/", "内容": "アイン薬局上八万店【5:薬局】徳島県徳島市上八万町下中筋９０番１" }, "geometry": { "type": "Point", "coordinates": [ 134.512614, 34.037705 ] } },
{ "type": "Feature", "properties": { "ID": "365111501", "正式名称": "アイン薬局　中島田店", "機関区分": 5, "都道府県コード": 36, "市区町村コード": 201, "所在地": "徳島県徳島市中島田町３丁目６０－１", "緯度": 34.083812, "経度": 134.511198, "url": "https://www.iryou.teikyouseido.mhlw.go.jp/znk-web/juminkanja/S2430/initialize?prefCd=36&kikanCd=111501&kikanKbn=5", "url2": "http://www.ainj.co.jp", "内容": "アイン薬局　中島田店【5:薬局】徳島県徳島市中島田町３丁目６０－１" }, "geometry": { "type": "Point", "coordinates": [ 134.511198, 34.083812 ] } },
{ "type": "Feature", "properties": { "ID": "365111601", "正式名称": "西須賀調剤薬局", "機関区分": 5, "都道府県コード": 36, "市区町村コード": 201, "所在地": "徳島県徳島市西須賀町下中須８５番地６", "緯度": 34.032991, "経度": 134.54625, "url": "https://www.iryou.teikyouseido.mhlw.go.jp/znk-web/juminkanja/S2430/initialize?prefCd=36&kikanCd=111601&kikanKbn=5", "url2": "https://www.global-assist.jp/", "内容": "西須賀調剤薬局【5:薬局】徳島県徳島市西須賀町下中須８５番地６" }, "geometry": { "type": "Point", "coordinates": [ 134.54625, 34.032991 ] } },
{ "type": "Feature", "properties": { "ID": "365111701", "正式名称": "アイン薬局　北島店", "機関区分": 5, "都道府県コード": 36, "市区町村コード": 402, "所在地": "徳島県板野郡北島町中村字東堤内３２ー１", "緯度": 34.129357, "経度": 134.56327, "url": "https://www.iryou.teikyouseido.mhlw.go.jp/znk-web/juminkanja/S2430/initialize?prefCd=36&kikanCd=111701&kikanKbn=5", "url2": "https//www.ainj.co.jp", "内容": "アイン薬局　北島店【5:薬局】徳島県板野郡北島町中村字東堤内３２ー１" }, "geometry": { "type": "Point", "coordinates": [ 134.56327, 34.129357 ] } },
{ "type": "Feature", "properties": { "ID": "365111801", "正式名称": "ユニスマイル薬局　大野店", "機関区分": 5, "都道府県コード": 36, "市区町村コード": 201, "所在地": "徳島県徳島市八万町大野９１－３", "緯度": 1451420344800.0, "経度": 134.548086, "url": "https://www.iryou.teikyouseido.mhlw.go.jp/znk-web/juminkanja/S2430/initialize?prefCd=36&kikanCd=111801&kikanKbn=5", "url2": "https://unismile.co.jp/shop/ono/", "内容": "ユニスマイル薬局　大野店【5:薬局】徳島県徳島市八万町大野９１－３" }, "geometry": { "type": "Point", "coordinates": [ 134.548086, 1451420344800.0 ] } },
{ "type": "Feature", "properties": { "ID": "365111901", "正式名称": "Ｉ＆Ｈ吉野川薬局", "機関区分": 5, "都道府県コード": 36, "市区町村コード": 205, "所在地": "徳島県吉野川市鴨島町知恵島字西知恵島１２０", "緯度": 34.075295, "経度": 134.340962, "url": "https://www.iryou.teikyouseido.mhlw.go.jp/znk-web/juminkanja/S2430/initialize?prefCd=36&kikanCd=111901&kikanKbn=5", "url2": null, "内容": "Ｉ＆Ｈ吉野川薬局【5:薬局】徳島県吉野川市鴨島町知恵島字西知恵島１２０" }, "geometry": { "type": "Point", "coordinates": [ 134.340962, 34.075295 ] } },
{ "type": "Feature", "properties": { "ID": "365112001", "正式名称": "わかば薬局", "機関区分": 5, "都道府県コード": 36, "市区町村コード": 201, "所在地": "徳島県徳島市新浜町", "緯度": 34.0516, "経度": 134.570059, "url": "https://www.iryou.teikyouseido.mhlw.go.jp/znk-web/juminkanja/S2430/initialize?prefCd=36&kikanCd=112001&kikanKbn=5", "url2": null, "内容": "わかば薬局【5:薬局】徳島県徳島市新浜町" }, "geometry": { "type": "Point", "coordinates": [ 134.570059, 34.0516 ] } },
{ "type": "Feature", "properties": { "ID": "365112201", "正式名称": "三谷調剤薬局　佐古店", "機関区分": 5, "都道府県コード": 36, "市区町村コード": 201, "所在地": "徳島県徳島市佐古四番町１０番９号", "緯度": 34.079335, "経度": 134.532326, "url": "https://www.iryou.teikyouseido.mhlw.go.jp/znk-web/juminkanja/S2430/initialize?prefCd=36&kikanCd=112201&kikanKbn=5", "url2": "http://bon-arm.com/", "内容": "三谷調剤薬局　佐古店【5:薬局】徳島県徳島市佐古四番町１０番９号" }, "geometry": { "type": "Point", "coordinates": [ 134.532326, 34.079335 ] } },
{ "type": "Feature", "properties": { "ID": "365112301", "正式名称": "三谷調剤薬局　中昭和町店", "機関区分": 5, "都道府県コード": 36, "市区町村コード": 201, "所在地": "徳島県徳島市中昭和町３丁目９－２", "緯度": 34.061763, "経度": 134.558991, "url": "https://www.iryou.teikyouseido.mhlw.go.jp/znk-web/juminkanja/S2430/initialize?prefCd=36&kikanCd=112301&kikanKbn=5", "url2": "http://bon-arm.com/", "内容": "三谷調剤薬局　中昭和町店【5:薬局】徳島県徳島市中昭和町３丁目９－２" }, "geometry": { "type": "Point", "coordinates": [ 134.558991, 34.061763 ] } },
{ "type": "Feature", "properties": { "ID": "365112401", "正式名称": "門田薬局　住吉店", "機関区分": 5, "都道府県コード": 36, "市区町村コード": 201, "所在地": "徳島県徳島市住吉２ー１ー１７", "緯度": 34.078427, "経度": 134.568436, "url": "https://www.iryou.teikyouseido.mhlw.go.jp/znk-web/juminkanja/S2430/initialize?prefCd=36&kikanCd=112401&kikanKbn=5", "url2": "https://unismile.co.jp/", "内容": "門田薬局　住吉店【5:薬局】徳島県徳島市住吉２ー１ー１７" }, "geometry": { "type": "Point", "coordinates": [ 134.568436, 34.078427 ] } },
{ "type": "Feature", "properties": { "ID": "365112501", "正式名称": "三谷調剤薬局　藍住店", "機関区分": 5, "都道府県コード": 36, "市区町村コード": 403, "所在地": "徳島県板野郡藍住町奥野字和田１１８番８", "緯度": 34.120874, "経度": 134.494338, "url": "https://www.iryou.teikyouseido.mhlw.go.jp/znk-web/juminkanja/S2430/initialize?prefCd=36&kikanCd=112501&kikanKbn=5", "url2": "http://bon-arm.com/", "内容": "三谷調剤薬局　藍住店【5:薬局】徳島県板野郡藍住町奥野字和田１１８番８" }, "geometry": { "type": "Point", "coordinates": [ 134.494338, 34.120874 ] } },
{ "type": "Feature", "properties": { "ID": "365112701", "正式名称": "ユニスマイル薬局　中島田店", "機関区分": 5, "都道府県コード": 36, "市区町村コード": 201, "所在地": "徳島県徳島市中島田町　４丁目１番地３", "緯度": 34.081187, "経度": 134.509289, "url": "https://www.iryou.teikyouseido.mhlw.go.jp/znk-web/juminkanja/S2430/initialize?prefCd=36&kikanCd=112701&kikanKbn=5", "url2": "unismile.co.jp", "内容": "ユニスマイル薬局　中島田店【5:薬局】徳島県徳島市中島田町　４丁目１番地３" }, "geometry": { "type": "Point", "coordinates": [ 134.509289, 34.081187 ] } },
{ "type": "Feature", "properties": { "ID": "365112901", "正式名称": "アピス新町薬局", "機関区分": 5, "都道府県コード": 36, "市区町村コード": 201, "所在地": "徳島県徳島市西新町二丁目", "緯度": 34.072481, "経度": 134.54602, "url": "https://www.iryou.teikyouseido.mhlw.go.jp/znk-web/juminkanja/S2430/initialize?prefCd=36&kikanCd=112901&kikanKbn=5", "url2": "http://apispharma.com/", "内容": "アピス新町薬局【5:薬局】徳島県徳島市西新町二丁目" }, "geometry": { "type": "Point", "coordinates": [ 134.54602, 34.072481 ] } },
{ "type": "Feature", "properties": { "ID": "365113001", "正式名称": "くどう薬局", "機関区分": 5, "都道府県コード": 36, "市区町村コード": 201, "所在地": "徳島県徳島市福島一丁目５－１", "緯度": 34.07234, "経度": 134.563546, "url": "https://www.iryou.teikyouseido.mhlw.go.jp/znk-web/juminkanja/S2430/initialize?prefCd=36&kikanCd=113001&kikanKbn=5", "url2": null, "内容": "くどう薬局【5:薬局】徳島県徳島市福島一丁目５－１" }, "geometry": { "type": "Point", "coordinates": [ 134.563546, 34.07234 ] } },
{ "type": "Feature", "properties": { "ID": "365113101", "正式名称": "ココロ調剤薬局", "機関区分": 5, "都道府県コード": 36, "市区町村コード": 201, "所在地": "徳島県徳島市山城町西浜傍示１６２ー１", "緯度": 34.052386, "経度": 134.558991, "url": "https://www.iryou.teikyouseido.mhlw.go.jp/znk-web/juminkanja/S2430/initialize?prefCd=36&kikanCd=113101&kikanKbn=5", "url2": "http://www.shikoku-ms.com/", "内容": "ココロ調剤薬局【5:薬局】徳島県徳島市山城町西浜傍示１６２ー１" }, "geometry": { "type": "Point", "coordinates": [ 134.558991, 34.052386 ] } },
{ "type": "Feature", "properties": { "ID": "365113301", "正式名称": "エンゼル調剤薬局　前川店", "機関区分": 5, "都道府県コード": 36, "市区町村コード": 201, "所在地": "徳島県徳島市南前川町４丁目４６ー１", "緯度": 34.079513, "経度": 134.549322, "url": "https://www.iryou.teikyouseido.mhlw.go.jp/znk-web/juminkanja/S2430/initialize?prefCd=36&kikanCd=113301&kikanKbn=5", "url2": "https://angel-dp.jp", "内容": "エンゼル調剤薬局　前川店【5:薬局】徳島県徳島市南前川町４丁目４６ー１" }, "geometry": { "type": "Point", "coordinates": [ 134.549322, 34.079513 ] } },
{ "type": "Feature", "properties": { "ID": "365113401", "正式名称": "スマイル調剤薬局　健康館", "機関区分": 5, "都道府県コード": 36, "市区町村コード": 201, "所在地": "徳島県徳島市佐古四番町６番１９号", "緯度": 34.078335, "経度": 134.532593, "url": "https://www.iryou.teikyouseido.mhlw.go.jp/znk-web/juminkanja/S2430/initialize?prefCd=36&kikanCd=113401&kikanKbn=5", "url2": "https://www.smile-group.jp", "内容": "スマイル調剤薬局　健康館【5:薬局】徳島県徳島市佐古四番町６番１９号" }, "geometry": { "type": "Point", "coordinates": [ 134.532593, 34.078335 ] } },
{ "type": "Feature", "properties": { "ID": "365113501", "正式名称": "常三島調剤薬局", "機関区分": 5, "都道府県コード": 36, "市区町村コード": 201, "所在地": "徳島県徳島市北常三島町一丁目１０番地１７", "緯度": 34.081455, "経度": 134.561521, "url": "https://www.iryou.teikyouseido.mhlw.go.jp/znk-web/juminkanja/S2430/initialize?prefCd=36&kikanCd=113501&kikanKbn=5", "url2": "https://www.global-assist.jp/", "内容": "常三島調剤薬局【5:薬局】徳島県徳島市北常三島町一丁目１０番地１７" }, "geometry": { "type": "Point", "coordinates": [ 134.561521, 34.081455 ] } },
{ "type": "Feature", "properties": { "ID": "365113601", "正式名称": "ぐんも調剤薬局　市民病院前店", "機関区分": 5, "都道府県コード": 36, "市区町村コード": 201, "所在地": "徳島県徳島市北常三島町２－３７", "緯度": 34.081303, "経度": 134.561944, "url": "https://www.iryou.teikyouseido.mhlw.go.jp/znk-web/juminkanja/S2430/initialize?prefCd=36&kikanCd=113601&kikanKbn=5", "url2": "https://gunmo-pharmacy.com/", "内容": "ぐんも調剤薬局　市民病院前店【5:薬局】徳島県徳島市北常三島町２－３７" }, "geometry": { "type": "Point", "coordinates": [ 134.561944, 34.081303 ] } },
{ "type": "Feature", "properties": { "ID": "365113701", "正式名称": "レデイ薬局　沖浜店", "機関区分": 5, "都道府県コード": 36, "市区町村コード": 201, "所在地": "徳島県徳島市沖浜町南開３２２番地１", "緯度": 34.050099, "経度": 134.548521, "url": "https://www.iryou.teikyouseido.mhlw.go.jp/znk-web/juminkanja/S2430/initialize?prefCd=36&kikanCd=113701&kikanKbn=5", "url2": "https://www.lady-drug.co.jp/", "内容": "レデイ薬局　沖浜店【5:薬局】徳島県徳島市沖浜町南開３２２番地１" }, "geometry": { "type": "Point", "coordinates": [ 134.548521, 34.050099 ] } },
{ "type": "Feature", "properties": { "ID": "365113901", "正式名称": "トマト調剤薬局　田宮店", "機関区分": 5, "都道府県コード": 36, "市区町村コード": 201, "所在地": "徳島県徳島市北田宮４丁目８９４番１", "緯度": 34.088667, "経度": 134.531946, "url": "https://www.iryou.teikyouseido.mhlw.go.jp/znk-web/juminkanja/S2430/initialize?prefCd=36&kikanCd=113901&kikanKbn=5", "url2": "http://releap.co.jp/", "内容": "トマト調剤薬局　田宮店【5:薬局】徳島県徳島市北田宮４丁目８９４番１" }, "geometry": { "type": "Point", "coordinates": [ 134.531946, 34.088667 ] } },
{ "type": "Feature", "properties": { "ID": "365114001", "正式名称": "クエリ調剤薬局", "機関区分": 5, "都道府県コード": 36, "市区町村コード": 201, "所在地": "徳島県徳島市寺島本町東３丁目５ー１　　ＰＲＩＭＥ３Ｆ", "緯度": 34.0731, "経度": 134.552017, "url": "https://www.iryou.teikyouseido.mhlw.go.jp/znk-web/juminkanja/S2430/initialize?prefCd=36&kikanCd=114001&kikanKbn=5", "url2": null, "内容": "クエリ調剤薬局【5:薬局】徳島県徳島市寺島本町東３丁目５ー１　　ＰＲＩＭＥ３Ｆ" }, "geometry": { "type": "Point", "coordinates": [ 134.552017, 34.0731 ] } },
{ "type": "Feature", "properties": { "ID": "365114201", "正式名称": "トマト調剤薬局　藍住店", "機関区分": 5, "都道府県コード": 36, "市区町村コード": 403, "所在地": "徳島県板野郡藍住町徳命字前須西７８番地４", "緯度": 34.118627, "経度": 134.485041, "url": "https://www.iryou.teikyouseido.mhlw.go.jp/znk-web/juminkanja/S2430/initialize?prefCd=36&kikanCd=114201&kikanKbn=5", "url2": "https://releap.co.jp", "内容": "トマト調剤薬局　藍住店【5:薬局】徳島県板野郡藍住町徳命字前須西７８番地４" }, "geometry": { "type": "Point", "coordinates": [ 134.485041, 34.118627 ] } },
{ "type": "Feature", "properties": { "ID": "365114301", "正式名称": "ファルコはやぶさ薬局　佐古店", "機関区分": 5, "都道府県コード": 36, "市区町村コード": 201, "所在地": "徳島県徳島市佐古一番町１８番３１号", "緯度": 34.079266, "経度": 134.540667, "url": "https://www.iryou.teikyouseido.mhlw.go.jp/znk-web/juminkanja/S2430/initialize?prefCd=36&kikanCd=114301&kikanKbn=5", "url2": "http://www.falco-pharm.co.jp/", "内容": "ファルコはやぶさ薬局　佐古店【5:薬局】徳島県徳島市佐古一番町１８番３１号" }, "geometry": { "type": "Point", "coordinates": [ 134.540667, 34.079266 ] } },
{ "type": "Feature", "properties": { "ID": "365114401", "正式名称": "トマト調剤薬局　千代ヶ丸店", "機関区分": 5, "都道府県コード": 36, "市区町村コード": 201, "所在地": "徳島県徳島市大原町千代ヶ丸１３６番地", "緯度": 34.027215, "経度": 134.567011, "url": "https://www.iryou.teikyouseido.mhlw.go.jp/znk-web/juminkanja/S2430/initialize?prefCd=36&kikanCd=114401&kikanKbn=5", "url2": "http://releap.co.jp", "内容": "トマト調剤薬局　千代ヶ丸店【5:薬局】徳島県徳島市大原町千代ヶ丸１３６番地" }, "geometry": { "type": "Point", "coordinates": [ 134.567011, 34.027215 ] } },
{ "type": "Feature", "properties": { "ID": "365114501", "正式名称": "サンサン薬局　一番町店", "機関区分": 5, "都道府県コード": 36, "市区町村コード": 201, "所在地": "徳島県徳島市一番町１－１０", "緯度": 34.072023, "経度": 134.553033, "url": "https://www.iryou.teikyouseido.mhlw.go.jp/znk-web/juminkanja/S2430/initialize?prefCd=36&kikanCd=114501&kikanKbn=5", "url2": null, "内容": "サンサン薬局　一番町店【5:薬局】徳島県徳島市一番町１－１０" }, "geometry": { "type": "Point", "coordinates": [ 134.553033, 34.072023 ] } },
{ "type": "Feature", "properties": { "ID": "365114601", "正式名称": "井上調剤薬局　市場店", "機関区分": 5, "都道府県コード": 36, "市区町村コード": 206, "所在地": "徳島県阿波市市場町香美字郷社本２３０－１０", "緯度": 34.084137, "経度": 134.2813, "url": "https://www.iryou.teikyouseido.mhlw.go.jp/znk-web/juminkanja/S2430/initialize?prefCd=36&kikanCd=114601&kikanKbn=5", "url2": null, "内容": "井上調剤薬局　市場店【5:薬局】徳島県阿波市市場町香美字郷社本２３０－１０" }, "geometry": { "type": "Point", "coordinates": [ 134.2813, 34.084137 ] } },
{ "type": "Feature", "properties": { "ID": "365114701", "正式名称": "まさき薬局", "機関区分": 5, "都道府県コード": 36, "市区町村コード": 206, "所在地": "徳島県阿波市阿波町南整理１５５", "緯度": 34.071706, "経度": 134.200342, "url": "https://www.iryou.teikyouseido.mhlw.go.jp/znk-web/juminkanja/S2430/initialize?prefCd=36&kikanCd=114701&kikanKbn=5", "url2": null, "内容": "まさき薬局【5:薬局】徳島県阿波市阿波町南整理１５５" }, "geometry": { "type": "Point", "coordinates": [ 134.200342, 34.071706 ] } },
{ "type": "Feature", "properties": { "ID": "365114801", "正式名称": "コスタ薬局", "機関区分": 5, "都道府県コード": 36, "市区町村コード": 201, "所在地": "徳島県徳島市八万町犬山２３２‐８", "緯度": 34.041709, "経度": 134.544703, "url": "https://www.iryou.teikyouseido.mhlw.go.jp/znk-web/juminkanja/S2430/initialize?prefCd=36&kikanCd=114801&kikanKbn=5", "url2": "http://apispharma.com/", "内容": "コスタ薬局【5:薬局】徳島県徳島市八万町犬山２３２‐８" }, "geometry": { "type": "Point", "coordinates": [ 134.544703, 34.041709 ] } },
{ "type": "Feature", "properties": { "ID": "365115001", "正式名称": "あひる調剤薬局", "機関区分": 5, "都道府県コード": 36, "市区町村コード": 201, "所在地": "徳島県徳島市富田橋５丁目２１ー２", "緯度": 34.059966, "経度": 134.550762, "url": "https://www.iryou.teikyouseido.mhlw.go.jp/znk-web/juminkanja/S2430/initialize?prefCd=36&kikanCd=115001&kikanKbn=5", "url2": null, "内容": "あひる調剤薬局【5:薬局】徳島県徳島市富田橋５丁目２１ー２" }, "geometry": { "type": "Point", "coordinates": [ 134.550762, 34.059966 ] } },
{ "type": "Feature", "properties": { "ID": "365115201", "正式名称": "ぐんも調剤薬局　佐古東店", "機関区分": 5, "都道府県コード": 36, "市区町村コード": 201, "所在地": "徳島県徳島市佐古四番町３ー１８　ロータスワゼル１階", "緯度": 34.077641, "経度": 134.532285, "url": "https://www.iryou.teikyouseido.mhlw.go.jp/znk-web/juminkanja/S2430/initialize?prefCd=36&kikanCd=115201&kikanKbn=5", "url2": "http://gunmo-pharmacy.com", "内容": "ぐんも調剤薬局　佐古東店【5:薬局】徳島県徳島市佐古四番町３ー１８　ロータスワゼル１階" }, "geometry": { "type": "Point", "coordinates": [ 134.532285, 34.077641 ] } },
{ "type": "Feature", "properties": { "ID": "365115301", "正式名称": "ひかり薬局　城東店", "機関区分": 5, "都道府県コード": 36, "市区町村コード": 201, "所在地": "徳島県徳島市城東町１丁目８番２５号", "緯度": 34.071724, "経度": 134.573328, "url": "https://www.iryou.teikyouseido.mhlw.go.jp/znk-web/juminkanja/S2430/initialize?prefCd=36&kikanCd=115301&kikanKbn=5", "url2": "http://www.shikoku-ms.com", "内容": "ひかり薬局　城東店【5:薬局】徳島県徳島市城東町１丁目８番２５号" }, "geometry": { "type": "Point", "coordinates": [ 134.573328, 34.071724 ] } },
{ "type": "Feature", "properties": { "ID": "365115401", "正式名称": "エンゼル調剤薬局　天神店", "機関区分": 5, "都道府県コード": 36, "市区町村コード": 341, "所在地": "徳島県名西郡石井町高川原字天神７１６ー４", "緯度": 34.082068, "経度": 134.440202, "url": "https://www.iryou.teikyouseido.mhlw.go.jp/znk-web/juminkanja/S2430/initialize?prefCd=36&kikanCd=115401&kikanKbn=5", "url2": "https://angel-dp.jp", "内容": "エンゼル調剤薬局　天神店【5:薬局】徳島県名西郡石井町高川原字天神７１６ー４" }, "geometry": { "type": "Point", "coordinates": [ 134.440202, 34.082068 ] } },
{ "type": "Feature", "properties": { "ID": "365115501", "正式名称": "クローバー調剤薬局　城南店", "機関区分": 5, "都道府県コード": 36, "市区町村コード": 201, "所在地": "徳島県徳島市城南町３丁目６－３５", "緯度": 34.053719, "経度": 134.536492, "url": "https://www.iryou.teikyouseido.mhlw.go.jp/znk-web/juminkanja/S2430/initialize?prefCd=36&kikanCd=115501&kikanKbn=5", "url2": null, "内容": "クローバー調剤薬局　城南店【5:薬局】徳島県徳島市城南町３丁目６－３５" }, "geometry": { "type": "Point", "coordinates": [ 134.536492, 34.053719 ] } },
{ "type": "Feature", "properties": { "ID": "365115601", "正式名称": "アップル調剤薬局　庄町店", "機関区分": 5, "都道府県コード": 36, "市区町村コード": 201, "所在地": "徳島県徳島市庄町１丁目１番地４", "緯度": 34.076508, "経度": 134.51412, "url": "https://www.iryou.teikyouseido.mhlw.go.jp/znk-web/juminkanja/S2430/initialize?prefCd=36&kikanCd=115601&kikanKbn=5", "url2": "http://www.apple-pharmacy.jp", "内容": "アップル調剤薬局　庄町店【5:薬局】徳島県徳島市庄町１丁目１番地４" }, "geometry": { "type": "Point", "coordinates": [ 134.51412, 34.076508 ] } },
{ "type": "Feature", "properties": { "ID": "365115701", "正式名称": "こあら薬局", "機関区分": 5, "都道府県コード": 36, "市区町村コード": 201, "所在地": "徳島県徳島市名東町１ー９１", "緯度": 34.065332, "経度": 134.505542, "url": "https://www.iryou.teikyouseido.mhlw.go.jp/znk-web/juminkanja/S2430/initialize?prefCd=36&kikanCd=115701&kikanKbn=5", "url2": "https://www.zoo-pharmacy.jp/", "内容": "こあら薬局【5:薬局】徳島県徳島市名東町１ー９１" }, "geometry": { "type": "Point", "coordinates": [ 134.505542, 34.065332 ] } },
{ "type": "Feature", "properties": { "ID": "365115901", "正式名称": "オブリージュ調剤薬局　佐古店", "機関区分": 5, "都道府県コード": 36, "市区町村コード": 201, "所在地": "徳島県徳島市佐古八番町４－１５", "緯度": 34.076815, "経度": 134.521414, "url": "https://www.iryou.teikyouseido.mhlw.go.jp/znk-web/juminkanja/S2430/initialize?prefCd=36&kikanCd=115901&kikanKbn=5", "url2": "https://oblige-t.com/", "内容": "オブリージュ調剤薬局　佐古店【5:薬局】徳島県徳島市佐古八番町４－１５" }, "geometry": { "type": "Point", "coordinates": [ 134.521414, 34.076815 ] } },
{ "type": "Feature", "properties": { "ID": "365116101", "正式名称": "はな薬局　新蔵店", "機関区分": 5, "都道府県コード": 36, "市区町村コード": 201, "所在地": "徳島県徳島市新蔵町１－２７", "緯度": 34.071114, "経度": 134.558547, "url": "https://www.iryou.teikyouseido.mhlw.go.jp/znk-web/juminkanja/S2430/initialize?prefCd=36&kikanCd=116101&kikanKbn=5", "url2": null, "内容": "はな薬局　新蔵店【5:薬局】徳島県徳島市新蔵町１－２７" }, "geometry": { "type": "Point", "coordinates": [ 134.558547, 34.071114 ] } },
{ "type": "Feature", "properties": { "ID": "365116301", "正式名称": "有限会社　北島三愛", "機関区分": 5, "都道府県コード": 36, "市区町村コード": 402, "所在地": "徳島県板野郡北島町鯛浜字原８３ー７", "緯度": 34.11299, "経度": 134.555934, "url": "https://www.iryou.teikyouseido.mhlw.go.jp/znk-web/juminkanja/S2430/initialize?prefCd=36&kikanCd=116301&kikanKbn=5", "url2": null, "内容": "有限会社　北島三愛【5:薬局】徳島県板野郡北島町鯛浜字原８３ー７" }, "geometry": { "type": "Point", "coordinates": [ 134.555934, 34.11299 ] } },
{ "type": "Feature", "properties": { "ID": "365116401", "正式名称": "一般社団法人徳島県薬剤師会調剤薬局", "機関区分": 5, "都道府県コード": 36, "市区町村コード": 201, "所在地": "徳島県徳島市佐古八番町３番１６号", "緯度": 34.076997, "経度": 134.52096, "url": "https://www.iryou.teikyouseido.mhlw.go.jp/znk-web/juminkanja/S2430/initialize?prefCd=36&kikanCd=116401&kikanKbn=5", "url2": "https://www.tokuyaku.or.jp", "内容": "一般社団法人徳島県薬剤師会調剤薬局【5:薬局】徳島県徳島市佐古八番町３番１６号" }, "geometry": { "type": "Point", "coordinates": [ 134.52096, 34.076997 ] } },
{ "type": "Feature", "properties": { "ID": "365116501", "正式名称": "エンゼル調剤薬局　石井店", "機関区分": 5, "都道府県コード": 36, "市区町村コード": 341, "所在地": "徳島県名西郡石井町石井字石井７２９－５", "緯度": 34.069507, "経度": 134.453181, "url": "https://www.iryou.teikyouseido.mhlw.go.jp/znk-web/juminkanja/S2430/initialize?prefCd=36&kikanCd=116501&kikanKbn=5", "url2": "https://angel-dp.jp", "内容": "エンゼル調剤薬局　石井店【5:薬局】徳島県名西郡石井町石井字石井７２９－５" }, "geometry": { "type": "Point", "coordinates": [ 134.453181, 34.069507 ] } },
{ "type": "Feature", "properties": { "ID": "365116701", "正式名称": "ハート調剤薬局北島店", "機関区分": 5, "都道府県コード": 36, "市区町村コード": 402, "所在地": "徳島県板野郡北島町鯛浜字向９５ー４", "緯度": 34.117856, "経度": 134.542594, "url": "https://www.iryou.teikyouseido.mhlw.go.jp/znk-web/juminkanja/S2430/initialize?prefCd=36&kikanCd=116701&kikanKbn=5", "url2": "https://kyosei-bs.co.jp/", "内容": "ハート調剤薬局北島店【5:薬局】徳島県板野郡北島町鯛浜字向９５ー４" }, "geometry": { "type": "Point", "coordinates": [ 134.542594, 34.117856 ] } },
{ "type": "Feature", "properties": { "ID": "365117001", "正式名称": "あすか調剤薬局", "機関区分": 5, "都道府県コード": 36, "市区町村コード": 341, "所在地": "徳島県名西郡石井町石井", "緯度": 34.066919, "経度": 134.437963, "url": "https://www.iryou.teikyouseido.mhlw.go.jp/znk-web/juminkanja/S2430/initialize?prefCd=36&kikanCd=117001&kikanKbn=5", "url2": null, "内容": "あすか調剤薬局【5:薬局】徳島県名西郡石井町石井" }, "geometry": { "type": "Point", "coordinates": [ 134.437963, 34.066919 ] } },
{ "type": "Feature", "properties": { "ID": "365117101", "正式名称": "有限会社　杉山薬局", "機関区分": 5, "都道府県コード": 36, "市区町村コード": 341, "所在地": "徳島県名西郡石井町石井４５６－１", "緯度": 34.067788, "経度": 134.443909, "url": "https://www.iryou.teikyouseido.mhlw.go.jp/znk-web/juminkanja/S2430/initialize?prefCd=36&kikanCd=117101&kikanKbn=5", "url2": "https://sites.google.com/view/sugiyama01956", "内容": "有限会社　杉山薬局【5:薬局】徳島県名西郡石井町石井４５６－１" }, "geometry": { "type": "Point", "coordinates": [ 134.443909, 34.067788 ] } },
{ "type": "Feature", "properties": { "ID": "365117201", "正式名称": "アップル調剤薬局　北村店", "機関区分": 5, "都道府県コード": 36, "市区町村コード": 402, "所在地": "徳島県板野郡北島町北村字千田ノ木５６ー６", "緯度": 34.132694, "経度": 134.548722, "url": "https://www.iryou.teikyouseido.mhlw.go.jp/znk-web/juminkanja/S2430/initialize?prefCd=36&kikanCd=117201&kikanKbn=5", "url2": "http://www.apple-pharmacy.jp", "内容": "アップル調剤薬局　北村店【5:薬局】徳島県板野郡北島町北村字千田ノ木５６ー６" }, "geometry": { "type": "Point", "coordinates": [ 134.548722, 34.132694 ] } },
{ "type": "Feature", "properties": { "ID": "365117401", "正式名称": "アイユー薬局", "機関区分": 5, "都道府県コード": 36, "市区町村コード": 403, "所在地": "徳島県板野郡藍住町矢上字安任１４１－６", "緯度": 34.137125, "経度": 134.496462, "url": "https://www.iryou.teikyouseido.mhlw.go.jp/znk-web/juminkanja/S2430/initialize?prefCd=36&kikanCd=117401&kikanKbn=5", "url2": null, "内容": "アイユー薬局【5:薬局】徳島県板野郡藍住町矢上字安任１４１－６" }, "geometry": { "type": "Point", "coordinates": [ 134.496462, 34.137125 ] } },
{ "type": "Feature", "properties": { "ID": "365117601", "正式名称": "フレンド調剤薬局藍住店", "機関区分": 5, "都道府県コード": 36, "市区町村コード": 403, "所在地": "徳島県板野郡藍住町東中富字東傍示１１ー２", "緯度": 34.123548, "経度": 134.477167, "url": "https://www.iryou.teikyouseido.mhlw.go.jp/znk-web/juminkanja/S2430/initialize?prefCd=36&kikanCd=117601&kikanKbn=5", "url2": "https://kyosei-bs.co.jp/", "内容": "フレンド調剤薬局藍住店【5:薬局】徳島県板野郡藍住町東中富字東傍示１１ー２" }, "geometry": { "type": "Point", "coordinates": [ 134.477167, 34.123548 ] } },
{ "type": "Feature", "properties": { "ID": "365117701", "正式名称": "はじめ調剤薬局　大原店", "機関区分": 5, "都道府県コード": 36, "市区町村コード": 201, "所在地": "徳島県徳島市大原町池ノ内４ー１", "緯度": 34.025386, "経度": 134.571881, "url": "https://www.iryou.teikyouseido.mhlw.go.jp/znk-web/juminkanja/S2430/initialize?prefCd=36&kikanCd=117701&kikanKbn=5", "url2": null, "内容": "はじめ調剤薬局　大原店【5:薬局】徳島県徳島市大原町池ノ内４ー１" }, "geometry": { "type": "Point", "coordinates": [ 134.571881, 34.025386 ] } },
{ "type": "Feature", "properties": { "ID": "365117801", "正式名称": "スマイル調剤薬局　あいずみ南店", "機関区分": 5, "都道府県コード": 36, "市区町村コード": 403, "所在地": "徳島県板野郡藍住町住吉字千鳥ヶ浜１１０ー５", "緯度": 34.120265, "経度": 134.502597, "url": "https://www.iryou.teikyouseido.mhlw.go.jp/znk-web/juminkanja/S2430/initialize?prefCd=36&kikanCd=117801&kikanKbn=5", "url2": "https://www.smile-group.jp", "内容": "スマイル調剤薬局　あいずみ南店【5:薬局】徳島県板野郡藍住町住吉字千鳥ヶ浜１１０ー５" }, "geometry": { "type": "Point", "coordinates": [ 134.502597, 34.120265 ] } },
{ "type": "Feature", "properties": { "ID": "365117901", "正式名称": "ごしょ調剤薬局", "機関区分": 5, "都道府県コード": 36, "市区町村コード": 206, "所在地": "徳島県阿波市土成町吉田字原田市の四３２番６", "緯度": 34.109106, "経度": 134.349173, "url": "https://www.iryou.teikyouseido.mhlw.go.jp/znk-web/juminkanja/S2430/initialize?prefCd=36&kikanCd=117901&kikanKbn=5", "url2": null, "内容": "ごしょ調剤薬局【5:薬局】徳島県阿波市土成町吉田字原田市の四３２番６" }, "geometry": { "type": "Point", "coordinates": [ 134.349173, 34.109106 ] } },
{ "type": "Feature", "properties": { "ID": "365118001", "正式名称": "きたじま調剤薬局", "機関区分": 5, "都道府県コード": 36, "市区町村コード": 402, "所在地": "徳島県板野郡北島町鯛浜字かや１２２番地３", "緯度": 34.119076, "経度": 134.550982, "url": "https://www.iryou.teikyouseido.mhlw.go.jp/znk-web/juminkanja/S2430/initialize?prefCd=36&kikanCd=118001&kikanKbn=5", "url2": "https://kitajima-chozaiyakkyoku.com", "内容": "きたじま調剤薬局【5:薬局】徳島県板野郡北島町鯛浜字かや１２２番地３" }, "geometry": { "type": "Point", "coordinates": [ 134.550982, 34.119076 ] } },
{ "type": "Feature", "properties": { "ID": "365118201", "正式名称": "おおうえ薬局", "機関区分": 5, "都道府県コード": 36, "市区町村コード": 201, "所在地": "徳島県徳島市西須賀町　中開４５－２", "緯度": 34.026103, "経度": 134.54965, "url": "https://www.iryou.teikyouseido.mhlw.go.jp/znk-web/juminkanja/S2430/initialize?prefCd=36&kikanCd=118201&kikanKbn=5", "url2": "o-ue.com", "内容": "おおうえ薬局【5:薬局】徳島県徳島市西須賀町　中開４５－２" }, "geometry": { "type": "Point", "coordinates": [ 134.54965, 34.026103 ] } },
{ "type": "Feature", "properties": { "ID": "365118301", "正式名称": "よしたけ調剤薬局　石井店", "機関区分": 5, "都道府県コード": 36, "市区町村コード": 341, "所在地": "徳島県名西郡石井町高川原字加茂野３１８－１５", "緯度": 34.083581, "経度": 134.456358, "url": "https://www.iryou.teikyouseido.mhlw.go.jp/znk-web/juminkanja/S2430/initialize?prefCd=36&kikanCd=118301&kikanKbn=5", "url2": "https://yoshitakeph.com/", "内容": "よしたけ調剤薬局　石井店【5:薬局】徳島県名西郡石井町高川原字加茂野３１８－１５" }, "geometry": { "type": "Point", "coordinates": [ 134.456358, 34.083581 ] } },
{ "type": "Feature", "properties": { "ID": "365118401", "正式名称": "サザン調剤薬局　津田", "機関区分": 5, "都道府県コード": 36, "市区町村コード": 201, "所在地": "徳島県徳島市津田本町四丁目７１５－１", "緯度": 34.045683, "経度": 134.577354, "url": "https://www.iryou.teikyouseido.mhlw.go.jp/znk-web/juminkanja/S2430/initialize?prefCd=36&kikanCd=118401&kikanKbn=5", "url2": "http://sazan-chouzai.com", "内容": "サザン調剤薬局　津田【5:薬局】徳島県徳島市津田本町四丁目７１５－１" }, "geometry": { "type": "Point", "coordinates": [ 134.577354, 34.045683 ] } },
{ "type": "Feature", "properties": { "ID": "365118501", "正式名称": "サザン調剤薬局　城東", "機関区分": 5, "都道府県コード": 36, "市区町村コード": 201, "所在地": "徳島県徳島市徳島町２丁目５５ー２", "緯度": 34.073881, "経度": 134.558166, "url": "https://www.iryou.teikyouseido.mhlw.go.jp/znk-web/juminkanja/S2430/initialize?prefCd=36&kikanCd=118501&kikanKbn=5", "url2": "https://sazan-chouzai.com/", "内容": "サザン調剤薬局　城東【5:薬局】徳島県徳島市徳島町２丁目５５ー２" }, "geometry": { "type": "Point", "coordinates": [ 134.558166, 34.073881 ] } },
{ "type": "Feature", "properties": { "ID": "365118601", "正式名称": "サザン調剤薬局　城南", "機関区分": 5, "都道府県コード": 36, "市区町村コード": 201, "所在地": "徳島県徳島市城南町一丁目１０１２番１", "緯度": 34.055727, "経度": 134.539031, "url": "https://www.iryou.teikyouseido.mhlw.go.jp/znk-web/juminkanja/S2430/initialize?prefCd=36&kikanCd=118601&kikanKbn=5", "url2": "https://sazan-chouzai.com/", "内容": "サザン調剤薬局　城南【5:薬局】徳島県徳島市城南町一丁目１０１２番１" }, "geometry": { "type": "Point", "coordinates": [ 134.539031, 34.055727 ] } },
{ "type": "Feature", "properties": { "ID": "365118701", "正式名称": "国府池尻調剤薬局", "機関区分": 5, "都道府県コード": 36, "市区町村コード": 201, "所在地": "徳島県徳島市国府町池尻字西塚むさ３２３番地１", "緯度": 34.084123, "経度": 134.469061, "url": "https://www.iryou.teikyouseido.mhlw.go.jp/znk-web/juminkanja/S2430/initialize?prefCd=36&kikanCd=118701&kikanKbn=5", "url2": "https://www.global-assist.jp/", "内容": "国府池尻調剤薬局【5:薬局】徳島県徳島市国府町池尻字西塚むさ３２３番地１" }, "geometry": { "type": "Point", "coordinates": [ 134.469061, 34.084123 ] } },
{ "type": "Feature", "properties": { "ID": "365118901", "正式名称": "論田調剤薬局", "機関区分": 5, "都道府県コード": 36, "市区町村コード": 201, "所在地": "徳島県徳島市論田町大江５ー１", "緯度": 34.036346, "経度": 134.568443, "url": "https://www.iryou.teikyouseido.mhlw.go.jp/znk-web/juminkanja/S2430/initialize?prefCd=36&kikanCd=118901&kikanKbn=5", "url2": "http://www.apple-pharmacy.jp", "内容": "論田調剤薬局【5:薬局】徳島県徳島市論田町大江５ー１" }, "geometry": { "type": "Point", "coordinates": [ 134.568443, 34.036346 ] } },
{ "type": "Feature", "properties": { "ID": "365119101", "正式名称": "にけんや薬局", "機関区分": 5, "都道府県コード": 36, "市区町村コード": 201, "所在地": "徳島県徳島市二軒屋町３丁目３７番１", "緯度": 34.056816, "経度": 134.54672, "url": "https://www.iryou.teikyouseido.mhlw.go.jp/znk-web/juminkanja/S2430/initialize?prefCd=36&kikanCd=119101&kikanKbn=5", "url2": null, "内容": "にけんや薬局【5:薬局】徳島県徳島市二軒屋町３丁目３７番１" }, "geometry": { "type": "Point", "coordinates": [ 134.54672, 34.056816 ] } },
{ "type": "Feature", "properties": { "ID": "365119201", "正式名称": "ハート調剤薬局鳴門店", "機関区分": 5, "都道府県コード": 36, "市区町村コード": 202, "所在地": "徳島県鳴門市撫養町小桑島字前浜２２２番３", "緯度": 34.18028, "経度": 134.607484, "url": "https://www.iryou.teikyouseido.mhlw.go.jp/znk-web/juminkanja/S2430/initialize?prefCd=36&kikanCd=119201&kikanKbn=5", "url2": "https://kyosei-bs.co.jp/", "内容": "ハート調剤薬局鳴門店【5:薬局】徳島県鳴門市撫養町小桑島字前浜２２２番３" }, "geometry": { "type": "Point", "coordinates": [ 134.607484, 34.18028 ] } },
{ "type": "Feature", "properties": { "ID": "365119301", "正式名称": "スマイル調剤薬局　北佐古店", "機関区分": 5, "都道府県コード": 36, "市区町村コード": 201, "所在地": "徳島県徳島市北佐古二番町５－２０", "緯度": 34.081618, "経度": 134.534686, "url": "https://www.iryou.teikyouseido.mhlw.go.jp/znk-web/juminkanja/S2430/initialize?prefCd=36&kikanCd=119301&kikanKbn=5", "url2": "https://www.smile-group.jp", "内容": "スマイル調剤薬局　北佐古店【5:薬局】徳島県徳島市北佐古二番町５－２０" }, "geometry": { "type": "Point", "coordinates": [ 134.534686, 34.081618 ] } },
{ "type": "Feature", "properties": { "ID": "365119401", "正式名称": "すだち薬局　上板店", "機関区分": 5, "都道府県コード": 36, "市区町村コード": 405, "所在地": "徳島県板野郡上板町七條字山神２１－５", "緯度": 34.12476, "経度": 134.406307, "url": "https://www.iryou.teikyouseido.mhlw.go.jp/znk-web/juminkanja/S2430/initialize?prefCd=36&kikanCd=119401&kikanKbn=5", "url2": "http://www.kaji-ph.com", "内容": "すだち薬局　上板店【5:薬局】徳島県板野郡上板町七條字山神２１－５" }, "geometry": { "type": "Point", "coordinates": [ 134.406307, 34.12476 ] } },
{ "type": "Feature", "properties": { "ID": "365119501", "正式名称": "三愛薬局　蔵本支店", "機関区分": 5, "都道府県コード": 36, "市区町村コード": 201, "所在地": "徳島県徳島市佐古八番町２番２１ー１", "緯度": 34.076472, "経度": 134.521004, "url": "https://www.iryou.teikyouseido.mhlw.go.jp/znk-web/juminkanja/S2430/initialize?prefCd=36&kikanCd=119501&kikanKbn=5", "url2": "https://san-ai-ph.jp/pharmacy-list.html", "内容": "三愛薬局　蔵本支店【5:薬局】徳島県徳島市佐古八番町２番２１ー１" }, "geometry": { "type": "Point", "coordinates": [ 134.521004, 34.076472 ] } },
{ "type": "Feature", "properties": { "ID": "365119601", "正式名称": "ユニスマイル薬局やまと店", "機関区分": 5, "都道府県コード": 36, "市区町村コード": 201, "所在地": "徳島県徳島市大和町２丁目３－４８大和ハイツ１Ｆ", "緯度": 34.068187, "経度": 134.572754, "url": "https://www.iryou.teikyouseido.mhlw.go.jp/znk-web/juminkanja/S2430/initialize?prefCd=36&kikanCd=119601&kikanKbn=5", "url2": "https://unismile.co.jp", "内容": "ユニスマイル薬局やまと店【5:薬局】徳島県徳島市大和町２丁目３－４８大和ハイツ１Ｆ" }, "geometry": { "type": "Point", "coordinates": [ 134.572754, 34.068187 ] } },
{ "type": "Feature", "properties": { "ID": "365119701", "正式名称": "ひかり薬局調剤センター", "機関区分": 5, "都道府県コード": 36, "市区町村コード": 201, "所在地": "徳島県徳島市城東町１丁目８番２５号", "緯度": 34.071767, "経度": 134.573217, "url": "https://www.iryou.teikyouseido.mhlw.go.jp/znk-web/juminkanja/S2430/initialize?prefCd=36&kikanCd=119701&kikanKbn=5", "url2": "http://www.shikoku-ms.com/", "内容": "ひかり薬局調剤センター【5:薬局】徳島県徳島市城東町１丁目８番２５号" }, "geometry": { "type": "Point", "coordinates": [ 134.573217, 34.071767 ] } },
{ "type": "Feature", "properties": { "ID": "365119801", "正式名称": "ハッピー薬局　津田店", "機関区分": 5, "都道府県コード": 36, "市区町村コード": 201, "所在地": "徳島県徳島市津田本町４丁目５１４ー１", "緯度": 34.046379, "経度": 134.575634, "url": "https://www.iryou.teikyouseido.mhlw.go.jp/znk-web/juminkanja/S2430/initialize?prefCd=36&kikanCd=119801&kikanKbn=5", "url2": null, "内容": "ハッピー薬局　津田店【5:薬局】徳島県徳島市津田本町４丁目５１４ー１" }, "geometry": { "type": "Point", "coordinates": [ 134.575634, 34.046379 ] } },
{ "type": "Feature", "properties": { "ID": "365119901", "正式名称": "エンゼル調剤薬局　三軒屋店", "機関区分": 5, "都道府県コード": 36, "市区町村コード": 201, "所在地": "徳島県徳島市三軒屋町外２４ー４２", "緯度": 34.039376, "経度": 134.548917, "url": "https://www.iryou.teikyouseido.mhlw.go.jp/znk-web/juminkanja/S2430/initialize?prefCd=36&kikanCd=119901&kikanKbn=5", "url2": "https://angel-dp.jp", "内容": "エンゼル調剤薬局　三軒屋店【5:薬局】徳島県徳島市三軒屋町外２４ー４２" }, "geometry": { "type": "Point", "coordinates": [ 134.548917, 34.039376 ] } },
{ "type": "Feature", "properties": { "ID": "365121401", "正式名称": "ヒノミネ薬局", "機関区分": 5, "都道府県コード": 36, "市区町村コード": 203, "所在地": "徳島県小松島市小松島町北浜５の３番地", "緯度": 34.013774, "経度": 134.584708, "url": "https://www.iryou.teikyouseido.mhlw.go.jp/znk-web/juminkanja/S2430/initialize?prefCd=36&kikanCd=121401&kikanKbn=5", "url2": null, "内容": "ヒノミネ薬局【5:薬局】徳島県小松島市小松島町北浜５の３番地" }, "geometry": { "type": "Point", "coordinates": [ 134.584708, 34.013774 ] } },
{ "type": "Feature", "properties": { "ID": "365122601", "正式名称": "トマト調剤薬局　立江店", "機関区分": 5, "都道府県コード": 36, "市区町村コード": 203, "所在地": "徳島県小松島市立江町字江ノ上１番地１", "緯度": 33.967064, "経度": 134.602736, "url": "https://www.iryou.teikyouseido.mhlw.go.jp/znk-web/juminkanja/S2430/initialize?prefCd=36&kikanCd=122601&kikanKbn=5", "url2": "https://releap.co.jp/", "内容": "トマト調剤薬局　立江店【5:薬局】徳島県小松島市立江町字江ノ上１番地１" }, "geometry": { "type": "Point", "coordinates": [ 134.602736, 33.967064 ] } },
{ "type": "Feature", "properties": { "ID": "365123001", "正式名称": "アップル調剤薬局　日赤店", "機関区分": 5, "都道府県コード": 36, "市区町村コード": 203, "所在地": "徳島県小松島市小松島町字井利ノ口１０４", "緯度": 34.011597, "経度": 134.58375, "url": "https://www.iryou.teikyouseido.mhlw.go.jp/znk-web/juminkanja/S2430/initialize?prefCd=36&kikanCd=123001&kikanKbn=5", "url2": "http://www.apple-pharmacy.jp", "内容": "アップル調剤薬局　日赤店【5:薬局】徳島県小松島市小松島町字井利ノ口１０４" }, "geometry": { "type": "Point", "coordinates": [ 134.58375, 34.011597 ] } },
{ "type": "Feature", "properties": { "ID": "365123401", "正式名称": "やまもも調剤薬局　日赤", "機関区分": 5, "都道府県コード": 36, "市区町村コード": 203, "所在地": "徳島県小松島市小松島町井利ノ口１０４", "緯度": 34.011597, "経度": 134.58375, "url": "https://www.iryou.teikyouseido.mhlw.go.jp/znk-web/juminkanja/S2430/initialize?prefCd=36&kikanCd=123401&kikanKbn=5", "url2": null, "内容": "やまもも調剤薬局　日赤【5:薬局】徳島県小松島市小松島町井利ノ口１０４" }, "geometry": { "type": "Point", "coordinates": [ 134.58375, 34.011597 ] } },
{ "type": "Feature", "properties": { "ID": "365123501", "正式名称": "トマト調剤薬局　日赤店", "機関区分": 5, "都道府県コード": 36, "市区町村コード": 203, "所在地": "徳島県小松島市小松島町字井利ノ口１０４", "緯度": 34.011577, "経度": 134.583675, "url": "https://www.iryou.teikyouseido.mhlw.go.jp/znk-web/juminkanja/S2430/initialize?prefCd=36&kikanCd=123501&kikanKbn=5", "url2": "https://releap.co.jp/", "内容": "トマト調剤薬局　日赤店【5:薬局】徳島県小松島市小松島町字井利ノ口１０４" }, "geometry": { "type": "Point", "coordinates": [ 134.583675, 34.011577 ] } },
{ "type": "Feature", "properties": { "ID": "365123801", "正式名称": "日開野調剤薬局", "機関区分": 5, "都道府県コード": 36, "市区町村コード": 203, "所在地": "徳島県小松島市日開町２４－７", "緯度": 34.003567, "経度": 134.582433, "url": "https://www.iryou.teikyouseido.mhlw.go.jp/znk-web/juminkanja/S2430/initialize?prefCd=36&kikanCd=123801&kikanKbn=5", "url2": null, "内容": "日開野調剤薬局【5:薬局】徳島県小松島市日開町２４－７" }, "geometry": { "type": "Point", "coordinates": [ 134.582433, 34.003567 ] } },
{ "type": "Feature", "properties": { "ID": "365123901", "正式名称": "ビザン薬品調剤薬局", "機関区分": 5, "都道府県コード": 36, "市区町村コード": 203, "所在地": "徳島県小松島市小松島町", "緯度": 34.011319, "経度": 134.583842, "url": "https://www.iryou.teikyouseido.mhlw.go.jp/znk-web/juminkanja/S2430/initialize?prefCd=36&kikanCd=123901&kikanKbn=5", "url2": "http://bizan-group.co.jp/", "内容": "ビザン薬品調剤薬局【5:薬局】徳島県小松島市小松島町" }, "geometry": { "type": "Point", "coordinates": [ 134.583842, 34.011319 ] } },
{ "type": "Feature", "properties": { "ID": "365124001", "正式名称": "あおぞら薬局　中田店", "機関区分": 5, "都道府県コード": 36, "市区町村コード": 203, "所在地": "徳島県小松島市中田町字広見１－８７", "緯度": 34.018846, "経度": 134.568868, "url": "https://www.iryou.teikyouseido.mhlw.go.jp/znk-web/juminkanja/S2430/initialize?prefCd=36&kikanCd=124001&kikanKbn=5", "url2": "https://plushello.com/", "内容": "あおぞら薬局　中田店【5:薬局】徳島県小松島市中田町字広見１－８７" }, "geometry": { "type": "Point", "coordinates": [ 134.568868, 34.018846 ] } },
{ "type": "Feature", "properties": { "ID": "365124101", "正式名称": "サザン調剤薬局　中田", "機関区分": 5, "都道府県コード": 36, "市区町村コード": 203, "所在地": "徳島県小松島市中田町字狭間４３―５", "緯度": 34.014991, "経度": 134.57009, "url": "https://www.iryou.teikyouseido.mhlw.go.jp/znk-web/juminkanja/S2430/initialize?prefCd=36&kikanCd=124101&kikanKbn=5", "url2": "https://www.sazan-chouzai.com/", "内容": "サザン調剤薬局　中田【5:薬局】徳島県小松島市中田町字狭間４３―５" }, "geometry": { "type": "Point", "coordinates": [ 134.57009, 34.014991 ] } },
{ "type": "Feature", "properties": { "ID": "365124201", "正式名称": "しおかぜ調剤薬局　駅前店", "機関区分": 5, "都道府県コード": 36, "市区町村コード": 203, "所在地": "徳島県小松島市松島町１－６", "緯度": 34.006686, "経度": 134.585866, "url": "https://www.iryou.teikyouseido.mhlw.go.jp/znk-web/juminkanja/S2430/initialize?prefCd=36&kikanCd=124201&kikanKbn=5", "url2": "cn-pharmacy.com", "内容": "しおかぜ調剤薬局　駅前店【5:薬局】徳島県小松島市松島町１－６" }, "geometry": { "type": "Point", "coordinates": [ 134.585866, 34.006686 ] } },
{ "type": "Feature", "properties": { "ID": "365124301", "正式名称": "南小松島調剤薬局", "機関区分": 5, "都道府県コード": 36, "市区町村コード": 203, "所在地": "徳島県小松島市松島町１－１７", "緯度": 34.00699, "経度": 134.585031, "url": "https://www.iryou.teikyouseido.mhlw.go.jp/znk-web/juminkanja/S2430/initialize?prefCd=36&kikanCd=124301&kikanKbn=5", "url2": "https://www.global-assist.jp/", "内容": "南小松島調剤薬局【5:薬局】徳島県小松島市松島町１－１７" }, "geometry": { "type": "Point", "coordinates": [ 134.585031, 34.00699 ] } },
{ "type": "Feature", "properties": { "ID": "365125501", "正式名称": "ハート調剤薬局　南小松島店", "機関区分": 5, "都道府県コード": 36, "市区町村コード": 203, "所在地": "徳島県小松島市大林町宮ノ本１０７ー８", "緯度": 33.978557, "経度": 134.612676, "url": "https://www.iryou.teikyouseido.mhlw.go.jp/znk-web/juminkanja/S2430/initialize?prefCd=36&kikanCd=125501&kikanKbn=5", "url2": "https://kyosei-bs.co.jp/", "内容": "ハート調剤薬局　南小松島店【5:薬局】徳島県小松島市大林町宮ノ本１０７ー８" }, "geometry": { "type": "Point", "coordinates": [ 134.612676, 33.978557 ] } },
{ "type": "Feature", "properties": { "ID": "365125701", "正式名称": "ツヅキ調剤薬局　田浦店", "機関区分": 5, "都道府県コード": 36, "市区町村コード": 203, "所在地": "徳島県小松島市田浦町字近里８１番地", "緯度": 34.003276, "経度": 134.568116, "url": "https://www.iryou.teikyouseido.mhlw.go.jp/znk-web/juminkanja/S2430/initialize?prefCd=36&kikanCd=125701&kikanKbn=5", "url2": null, "内容": "ツヅキ調剤薬局　田浦店【5:薬局】徳島県小松島市田浦町字近里８１番地" }, "geometry": { "type": "Point", "coordinates": [ 134.568116, 34.003276 ] } },
{ "type": "Feature", "properties": { "ID": "365126001", "正式名称": "しおかぜ調剤薬局", "機関区分": 5, "都道府県コード": 36, "市区町村コード": 203, "所在地": "徳島県小松島市南小松島町８ー４", "緯度": 34.006178, "経度": 134.587841, "url": "https://www.iryou.teikyouseido.mhlw.go.jp/znk-web/juminkanja/S2430/initialize?prefCd=36&kikanCd=126001&kikanKbn=5", "url2": "https://cn-pharmacy.com", "内容": "しおかぜ調剤薬局【5:薬局】徳島県小松島市南小松島町８ー４" }, "geometry": { "type": "Point", "coordinates": [ 134.587841, 34.006178 ] } },
{ "type": "Feature", "properties": { "ID": "365126401", "正式名称": "トマト調剤薬局　横須店", "機関区分": 5, "都道府県コード": 36, "市区町村コード": 203, "所在地": "徳島県小松島市横須町字横須８７番４", "緯度": 33.998801, "経度": 134.597046, "url": "https://www.iryou.teikyouseido.mhlw.go.jp/znk-web/juminkanja/S2430/initialize?prefCd=36&kikanCd=126401&kikanKbn=5", "url2": "http://releap.co.jp/", "内容": "トマト調剤薬局　横須店【5:薬局】徳島県小松島市横須町字横須８７番４" }, "geometry": { "type": "Point", "coordinates": [ 134.597046, 33.998801 ] } },
{ "type": "Feature", "properties": { "ID": "365126501", "正式名称": "すずらん薬局", "機関区分": 5, "都道府県コード": 36, "市区町村コード": 203, "所在地": "徳島県小松島市小松島町字外開２３ー３０", "緯度": 34.010539, "経度": 134.58428, "url": "https://www.iryou.teikyouseido.mhlw.go.jp/znk-web/juminkanja/S2430/initialize?prefCd=36&kikanCd=126501&kikanKbn=5", "url2": null, "内容": "すずらん薬局【5:薬局】徳島県小松島市小松島町字外開２３ー３０" }, "geometry": { "type": "Point", "coordinates": [ 134.58428, 34.010539 ] } },
{ "type": "Feature", "properties": { "ID": "365126601", "正式名称": "さとう調剤薬局", "機関区分": 5, "都道府県コード": 36, "市区町村コード": 203, "所在地": "徳島県小松島市赤石町１４ー２５", "緯度": 33.980257, "経度": 134.611235, "url": "https://www.iryou.teikyouseido.mhlw.go.jp/znk-web/juminkanja/S2430/initialize?prefCd=36&kikanCd=126601&kikanKbn=5", "url2": null, "内容": "さとう調剤薬局【5:薬局】徳島県小松島市赤石町１４ー２５" }, "geometry": { "type": "Point", "coordinates": [ 134.611235, 33.980257 ] } },
{ "type": "Feature", "properties": { "ID": "365126801", "正式名称": "かみかつ調剤薬局", "機関区分": 5, "都道府県コード": 36, "市区町村コード": 302, "所在地": "徳島県勝浦郡上勝町大字正木字西浦１１１ー７", "緯度": 33.92091, "経度": 134.42651, "url": "https://www.iryou.teikyouseido.mhlw.go.jp/znk-web/juminkanja/S2430/initialize?prefCd=36&kikanCd=126801&kikanKbn=5", "url2": null, "内容": "かみかつ調剤薬局【5:薬局】徳島県勝浦郡上勝町大字正木字西浦１１１ー７" }, "geometry": { "type": "Point", "coordinates": [ 134.42651, 33.92091 ] } },
{ "type": "Feature", "properties": { "ID": "365126901", "正式名称": "レデイ薬局　羽ノ浦店", "機関区分": 5, "都道府県コード": 36, "市区町村コード": 203, "所在地": "徳島県小松島市大林町字高橋５１番地１", "緯度": 33.965592, "経度": 134.619467, "url": "https://www.iryou.teikyouseido.mhlw.go.jp/znk-web/juminkanja/S2430/initialize?prefCd=36&kikanCd=126901&kikanKbn=5", "url2": "http://www.lady-drug.co.jp/", "内容": "レデイ薬局　羽ノ浦店【5:薬局】徳島県小松島市大林町字高橋５１番地１" }, "geometry": { "type": "Point", "coordinates": [ 134.619467, 33.965592 ] } },
{ "type": "Feature", "properties": { "ID": "365127101", "正式名称": "サザン調剤薬局　金磯", "機関区分": 5, "都道府県コード": 36, "市区町村コード": 203, "所在地": "徳島県小松島市金磯町９番７３号", "緯度": 33.992142, "経度": 134.603719, "url": "https://www.iryou.teikyouseido.mhlw.go.jp/znk-web/juminkanja/S2430/initialize?prefCd=36&kikanCd=127101&kikanKbn=5", "url2": "https://www.sazan-chouzai.com", "内容": "サザン調剤薬局　金磯【5:薬局】徳島県小松島市金磯町９番７３号" }, "geometry": { "type": "Point", "coordinates": [ 134.603719, 33.992142 ] } },
{ "type": "Feature", "properties": { "ID": "365130701", "正式名称": "アナン薬局", "機関区分": 5, "都道府県コード": 36, "市区町村コード": 204, "所在地": "徳島県阿南市富岡町滝ノ下１７－４", "緯度": 33.917193, "経度": 134.661596, "url": "https://www.iryou.teikyouseido.mhlw.go.jp/znk-web/juminkanja/S2430/initialize?prefCd=36&kikanCd=130701&kikanKbn=5", "url2": null, "内容": "アナン薬局【5:薬局】徳島県阿南市富岡町滝ノ下１７－４" }, "geometry": { "type": "Point", "coordinates": [ 134.661596, 33.917193 ] } },
{ "type": "Feature", "properties": { "ID": "365130901", "正式名称": "ひまわり調剤薬局", "機関区分": 5, "都道府県コード": 36, "市区町村コード": 204, "所在地": "徳島県阿南市宝田町川原１１番地３", "緯度": 33.923582, "経度": 134.64608, "url": "https://www.iryou.teikyouseido.mhlw.go.jp/znk-web/juminkanja/S2430/initialize?prefCd=36&kikanCd=130901&kikanKbn=5", "url2": null, "内容": "ひまわり調剤薬局【5:薬局】徳島県阿南市宝田町川原１１番地３" }, "geometry": { "type": "Point", "coordinates": [ 134.64608, 33.923582 ] } },
{ "type": "Feature", "properties": { "ID": "365131501", "正式名称": "ぐんも調剤薬局　橘店", "機関区分": 5, "都道府県コード": 36, "市区町村コード": 204, "所在地": "徳島県阿南市津乃峰町東分２３１ー１０", "緯度": 33.888083, "経度": 134.651486, "url": "https://www.iryou.teikyouseido.mhlw.go.jp/znk-web/juminkanja/S2430/initialize?prefCd=36&kikanCd=131501&kikanKbn=5", "url2": null, "内容": "ぐんも調剤薬局　橘店【5:薬局】徳島県阿南市津乃峰町東分２３１ー１０" }, "geometry": { "type": "Point", "coordinates": [ 134.651486, 33.888083 ] } },
{ "type": "Feature", "properties": { "ID": "365131601", "正式名称": "株式会社　津乃峰薬局", "機関区分": 5, "都道府県コード": 36, "市区町村コード": 204, "所在地": "徳島県阿南市津乃峰町長浜２８７－３", "緯度": 33.890674, "経度": 134.655797, "url": "https://www.iryou.teikyouseido.mhlw.go.jp/znk-web/juminkanja/S2430/initialize?prefCd=36&kikanCd=131601&kikanKbn=5", "url2": null, "内容": "株式会社　津乃峰薬局【5:薬局】徳島県阿南市津乃峰町長浜２８７－３" }, "geometry": { "type": "Point", "coordinates": [ 134.655797, 33.890674 ] } },
{ "type": "Feature", "properties": { "ID": "365132501", "正式名称": "やまもも調剤薬局　宝田", "機関区分": 5, "都道府県コード": 36, "市区町村コード": 204, "所在地": "徳島県阿南市宝田町今市イシン坊８－６", "緯度": 33.924184, "経度": 134.643314, "url": "https://www.iryou.teikyouseido.mhlw.go.jp/znk-web/juminkanja/S2430/initialize?prefCd=36&kikanCd=132501&kikanKbn=5", "url2": null, "内容": "やまもも調剤薬局　宝田【5:薬局】徳島県阿南市宝田町今市イシン坊８－６" }, "geometry": { "type": "Point", "coordinates": [ 134.643314, 33.924184 ] } },
{ "type": "Feature", "properties": { "ID": "365132601", "正式名称": "トマト調剤薬局　見能林店", "機関区分": 5, "都道府県コード": 36, "市区町村コード": 204, "所在地": "徳島県阿南市見能林町念仏免１７ー１６", "緯度": 33.902431, "経度": 134.669668, "url": "https://www.iryou.teikyouseido.mhlw.go.jp/znk-web/juminkanja/S2430/initialize?prefCd=36&kikanCd=132601&kikanKbn=5", "url2": "https://releap.co.jp/", "内容": "トマト調剤薬局　見能林店【5:薬局】徳島県阿南市見能林町念仏免１７ー１６" }, "geometry": { "type": "Point", "coordinates": [ 134.669668, 33.902431 ] } },
{ "type": "Feature", "properties": { "ID": "365132701", "正式名称": "トマト調剤薬局　日開野店", "機関区分": 5, "都道府県コード": 36, "市区町村コード": 204, "所在地": "徳島県阿南市領家町土倉１６ー１", "緯度": 33.920559, "経度": 134.667562, "url": "https://www.iryou.teikyouseido.mhlw.go.jp/znk-web/juminkanja/S2430/initialize?prefCd=36&kikanCd=132701&kikanKbn=5", "url2": "https://releap.co.jp/", "内容": "トマト調剤薬局　日開野店【5:薬局】徳島県阿南市領家町土倉１６ー１" }, "geometry": { "type": "Point", "coordinates": [ 134.667562, 33.920559 ] } },
{ "type": "Feature", "properties": { "ID": "365132801", "正式名称": "やまもも調剤薬局　富岡", "機関区分": 5, "都道府県コード": 36, "市区町村コード": 204, "所在地": "徳島県阿南市富岡町今福寺７１－１０", "緯度": 33.919807, "経度": 134.661782, "url": "https://www.iryou.teikyouseido.mhlw.go.jp/znk-web/juminkanja/S2430/initialize?prefCd=36&kikanCd=132801&kikanKbn=5", "url2": null, "内容": "やまもも調剤薬局　富岡【5:薬局】徳島県阿南市富岡町今福寺７１－１０" }, "geometry": { "type": "Point", "coordinates": [ 134.661782, 33.919807 ] } },
{ "type": "Feature", "properties": { "ID": "365133001", "正式名称": "富尾薬局", "機関区分": 5, "都道府県コード": 36, "市区町村コード": 204, "所在地": "徳島県阿南市西路見町元村１０１の１", "緯度": 33.925972, "経度": 134.672345, "url": "https://www.iryou.teikyouseido.mhlw.go.jp/znk-web/juminkanja/S2430/initialize?prefCd=36&kikanCd=133001&kikanKbn=5", "url2": null, "内容": "富尾薬局【5:薬局】徳島県阿南市西路見町元村１０１の１" }, "geometry": { "type": "Point", "coordinates": [ 134.672345, 33.925972 ] } },
{ "type": "Feature", "properties": { "ID": "365133201", "正式名称": "トマト調剤薬局　高専前店", "機関区分": 5, "都道府県コード": 36, "市区町村コード": 204, "所在地": "徳島県阿南市見能林町上かうや２３－９", "緯度": 33.899954, "経度": 134.667537, "url": "https://www.iryou.teikyouseido.mhlw.go.jp/znk-web/juminkanja/S2430/initialize?prefCd=36&kikanCd=133201&kikanKbn=5", "url2": "https://releap.co.jp/", "内容": "トマト調剤薬局　高専前店【5:薬局】徳島県阿南市見能林町上かうや２３－９" }, "geometry": { "type": "Point", "coordinates": [ 134.667537, 33.899954 ] } },
{ "type": "Feature", "properties": { "ID": "365133401", "正式名称": "はじめ調剤薬局　富岡店", "機関区分": 5, "都道府県コード": 36, "市区町村コード": 204, "所在地": "徳島県阿南市富岡町東仲町３１６番地", "緯度": 33.921329, "経度": 134.653905, "url": "https://www.iryou.teikyouseido.mhlw.go.jp/znk-web/juminkanja/S2430/initialize?prefCd=36&kikanCd=133401&kikanKbn=5", "url2": null, "内容": "はじめ調剤薬局　富岡店【5:薬局】徳島県阿南市富岡町東仲町３１６番地" }, "geometry": { "type": "Point", "coordinates": [ 134.653905, 33.921329 ] } },
{ "type": "Feature", "properties": { "ID": "365133601", "正式名称": "くるみ薬局", "機関区分": 5, "都道府県コード": 36, "市区町村コード": 204, "所在地": "徳島県阿南市津乃峰町新浜１９－９９", "緯度": 33.886504, "経度": 134.662265, "url": "https://www.iryou.teikyouseido.mhlw.go.jp/znk-web/juminkanja/S2430/initialize?prefCd=36&kikanCd=133601&kikanKbn=5", "url2": "https://www.support-dp.jp/", "内容": "くるみ薬局【5:薬局】徳島県阿南市津乃峰町新浜１９－９９" }, "geometry": { "type": "Point", "coordinates": [ 134.662265, 33.886504 ] } },
{ "type": "Feature", "properties": { "ID": "365133801", "正式名称": "ハート調剤薬局　羽ノ浦店", "機関区分": 5, "都道府県コード": 36, "市区町村コード": 204, "所在地": "徳島県阿南市羽ノ浦町中庄市４３ー１　ルミナスハイム羽ノ浦３", "緯度": 33.959815, "経度": 134.627155, "url": "https://www.iryou.teikyouseido.mhlw.go.jp/znk-web/juminkanja/S2430/initialize?prefCd=36&kikanCd=133801&kikanKbn=5", "url2": "https://kyosei-bs.co.jp/", "内容": "ハート調剤薬局　羽ノ浦店【5:薬局】徳島県阿南市羽ノ浦町中庄市４３ー１　ルミナスハイム羽ノ浦３" }, "geometry": { "type": "Point", "coordinates": [ 134.627155, 33.959815 ] } },
{ "type": "Feature", "properties": { "ID": "365133901", "正式名称": "アップル調剤薬局　学原店", "機関区分": 5, "都道府県コード": 36, "市区町村コード": 204, "所在地": "徳島県阿南市学原町上水田１１ー１", "緯度": 33.913335, "経度": 134.665085, "url": "https://www.iryou.teikyouseido.mhlw.go.jp/znk-web/juminkanja/S2430/initialize?prefCd=36&kikanCd=133901&kikanKbn=5", "url2": "http://www.apple-pharmacy.jp", "内容": "アップル調剤薬局　学原店【5:薬局】徳島県阿南市学原町上水田１１ー１" }, "geometry": { "type": "Point", "coordinates": [ 134.665085, 33.913335 ] } },
{ "type": "Feature", "properties": { "ID": "365134101", "正式名称": "内原調剤薬局", "機関区分": 5, "都道府県コード": 36, "市区町村コード": 204, "所在地": "徳島県阿南市内原町筒崎１５番地１", "緯度": 33.879967, "経度": 134.621864, "url": "https://www.iryou.teikyouseido.mhlw.go.jp/znk-web/juminkanja/S2430/initialize?prefCd=36&kikanCd=134101&kikanKbn=5", "url2": "http://shikocyo.com/", "内容": "内原調剤薬局【5:薬局】徳島県阿南市内原町筒崎１５番地１" }, "geometry": { "type": "Point", "coordinates": [ 134.621864, 33.879967 ] } },
{ "type": "Feature", "properties": { "ID": "365134401", "正式名称": "オリオン調剤薬局　上中店", "機関区分": 5, "都道府県コード": 36, "市区町村コード": 204, "所在地": "徳島県阿南市上中町岡３５７－３", "緯度": 33.927786, "経度": 134.619803, "url": "https://www.iryou.teikyouseido.mhlw.go.jp/znk-web/juminkanja/S2430/initialize?prefCd=36&kikanCd=134401&kikanKbn=5", "url2": "orion.aikotoba.jp", "内容": "オリオン調剤薬局　上中店【5:薬局】徳島県阿南市上中町岡３５７－３" }, "geometry": { "type": "Point", "coordinates": [ 134.619803, 33.927786 ] } },
{ "type": "Feature", "properties": { "ID": "365136001", "正式名称": "有限会社　大津薬局　駅前本店", "機関区分": 5, "都道府県コード": 36, "市区町村コード": 204, "所在地": "徳島県阿南市富岡町今福寺４０－１８", "緯度": 33.918712, "経度": 134.662243, "url": "https://www.iryou.teikyouseido.mhlw.go.jp/znk-web/juminkanja/S2430/initialize?prefCd=36&kikanCd=136001&kikanKbn=5", "url2": null, "内容": "有限会社　大津薬局　駅前本店【5:薬局】徳島県阿南市富岡町今福寺４０－１８" }, "geometry": { "type": "Point", "coordinates": [ 134.662243, 33.918712 ] } },
{ "type": "Feature", "properties": { "ID": "365136701", "正式名称": "アップル調剤薬局　赤池店", "機関区分": 5, "都道府県コード": 36, "市区町村コード": 204, "所在地": "徳島県阿南市那賀川町赤池１７５番地３", "緯度": 33.94069, "経度": 134.664334, "url": "https://www.iryou.teikyouseido.mhlw.go.jp/znk-web/juminkanja/S2430/initialize?prefCd=36&kikanCd=136701&kikanKbn=5", "url2": "http://www.apple-pharmacy.jp", "内容": "アップル調剤薬局　赤池店【5:薬局】徳島県阿南市那賀川町赤池１７５番地３" }, "geometry": { "type": "Point", "coordinates": [ 134.664334, 33.94069 ] } },
{ "type": "Feature", "properties": { "ID": "365136801", "正式名称": "アップル調剤薬局　大野店", "機関区分": 5, "都道府県コード": 36, "市区町村コード": 204, "所在地": "徳島県阿南市中大野町北傍示４８３番地１", "緯度": 33.932502, "経度": 134.592703, "url": "https://www.iryou.teikyouseido.mhlw.go.jp/znk-web/juminkanja/S2430/initialize?prefCd=36&kikanCd=136801&kikanKbn=5", "url2": "https://www.apple-pharmacy.jp/", "内容": "アップル調剤薬局　大野店【5:薬局】徳島県阿南市中大野町北傍示４８３番地１" }, "geometry": { "type": "Point", "coordinates": [ 134.592703, 33.932502 ] } },
{ "type": "Feature", "properties": { "ID": "365137101", "正式名称": "ファルコ薬局　日野谷店", "機関区分": 5, "都道府県コード": 36, "市区町村コード": 368, "所在地": "徳島県那賀郡那賀町大久保字大西１０—１", "緯度": 33.79099, "経度": 134.44327, "url": "https://www.iryou.teikyouseido.mhlw.go.jp/znk-web/juminkanja/S2430/initialize?prefCd=36&kikanCd=137101&kikanKbn=5", "url2": "http://www.falco-pharm.co.jp/", "内容": "ファルコ薬局　日野谷店【5:薬局】徳島県那賀郡那賀町大久保字大西１０—１" }, "geometry": { "type": "Point", "coordinates": [ 134.44327, 33.79099 ] } },
{ "type": "Feature", "properties": { "ID": "365137201", "正式名称": "トマト調剤薬局　上那賀店", "機関区分": 5, "都道府県コード": 36, "市区町村コード": 368, "所在地": "徳島県那賀郡那賀町小浜１３７－４", "緯度": 33.806392, "経度": 134.372906, "url": "https://www.iryou.teikyouseido.mhlw.go.jp/znk-web/juminkanja/S2430/initialize?prefCd=36&kikanCd=137201&kikanKbn=5", "url2": "http://releap.co.jp/", "内容": "トマト調剤薬局　上那賀店【5:薬局】徳島県那賀郡那賀町小浜１３７－４" }, "geometry": { "type": "Point", "coordinates": [ 134.372906, 33.806392 ] } },
{ "type": "Feature", "properties": { "ID": "365137301", "正式名称": "アップル調剤薬局　中島店", "機関区分": 5, "都道府県コード": 36, "市区町村コード": 204, "所在地": "徳島県阿南市那賀川町中島４７７番地１", "緯度": 33.940065, "経度": 134.668556, "url": "https://www.iryou.teikyouseido.mhlw.go.jp/znk-web/juminkanja/S2430/initialize?prefCd=36&kikanCd=137301&kikanKbn=5", "url2": "http://www.apple-pharmacy.jp", "内容": "アップル調剤薬局　中島店【5:薬局】徳島県阿南市那賀川町中島４７７番地１" }, "geometry": { "type": "Point", "coordinates": [ 134.668556, 33.940065 ] } },
{ "type": "Feature", "properties": { "ID": "365137501", "正式名称": "トマト調剤薬局　宮倉店", "機関区分": 5, "都道府県コード": 36, "市区町村コード": 204, "所在地": "徳島県阿南市羽ノ浦町宮倉太田３４ー１７", "緯度": 33.963704, "経度": 134.617553, "url": "https://www.iryou.teikyouseido.mhlw.go.jp/znk-web/juminkanja/S2430/initialize?prefCd=36&kikanCd=137501&kikanKbn=5", "url2": "https://releap.co.jp/", "内容": "トマト調剤薬局　宮倉店【5:薬局】徳島県阿南市羽ノ浦町宮倉太田３４ー１７" }, "geometry": { "type": "Point", "coordinates": [ 134.617553, 33.963704 ] } },
{ "type": "Feature", "properties": { "ID": "365137601", "正式名称": "トマト調剤薬局　那賀店", "機関区分": 5, "都道府県コード": 36, "市区町村コード": 368, "所在地": "徳島県那賀郡那賀町延野字大原２０６ー１", "緯度": 33.819818, "経度": 134.482997, "url": "https://www.iryou.teikyouseido.mhlw.go.jp/znk-web/juminkanja/S2430/initialize?prefCd=36&kikanCd=137601&kikanKbn=5", "url2": "https://releap.co.jp/", "内容": "トマト調剤薬局　那賀店【5:薬局】徳島県那賀郡那賀町延野字大原２０６ー１" }, "geometry": { "type": "Point", "coordinates": [ 134.482997, 33.819818 ] } },
{ "type": "Feature", "properties": { "ID": "365137801", "正式名称": "トマト調剤薬局　才見店", "機関区分": 5, "都道府県コード": 36, "市区町村コード": 204, "所在地": "徳島県阿南市才見町屋那婆２５番地１", "緯度": 33.915256, "経度": 134.674197, "url": "https://www.iryou.teikyouseido.mhlw.go.jp/znk-web/juminkanja/S2430/initialize?prefCd=36&kikanCd=137801&kikanKbn=5", "url2": "https://releap.co.jp/", "内容": "トマト調剤薬局　才見店【5:薬局】徳島県阿南市才見町屋那婆２５番地１" }, "geometry": { "type": "Point", "coordinates": [ 134.674197, 33.915256 ] } },
{ "type": "Feature", "properties": { "ID": "365138001", "正式名称": "オリーブ薬局　阿南店", "機関区分": 5, "都道府県コード": 36, "市区町村コード": 204, "所在地": "徳島県阿南市日開野町谷田５１１－９", "緯度": 33.917396, "経度": 134.674011, "url": "https://www.iryou.teikyouseido.mhlw.go.jp/znk-web/juminkanja/S2430/initialize?prefCd=36&kikanCd=138001&kikanKbn=5", "url2": "http://olive-ph.net/", "内容": "オリーブ薬局　阿南店【5:薬局】徳島県阿南市日開野町谷田５１１－９" }, "geometry": { "type": "Point", "coordinates": [ 134.674011, 33.917396 ] } },
{ "type": "Feature", "properties": { "ID": "365138101", "正式名称": "ありす調剤薬局　阿南店", "機関区分": 5, "都道府県コード": 36, "市区町村コード": 204, "所在地": "徳島県阿南市上中町南島３２５番地１", "緯度": 33.936982, "経度": 134.624001, "url": "https://www.iryou.teikyouseido.mhlw.go.jp/znk-web/juminkanja/S2430/initialize?prefCd=36&kikanCd=138101&kikanKbn=5", "url2": null, "内容": "ありす調剤薬局　阿南店【5:薬局】徳島県阿南市上中町南島３２５番地１" }, "geometry": { "type": "Point", "coordinates": [ 134.624001, 33.936982 ] } },
{ "type": "Feature", "properties": { "ID": "365138201", "正式名称": "阿南ドレミ調剤薬局", "機関区分": 5, "都道府県コード": 36, "市区町村コード": 204, "所在地": "徳島県阿南市西路見町元村２８－１", "緯度": 33.926992, "経度": 134.674593, "url": "https://www.iryou.teikyouseido.mhlw.go.jp/znk-web/juminkanja/S2430/initialize?prefCd=36&kikanCd=138201&kikanKbn=5", "url2": "http://www.doremipharmacy.com/", "内容": "阿南ドレミ調剤薬局【5:薬局】徳島県阿南市西路見町元村２８－１" }, "geometry": { "type": "Point", "coordinates": [ 134.674593, 33.926992 ] } },
{ "type": "Feature", "properties": { "ID": "365138401", "正式名称": "きりん調剤薬局　羽ノ浦店", "機関区分": 5, "都道府県コード": 36, "市区町村コード": 204, "所在地": "徳島県阿南市羽ノ浦町宮倉羽ノ浦居内６４", "緯度": 33.958434, "経度": 134.625718, "url": "https://www.iryou.teikyouseido.mhlw.go.jp/znk-web/juminkanja/S2430/initialize?prefCd=36&kikanCd=138401&kikanKbn=5", "url2": "https://shikoku-ms.com/archives/899/", "内容": "きりん調剤薬局　羽ノ浦店【5:薬局】徳島県阿南市羽ノ浦町宮倉羽ノ浦居内６４" }, "geometry": { "type": "Point", "coordinates": [ 134.625718, 33.958434 ] } },
{ "type": "Feature", "properties": { "ID": "365138501", "正式名称": "コノブ薬局", "機関区分": 5, "都道府県コード": 36, "市区町村コード": 368, "所在地": "徳島県那賀郡那賀町中山字小延３ー３", "緯度": 33.855244, "経度": 134.5143, "url": "https://www.iryou.teikyouseido.mhlw.go.jp/znk-web/juminkanja/S2430/initialize?prefCd=36&kikanCd=138501&kikanKbn=5", "url2": null, "内容": "コノブ薬局【5:薬局】徳島県那賀郡那賀町中山字小延３ー３" }, "geometry": { "type": "Point", "coordinates": [ 134.5143, 33.855244 ] } },
{ "type": "Feature", "properties": { "ID": "365138601", "正式名称": "コノブ調剤薬局", "機関区分": 5, "都道府県コード": 36, "市区町村コード": 368, "所在地": "徳島県那賀郡那賀町和食郷字南川９６－４", "緯度": 33.857517, "経度": 134.497691, "url": "https://www.iryou.teikyouseido.mhlw.go.jp/znk-web/juminkanja/S2430/initialize?prefCd=36&kikanCd=138601&kikanKbn=5", "url2": null, "内容": "コノブ調剤薬局【5:薬局】徳島県那賀郡那賀町和食郷字南川９６－４" }, "geometry": { "type": "Point", "coordinates": [ 134.497691, 33.857517 ] } },
{ "type": "Feature", "properties": { "ID": "365138701", "正式名称": "アップル調剤薬局　富岡店", "機関区分": 5, "都道府県コード": 36, "市区町村コード": 204, "所在地": "徳島県阿南市富岡町内町１５８番地１", "緯度": 33.922092, "経度": 134.654639, "url": "https://www.iryou.teikyouseido.mhlw.go.jp/znk-web/juminkanja/S2430/initialize?prefCd=36&kikanCd=138701&kikanKbn=5", "url2": "https://apple-pharmacy.jp/", "内容": "アップル調剤薬局　富岡店【5:薬局】徳島県阿南市富岡町内町１５８番地１" }, "geometry": { "type": "Point", "coordinates": [ 134.654639, 33.922092 ] } },
{ "type": "Feature", "properties": { "ID": "365138801", "正式名称": "羽ノ浦調剤薬局", "機関区分": 5, "都道府県コード": 36, "市区町村コード": 204, "所在地": "徳島県阿南市羽ノ浦町宮倉太田４－１", "緯度": 33.964398, "経度": 134.620487, "url": "https://www.iryou.teikyouseido.mhlw.go.jp/znk-web/juminkanja/S2430/initialize?prefCd=36&kikanCd=138801&kikanKbn=5", "url2": "https://www.global-assist.jp/", "内容": "羽ノ浦調剤薬局【5:薬局】徳島県阿南市羽ノ浦町宮倉太田４－１" }, "geometry": { "type": "Point", "coordinates": [ 134.620487, 33.964398 ] } },
{ "type": "Feature", "properties": { "ID": "365138901", "正式名称": "おおざと薬局　羽ノ浦店", "機関区分": 5, "都道府県コード": 36, "市区町村コード": 204, "所在地": "徳島県阿南市羽ノ浦町宮倉前田２番地６", "緯度": 33.964534, "経度": 134.623095, "url": "https://www.iryou.teikyouseido.mhlw.go.jp/znk-web/juminkanja/S2430/initialize?prefCd=36&kikanCd=138901&kikanKbn=5", "url2": "https://oozato-pharmacy.com/", "内容": "おおざと薬局　羽ノ浦店【5:薬局】徳島県阿南市羽ノ浦町宮倉前田２番地６" }, "geometry": { "type": "Point", "coordinates": [ 134.623095, 33.964534 ] } },
{ "type": "Feature", "properties": { "ID": "365139001", "正式名称": "アイン薬局阿南医療センター店", "機関区分": 5, "都道府県コード": 36, "市区町村コード": 204, "所在地": "徳島県阿南市宝田町川原６－１", "緯度": 33.924125, "経度": 134.64579, "url": "https://www.iryou.teikyouseido.mhlw.go.jp/znk-web/juminkanja/S2430/initialize?prefCd=36&kikanCd=139001&kikanKbn=5", "url2": null, "内容": "アイン薬局阿南医療センター店【5:薬局】徳島県阿南市宝田町川原６－１" }, "geometry": { "type": "Point", "coordinates": [ 134.64579, 33.924125 ] } },
{ "type": "Feature", "properties": { "ID": "365139101", "正式名称": "アップル調剤薬局羽ノ浦店", "機関区分": 5, "都道府県コード": 36, "市区町村コード": 204, "所在地": "徳島県阿南市羽ノ浦町宮倉芝生４１番２", "緯度": 33.962049, "経度": 134.621466, "url": "https://www.iryou.teikyouseido.mhlw.go.jp/znk-web/juminkanja/S2430/initialize?prefCd=36&kikanCd=139101&kikanKbn=5", "url2": "https://apple-pharmacy.jp/", "内容": "アップル調剤薬局羽ノ浦店【5:薬局】徳島県阿南市羽ノ浦町宮倉芝生４１番２" }, "geometry": { "type": "Point", "coordinates": [ 134.621466, 33.962049 ] } },
{ "type": "Feature", "properties": { "ID": "365139201", "正式名称": "きりん調剤薬局　富岡店", "機関区分": 5, "都道府県コード": 36, "市区町村コード": 204, "所在地": "徳島県阿南市富岡町東新町１２２", "緯度": 33.92216, "経度": 134.6538, "url": "https://www.iryou.teikyouseido.mhlw.go.jp/znk-web/juminkanja/S2430/initialize?prefCd=36&kikanCd=139201&kikanKbn=5", "url2": null, "内容": "きりん調剤薬局　富岡店【5:薬局】徳島県阿南市富岡町東新町１２２" }, "geometry": { "type": "Point", "coordinates": [ 134.6538, 33.92216 ] } },
{ "type": "Feature", "properties": { "ID": "365139301", "正式名称": "おおざと薬局　阿南店", "機関区分": 5, "都道府県コード": 36, "市区町村コード": 204, "所在地": "徳島県阿南市西路見町元村１２番地１", "緯度": 33.926673, "経度": 134.67301, "url": "https://www.iryou.teikyouseido.mhlw.go.jp/znk-web/juminkanja/S2430/initialize?prefCd=36&kikanCd=139301&kikanKbn=5", "url2": "https://oozato-pharmacy.com", "内容": "おおざと薬局　阿南店【5:薬局】徳島県阿南市西路見町元村１２番地１" }, "geometry": { "type": "Point", "coordinates": [ 134.67301, 33.926673 ] } },
{ "type": "Feature", "properties": { "ID": "健康堂薬局　小山田店", "正式名称": "三愛薬局　鳴門支店", "機関区分": 5, "都道府県コード": 36, "市区町村コード": 202, "所在地": "徳島県鳴門市撫養町南浜字東浜３６６番地２", "緯度": 34.176384, "経度": 134.608997, "url": "https://www.iryou.teikyouseido.mhlw.go.jp/znk-web/juminkanja/S2430/initialize?prefCd=36&kikanCd=薬局　小山田店&kikanKbn=5", "url2": "http://san-ai-ph.jp", "内容": "三愛薬局　鳴門支店【5:薬局】徳島県鳴門市撫養町南浜字東浜３６６番地２" }, "geometry": { "type": "Point", "coordinates": [ 134.608997, 34.176384 ] } },
{ "type": "Feature", "properties": { "ID": "365141801", "正式名称": "河野薬局", "機関区分": 5, "都道府県コード": 36, "市区町村コード": 202, "所在地": "徳島県鳴門市撫養町南浜字蛭子前東３９－１", "緯度": 34.175239, "経度": 134.603112, "url": "https://www.iryou.teikyouseido.mhlw.go.jp/znk-web/juminkanja/S2430/initialize?prefCd=36&kikanCd=141801&kikanKbn=5", "url2": null, "内容": "河野薬局【5:薬局】徳島県鳴門市撫養町南浜字蛭子前東３９－１" }, "geometry": { "type": "Point", "coordinates": [ 134.603112, 34.175239 ] } },
{ "type": "Feature", "properties": { "ID": "365141901", "正式名称": "泉薬局", "機関区分": 5, "都道府県コード": 36, "市区町村コード": 202, "所在地": "徳島県鳴門市撫養町南浜字東浜５２５", "緯度": 34.174679, "経度": 134.605703, "url": "https://www.iryou.teikyouseido.mhlw.go.jp/znk-web/juminkanja/S2430/initialize?prefCd=36&kikanCd=141901&kikanKbn=5", "url2": null, "内容": "泉薬局【5:薬局】徳島県鳴門市撫養町南浜字東浜５２５" }, "geometry": { "type": "Point", "coordinates": [ 134.605703, 34.174679 ] } },
{ "type": "Feature", "properties": { "ID": "365142101", "正式名称": "山田調剤薬局", "機関区分": 5, "都道府県コード": 36, "市区町村コード": 202, "所在地": "徳島県鳴門市撫養町黒崎字八幡１１０ー２", "緯度": 34.183567, "経度": 134.595229, "url": "https://www.iryou.teikyouseido.mhlw.go.jp/znk-web/juminkanja/S2430/initialize?prefCd=36&kikanCd=142101&kikanKbn=5", "url2": null, "内容": "山田調剤薬局【5:薬局】徳島県鳴門市撫養町黒崎字八幡１１０ー２" }, "geometry": { "type": "Point", "coordinates": [ 134.595229, 34.183567 ] } },
{ "type": "Feature", "properties": { "ID": "365142201", "正式名称": "ぐんも調剤薬局　鳴門店", "機関区分": 5, "都道府県コード": 36, "市区町村コード": 202, "所在地": "徳島県鳴門市撫養町黒崎字八幡１２２－１", "緯度": 34.183702, "経度": 134.593283, "url": "https://www.iryou.teikyouseido.mhlw.go.jp/znk-web/juminkanja/S2430/initialize?prefCd=36&kikanCd=142201&kikanKbn=5", "url2": null, "内容": "ぐんも調剤薬局　鳴門店【5:薬局】徳島県鳴門市撫養町黒崎字八幡１２２－１" }, "geometry": { "type": "Point", "coordinates": [ 134.593283, 34.183702 ] } },
{ "type": "Feature", "properties": { "ID": "365142801", "正式名称": "健美堂おれんぢ薬局", "機関区分": 5, "都道府県コード": 36, "市区町村コード": 202, "所在地": "徳島県鳴門市撫養町大桑島字濘岩浜３０ー７", "緯度": 34.181953, "経度": 134.610916, "url": "https://www.iryou.teikyouseido.mhlw.go.jp/znk-web/juminkanja/S2430/initialize?prefCd=36&kikanCd=142801&kikanKbn=5", "url2": null, "内容": "健美堂おれんぢ薬局【5:薬局】徳島県鳴門市撫養町大桑島字濘岩浜３０ー７" }, "geometry": { "type": "Point", "coordinates": [ 134.610916, 34.181953 ] } },
{ "type": "Feature", "properties": { "ID": "365143101", "正式名称": "へるし～さとう薬局", "機関区分": 5, "都道府県コード": 36, "市区町村コード": 202, "所在地": "徳島県鳴門市撫養町黒崎字八幡９８番１", "緯度": 34.183675, "経度": 134.595496, "url": "https://www.iryou.teikyouseido.mhlw.go.jp/znk-web/juminkanja/S2430/initialize?prefCd=36&kikanCd=143101&kikanKbn=5", "url2": null, "内容": "へるし～さとう薬局【5:薬局】徳島県鳴門市撫養町黒崎字八幡９８番１" }, "geometry": { "type": "Point", "coordinates": [ 134.595496, 34.183675 ] } },
{ "type": "Feature", "properties": { "ID": "365143201", "正式名称": "鳴門調剤薬局", "機関区分": 5, "都道府県コード": 36, "市区町村コード": 202, "所在地": "徳島県鳴門市撫養町黒崎字八幡９８ー１", "緯度": 34.183675, "経度": 134.595496, "url": "https://www.iryou.teikyouseido.mhlw.go.jp/znk-web/juminkanja/S2430/initialize?prefCd=36&kikanCd=143201&kikanKbn=5", "url2": null, "内容": "鳴門調剤薬局【5:薬局】徳島県鳴門市撫養町黒崎字八幡９８ー１" }, "geometry": { "type": "Point", "coordinates": [ 134.595496, 34.183675 ] } },
{ "type": "Feature", "properties": { "ID": "365143701", "正式名称": "トマト調剤薬局　大津店", "機関区分": 5, "都道府県コード": 36, "市区町村コード": 202, "所在地": "徳島県鳴門市大津町大代字西ノ須１０２ー２", "緯度": 34.159261, "経度": 134.578421, "url": "https://www.iryou.teikyouseido.mhlw.go.jp/znk-web/juminkanja/S2430/initialize?prefCd=36&kikanCd=143701&kikanKbn=5", "url2": "https://releap.co.jp/", "内容": "トマト調剤薬局　大津店【5:薬局】徳島県鳴門市大津町大代字西ノ須１０２ー２" }, "geometry": { "type": "Point", "coordinates": [ 134.578421, 34.159261 ] } },
{ "type": "Feature", "properties": { "ID": "365143901", "正式名称": "うずしお調剤薬局　高島店", "機関区分": 5, "都道府県コード": 36, "市区町村コード": 202, "所在地": "徳島県鳴門市鳴門町高島字山路４番地２", "緯度": 34.203655, "経度": 134.594757, "url": "https://www.iryou.teikyouseido.mhlw.go.jp/znk-web/juminkanja/S2430/initialize?prefCd=36&kikanCd=143901&kikanKbn=5", "url2": "cn-pharmacy.com", "内容": "うずしお調剤薬局　高島店【5:薬局】徳島県鳴門市鳴門町高島字山路４番地２" }, "geometry": { "type": "Point", "coordinates": [ 134.594757, 34.203655 ] } },
{ "type": "Feature", "properties": { "ID": "365144301", "正式名称": "レデイ薬局　鳴門店", "機関区分": 5, "都道府県コード": 36, "市区町村コード": 202, "所在地": "徳島県鳴門市撫養町黒崎字松島２２２番", "緯度": 34.188891, "経度": 134.598896, "url": "https://www.iryou.teikyouseido.mhlw.go.jp/znk-web/juminkanja/S2430/initialize?prefCd=36&kikanCd=144301&kikanKbn=5", "url2": "https://shop.tsuruha-g.com/4225c", "内容": "レデイ薬局　鳴門店【5:薬局】徳島県鳴門市撫養町黒崎字松島２２２番" }, "geometry": { "type": "Point", "coordinates": [ 134.598896, 34.188891 ] } },
{ "type": "Feature", "properties": { "ID": "365144601", "正式名称": "ひかり薬局　鳴門店", "機関区分": 5, "都道府県コード": 36, "市区町村コード": 202, "所在地": "徳島県鳴門市撫養町南浜字東浜５８１", "緯度": 34.175235, "経度": 134.606584, "url": "https://www.iryou.teikyouseido.mhlw.go.jp/znk-web/juminkanja/S2430/initialize?prefCd=36&kikanCd=144601&kikanKbn=5", "url2": "https://shikoku-ms.com/", "内容": "ひかり薬局　鳴門店【5:薬局】徳島県鳴門市撫養町南浜字東浜５８１" }, "geometry": { "type": "Point", "coordinates": [ 134.606584, 34.175235 ] } },
{ "type": "Feature", "properties": { "ID": "365144701", "正式名称": "たけ調剤薬局　吉永店", "機関区分": 5, "都道府県コード": 36, "市区町村コード": 202, "所在地": "徳島県鳴門市大津町吉永字四番越４７０ー７", "緯度": 34.167693, "経度": 134.600814, "url": "https://www.iryou.teikyouseido.mhlw.go.jp/znk-web/juminkanja/S2430/initialize?prefCd=36&kikanCd=144701&kikanKbn=5", "url2": null, "内容": "たけ調剤薬局　吉永店【5:薬局】徳島県鳴門市大津町吉永字四番越４７０ー７" }, "geometry": { "type": "Point", "coordinates": [ 134.600814, 34.167693 ] } },
{ "type": "Feature", "properties": { "ID": "365144801", "正式名称": "三愛薬局　斎田支店", "機関区分": 5, "都道府県コード": 36, "市区町村コード": 202, "所在地": "徳島県鳴門市撫養町斎田字大堤２２３番", "緯度": 34.176359, "経度": 134.607641, "url": "https://www.iryou.teikyouseido.mhlw.go.jp/znk-web/juminkanja/S2430/initialize?prefCd=36&kikanCd=144801&kikanKbn=5", "url2": "https://san-ai-ph.jp", "内容": "三愛薬局　斎田支店【5:薬局】徳島県鳴門市撫養町斎田字大堤２２３番" }, "geometry": { "type": "Point", "coordinates": [ 134.607641, 34.176359 ] } },
{ "type": "Feature", "properties": { "ID": "365144901", "正式名称": "キララ薬局", "機関区分": 5, "都道府県コード": 36, "市区町村コード": 202, "所在地": "徳島県鳴門市撫養町黒崎字小谷１－３", "緯度": 34.1834, "経度": 134.59558, "url": "https://www.iryou.teikyouseido.mhlw.go.jp/znk-web/juminkanja/S2430/initialize?prefCd=36&kikanCd=144901&kikanKbn=5", "url2": "http://kirarapharmacy.web.fc2.com/", "内容": "キララ薬局【5:薬局】徳島県鳴門市撫養町黒崎字小谷１－３" }, "geometry": { "type": "Point", "coordinates": [ 134.59558, 34.1834 ] } },
{ "type": "Feature", "properties": { "ID": "365145001", "正式名称": "板野会営調剤薬局", "機関区分": 5, "都道府県コード": 36, "市区町村コード": 404, "所在地": "徳島県板野郡板野町川端字新手崎３－３", "緯度": 34.13763, "経度": 134.470528, "url": "https://www.iryou.teikyouseido.mhlw.go.jp/znk-web/juminkanja/S2430/initialize?prefCd=36&kikanCd=145001&kikanKbn=5", "url2": null, "内容": "板野会営調剤薬局【5:薬局】徳島県板野郡板野町川端字新手崎３－３" }, "geometry": { "type": "Point", "coordinates": [ 134.470528, 34.13763 ] } },
{ "type": "Feature", "properties": { "ID": "365145201", "正式名称": "株式会社　柴田薬局", "機関区分": 5, "都道府県コード": 36, "市区町村コード": 404, "所在地": "徳島県板野郡板野町吹田字町南２７－７", "緯度": 34.143677, "経度": 134.462087, "url": "https://www.iryou.teikyouseido.mhlw.go.jp/znk-web/juminkanja/S2430/initialize?prefCd=36&kikanCd=145201&kikanKbn=5", "url2": "http://www.shibata-ph.com", "内容": "株式会社　柴田薬局【5:薬局】徳島県板野郡板野町吹田字町南２７－７" }, "geometry": { "type": "Point", "coordinates": [ 134.462087, 34.143677 ] } },
{ "type": "Feature", "properties": { "ID": "365146001", "正式名称": "柴田調剤薬局", "機関区分": 5, "都道府県コード": 36, "市区町村コード": 404, "所在地": "徳島県板野郡板野町大寺字大向北９９－３", "緯度": 34.135714, "経度": 134.470998, "url": "https://www.iryou.teikyouseido.mhlw.go.jp/znk-web/juminkanja/S2430/initialize?prefCd=36&kikanCd=146001&kikanKbn=5", "url2": "http://shibata-ph.com/", "内容": "柴田調剤薬局【5:薬局】徳島県板野郡板野町大寺字大向北９９－３" }, "geometry": { "type": "Point", "coordinates": [ 134.470998, 34.135714 ] } },
{ "type": "Feature", "properties": { "ID": "365146501", "正式名称": "有限会社　うさぎ調剤薬局　松茂店", "機関区分": 5, "都道府県コード": 36, "市区町村コード": 401, "所在地": "徳島県板野郡松茂町広島字南ノ川３９－２４", "緯度": 34.132907, "経度": 134.568305, "url": "https://www.iryou.teikyouseido.mhlw.go.jp/znk-web/juminkanja/S2430/initialize?prefCd=36&kikanCd=146501&kikanKbn=5", "url2": null, "内容": "有限会社　うさぎ調剤薬局　松茂店【5:薬局】徳島県板野郡松茂町広島字南ノ川３９－２４" }, "geometry": { "type": "Point", "coordinates": [ 134.568305, 34.132907 ] } },
{ "type": "Feature", "properties": { "ID": "365146701", "正式名称": "松茂サザン薬局", "機関区分": 5, "都道府県コード": 36, "市区町村コード": 401, "所在地": "徳島県板野郡松茂町広島字南ノ川３２ー４", "緯度": 34.132195, "経度": 134.567435, "url": "https://www.iryou.teikyouseido.mhlw.go.jp/znk-web/juminkanja/S2430/initialize?prefCd=36&kikanCd=146701&kikanKbn=5", "url2": "southern-ph.co.jp", "内容": "松茂サザン薬局【5:薬局】徳島県板野郡松茂町広島字南ノ川３２ー４" }, "geometry": { "type": "Point", "coordinates": [ 134.567435, 34.132195 ] } },
{ "type": "Feature", "properties": { "ID": "365146801", "正式名称": "キリン堂薬局　鳴門店", "機関区分": 5, "都道府県コード": 36, "市区町村コード": 202, "所在地": "徳島県鳴門市撫養町黒崎字松島１１０", "緯度": 34.184538, "経度": 134.599629, "url": "https://www.iryou.teikyouseido.mhlw.go.jp/znk-web/juminkanja/S2430/initialize?prefCd=36&kikanCd=146801&kikanKbn=5", "url2": "http://www.kirindo.co.jp/", "内容": "キリン堂薬局　鳴門店【5:薬局】徳島県鳴門市撫養町黒崎字松島１１０" }, "geometry": { "type": "Point", "coordinates": [ 134.599629, 34.184538 ] } },
{ "type": "Feature", "properties": { "ID": "365147101", "正式名称": "うずしお調剤薬局", "機関区分": 5, "都道府県コード": 36, "市区町村コード": 202, "所在地": "徳島県鳴門市撫養町斎田字北浜１３３", "緯度": 34.180497, "経度": 134.60266, "url": "https://www.iryou.teikyouseido.mhlw.go.jp/znk-web/juminkanja/S2430/initialize?prefCd=36&kikanCd=147101&kikanKbn=5", "url2": "cn-pharmacy.com", "内容": "うずしお調剤薬局【5:薬局】徳島県鳴門市撫養町斎田字北浜１３３" }, "geometry": { "type": "Point", "coordinates": [ 134.60266, 34.180497 ] } },
{ "type": "Feature", "properties": { "ID": "365147401", "正式名称": "たけ調剤薬局", "機関区分": 5, "都道府県コード": 36, "市区町村コード": 202, "所在地": "徳島県鳴門市撫養町斎田字大堤６３ー１０", "緯度": 34.176803, "経度": 134.605336, "url": "https://www.iryou.teikyouseido.mhlw.go.jp/znk-web/juminkanja/S2430/initialize?prefCd=36&kikanCd=147401&kikanKbn=5", "url2": null, "内容": "たけ調剤薬局【5:薬局】徳島県鳴門市撫養町斎田字大堤６３ー１０" }, "geometry": { "type": "Point", "coordinates": [ 134.605336, 34.176803 ] } },
{ "type": "Feature", "properties": { "ID": "365147501", "正式名称": "よしたけ調剤薬局　板東店", "機関区分": 5, "都道府県コード": 36, "市区町村コード": 202, "所在地": "徳島県鳴門市大麻町板東字東山田２番６号", "緯度": 34.157077, "経度": 134.508916, "url": "https://www.iryou.teikyouseido.mhlw.go.jp/znk-web/juminkanja/S2430/initialize?prefCd=36&kikanCd=147501&kikanKbn=5", "url2": "https://yoshitakeph.com/", "内容": "よしたけ調剤薬局　板東店【5:薬局】徳島県鳴門市大麻町板東字東山田２番６号" }, "geometry": { "type": "Point", "coordinates": [ 134.508916, 34.157077 ] } },
{ "type": "Feature", "properties": { "ID": "365147601", "正式名称": "サンコー薬局　羅漢店", "機関区分": 5, "都道府県コード": 36, "市区町村コード": 404, "所在地": "徳島県板野郡板野町羅漢字前田５８番１", "緯度": 34.133252, "経度": 134.432473, "url": "https://www.iryou.teikyouseido.mhlw.go.jp/znk-web/juminkanja/S2430/initialize?prefCd=36&kikanCd=147601&kikanKbn=5", "url2": "https://sanko-pharmacy.com/", "内容": "サンコー薬局　羅漢店【5:薬局】徳島県板野郡板野町羅漢字前田５８番１" }, "geometry": { "type": "Point", "coordinates": [ 134.432473, 34.133252 ] } },
{ "type": "Feature", "properties": { "ID": "365148001", "正式名称": "ひかり薬局　板野店", "機関区分": 5, "都道府県コード": 36, "市区町村コード": 404, "所在地": "徳島県板野郡板野町那東字楠木１ー１", "緯度": 34.135638, "経度": 134.439414, "url": "https://www.iryou.teikyouseido.mhlw.go.jp/znk-web/juminkanja/S2430/initialize?prefCd=36&kikanCd=148001&kikanKbn=5", "url2": "http://www.shikoku-ms.com/", "内容": "ひかり薬局　板野店【5:薬局】徳島県板野郡板野町那東字楠木１ー１" }, "geometry": { "type": "Point", "coordinates": [ 134.439414, 34.135638 ] } },
{ "type": "Feature", "properties": { "ID": "365148101", "正式名称": "トマト調剤薬局　松茂店", "機関区分": 5, "都道府県コード": 36, "市区町村コード": 401, "所在地": "徳島県板野郡松茂町広島字北ノ川４４番３", "緯度": 34.13438, "経度": 134.569833, "url": "https://www.iryou.teikyouseido.mhlw.go.jp/znk-web/juminkanja/S2430/initialize?prefCd=36&kikanCd=148101&kikanKbn=5", "url2": "http://releap.co.jp/", "内容": "トマト調剤薬局　松茂店【5:薬局】徳島県板野郡松茂町広島字北ノ川４４番３" }, "geometry": { "type": "Point", "coordinates": [ 134.569833, 34.13438 ] } },
{ "type": "Feature", "properties": { "ID": "365148301", "正式名称": "しのはら調剤薬局", "機関区分": 5, "都道府県コード": 36, "市区町村コード": 202, "所在地": "徳島県鳴門市撫養町立岩字六枚６７番地５", "緯度": 34.170724, "経度": 134.615017, "url": "https://www.iryou.teikyouseido.mhlw.go.jp/znk-web/juminkanja/S2430/initialize?prefCd=36&kikanCd=148301&kikanKbn=5", "url2": null, "内容": "しのはら調剤薬局【5:薬局】徳島県鳴門市撫養町立岩字六枚６７番地５" }, "geometry": { "type": "Point", "coordinates": [ 134.615017, 34.170724 ] } },
{ "type": "Feature", "properties": { "ID": "365148501", "正式名称": "ひかり薬局　鳴門北店", "機関区分": 5, "都道府県コード": 36, "市区町村コード": 202, "所在地": "徳島県鳴門市撫養町小桑島字前浜２００", "緯度": 34.181551, "経度": 134.606235, "url": "https://www.iryou.teikyouseido.mhlw.go.jp/znk-web/juminkanja/S2430/initialize?prefCd=36&kikanCd=148501&kikanKbn=5", "url2": "http://www.shikoku-ms.com", "内容": "ひかり薬局　鳴門北店【5:薬局】徳島県鳴門市撫養町小桑島字前浜２００" }, "geometry": { "type": "Point", "coordinates": [ 134.606235, 34.181551 ] } },
{ "type": "Feature", "properties": { "ID": "365148801", "正式名称": "三愛薬局　大津支店", "機関区分": 5, "都道府県コード": 36, "市区町村コード": 202, "所在地": "徳島県鳴門市大津町木津野字仲ノ越５１ー１", "緯度": 34.166229, "経度": 134.587326, "url": "https://www.iryou.teikyouseido.mhlw.go.jp/znk-web/juminkanja/S2430/initialize?prefCd=36&kikanCd=148801&kikanKbn=5", "url2": "https://san-ai-ph.jp/index.html", "内容": "三愛薬局　大津支店【5:薬局】徳島県鳴門市大津町木津野字仲ノ越５１ー１" }, "geometry": { "type": "Point", "coordinates": [ 134.587326, 34.166229 ] } },
{ "type": "Feature", "properties": { "ID": "365148901", "正式名称": "加地薬局　鳴門店", "機関区分": 5, "都道府県コード": 36, "市区町村コード": 202, "所在地": "徳島県鳴門市撫養町大桑島字北ノ浜６２ー２", "緯度": 34.19003, "経度": 134.603259, "url": "https://www.iryou.teikyouseido.mhlw.go.jp/znk-web/juminkanja/S2430/initialize?prefCd=36&kikanCd=148901&kikanKbn=5", "url2": "http://www.kaji-ph.com", "内容": "加地薬局　鳴門店【5:薬局】徳島県鳴門市撫養町大桑島字北ノ浜６２ー２" }, "geometry": { "type": "Point", "coordinates": [ 134.603259, 34.19003 ] } },
{ "type": "Feature", "properties": { "ID": "365149001", "正式名称": "あけぼの調剤薬局", "機関区分": 5, "都道府県コード": 36, "市区町村コード": 202, "所在地": "徳島県鳴門市撫養町黒崎字八幡１１３－１", "緯度": 34.183588, "経度": 134.594502, "url": "https://www.iryou.teikyouseido.mhlw.go.jp/znk-web/juminkanja/S2430/initialize?prefCd=36&kikanCd=149001&kikanKbn=5", "url2": null, "内容": "あけぼの調剤薬局【5:薬局】徳島県鳴門市撫養町黒崎字八幡１１３－１" }, "geometry": { "type": "Point", "coordinates": [ 134.594502, 34.183588 ] } },
{ "type": "Feature", "properties": { "ID": "365149101", "正式名称": "スマイル調剤薬局　大谷の里", "機関区分": 5, "都道府県コード": 36, "市区町村コード": 202, "所在地": "徳島県鳴門市大麻町池谷字大石５０番１", "緯度": 34.160896, "経度": 134.536421, "url": "https://www.iryou.teikyouseido.mhlw.go.jp/znk-web/juminkanja/S2430/initialize?prefCd=36&kikanCd=149101&kikanKbn=5", "url2": "https://www.smile-group.jp", "内容": "スマイル調剤薬局　大谷の里【5:薬局】徳島県鳴門市大麻町池谷字大石５０番１" }, "geometry": { "type": "Point", "coordinates": [ 134.536421, 34.160896 ] } },
{ "type": "Feature", "properties": { "ID": "365149201", "正式名称": "ありす調剤薬局　鳴門店", "機関区分": 5, "都道府県コード": 36, "市区町村コード": 202, "所在地": "徳島県鳴門市撫養町立岩", "緯度": 34.174482, "経度": 134.617697, "url": "https://www.iryou.teikyouseido.mhlw.go.jp/znk-web/juminkanja/S2430/initialize?prefCd=36&kikanCd=149201&kikanKbn=5", "url2": "http://add-alice.com", "内容": "ありす調剤薬局　鳴門店【5:薬局】徳島県鳴門市撫養町立岩" }, "geometry": { "type": "Point", "coordinates": [ 134.617697, 34.174482 ] } },
{ "type": "Feature", "properties": { "ID": "365149301", "正式名称": "アイ調剤薬局　川内店", "機関区分": 5, "都道府県コード": 36, "市区町村コード": 201, "所在地": "徳島県徳島市川内町平石住吉３２０ー１", "緯度": 34.112285, "経度": 134.578163, "url": "https://www.iryou.teikyouseido.mhlw.go.jp/znk-web/juminkanja/S2430/initialize?prefCd=36&kikanCd=149301&kikanKbn=5", "url2": "https://www.bon-arm1.com", "内容": "アイ調剤薬局　川内店【5:薬局】徳島県徳島市川内町平石住吉３２０ー１" }, "geometry": { "type": "Point", "coordinates": [ 134.578163, 34.112285 ] } },
{ "type": "Feature", "properties": { "ID": "365150901", "正式名称": "共和調剤薬局", "機関区分": 5, "都道府県コード": 36, "市区町村コード": 387, "所在地": "徳島県海部郡美波町西河内字月輪３３ー１", "緯度": 33.736028, "経度": 134.523375, "url": "https://www.iryou.teikyouseido.mhlw.go.jp/znk-web/juminkanja/S2430/initialize?prefCd=36&kikanCd=150901&kikanKbn=5", "url2": "https://releap.co.jp/", "内容": "共和調剤薬局【5:薬局】徳島県海部郡美波町西河内字月輪３３ー１" }, "geometry": { "type": "Point", "coordinates": [ 134.523375, 33.736028 ] } },
{ "type": "Feature", "properties": { "ID": "365151801", "正式名称": "津田薬局", "機関区分": 5, "都道府県コード": 36, "市区町村コード": 387, "所在地": "徳島県海部郡美波町奥河内字寺前１９８－４", "緯度": 33.730745, "経度": 134.532552, "url": "https://www.iryou.teikyouseido.mhlw.go.jp/znk-web/juminkanja/S2430/initialize?prefCd=36&kikanCd=151801&kikanKbn=5", "url2": null, "内容": "津田薬局【5:薬局】徳島県海部郡美波町奥河内字寺前１９８－４" }, "geometry": { "type": "Point", "coordinates": [ 134.532552, 33.730745 ] } },
{ "type": "Feature", "properties": { "ID": "365152101", "正式名称": "ぐんも調剤薬局　海部店", "機関区分": 5, "都道府県コード": 36, "市区町村コード": 383, "所在地": "徳島県海部郡牟岐町中村字本村１０２－１", "緯度": 33.671317, "経度": 134.419564, "url": "https://www.iryou.teikyouseido.mhlw.go.jp/znk-web/juminkanja/S2430/initialize?prefCd=36&kikanCd=152101&kikanKbn=5", "url2": "https://gunmo-pharmacy.com", "内容": "ぐんも調剤薬局　海部店【5:薬局】徳島県海部郡牟岐町中村字本村１０２－１" }, "geometry": { "type": "Point", "coordinates": [ 134.419564, 33.671317 ] } },
{ "type": "Feature", "properties": { "ID": "365152201", "正式名称": "なごみ薬局", "機関区分": 5, "都道府県コード": 36, "市区町村コード": 388, "所在地": "徳島県海部郡海陽町大里字白水９１－１９", "緯度": 33.612245, "経度": 134.363615, "url": "https://www.iryou.teikyouseido.mhlw.go.jp/znk-web/juminkanja/S2430/initialize?prefCd=36&kikanCd=152201&kikanKbn=5", "url2": "http;//www.nagomi-kaifu.com", "内容": "なごみ薬局【5:薬局】徳島県海部郡海陽町大里字白水９１－１９" }, "geometry": { "type": "Point", "coordinates": [ 134.363615, 33.612245 ] } },
{ "type": "Feature", "properties": { "ID": "365152401", "正式名称": "スマイル調剤薬局　海南店", "機関区分": 5, "都道府県コード": 36, "市区町村コード": 388, "所在地": "徳島県海部郡海陽町四方原字杉谷２８－２", "緯度": 33.613011, "経度": 134.356291, "url": "https://www.iryou.teikyouseido.mhlw.go.jp/znk-web/juminkanja/S2430/initialize?prefCd=36&kikanCd=152401&kikanKbn=5", "url2": "https://www.smile-group.jp", "内容": "スマイル調剤薬局　海南店【5:薬局】徳島県海部郡海陽町四方原字杉谷２８－２" }, "geometry": { "type": "Point", "coordinates": [ 134.356291, 33.613011 ] } },
{ "type": "Feature", "properties": { "ID": "365152601", "正式名称": "スマイル調剤薬局　さつき店", "機関区分": 5, "都道府県コード": 36, "市区町村コード": 388, "所在地": "徳島県海部郡海陽町大里字飯持１２１－１", "緯度": 33.604485, "経度": 134.352041, "url": "https://www.iryou.teikyouseido.mhlw.go.jp/znk-web/juminkanja/S2430/initialize?prefCd=36&kikanCd=152601&kikanKbn=5", "url2": "https://www.smile-group.jp", "内容": "スマイル調剤薬局　さつき店【5:薬局】徳島県海部郡海陽町大里字飯持１２１－１" }, "geometry": { "type": "Point", "coordinates": [ 134.352041, 33.604485 ] } },
{ "type": "Feature", "properties": { "ID": "365152701", "正式名称": "スマイル調剤薬局　ししくい店", "機関区分": 5, "都道府県コード": 36, "市区町村コード": 388, "所在地": "徳島県海部郡海陽町宍喰浦字松原８２番１", "緯度": 33.568035, "経度": 134.305943, "url": "https://www.iryou.teikyouseido.mhlw.go.jp/znk-web/juminkanja/S2430/initialize?prefCd=36&kikanCd=152701&kikanKbn=5", "url2": "https://www.smile-group.jp", "内容": "スマイル調剤薬局　ししくい店【5:薬局】徳島県海部郡海陽町宍喰浦字松原８２番１" }, "geometry": { "type": "Point", "coordinates": [ 134.305943, 33.568035 ] } },
{ "type": "Feature", "properties": { "ID": "365153201", "正式名称": "なぎさ薬局", "機関区分": 5, "都道府県コード": 36, "市区町村コード": 387, "所在地": "徳島県海部郡美波町西河内字丹前１０３", "緯度": 33.732872, "経度": 134.518502, "url": "https://www.iryou.teikyouseido.mhlw.go.jp/znk-web/juminkanja/S2430/initialize?prefCd=36&kikanCd=153201&kikanKbn=5", "url2": null, "内容": "なぎさ薬局【5:薬局】徳島県海部郡美波町西河内字丹前１０３" }, "geometry": { "type": "Point", "coordinates": [ 134.518502, 33.732872 ] } },
{ "type": "Feature", "properties": { "ID": "365153401", "正式名称": "オーシャン薬局", "機関区分": 5, "都道府県コード": 36, "市区町村コード": 383, "所在地": "徳島県海部郡牟岐町中村字山田１５ー４", "緯度": 33.668649, "経度": 134.415632, "url": "https://www.iryou.teikyouseido.mhlw.go.jp/znk-web/juminkanja/S2430/initialize?prefCd=36&kikanCd=153401&kikanKbn=5", "url2": null, "内容": "オーシャン薬局【5:薬局】徳島県海部郡牟岐町中村字山田１５ー４" }, "geometry": { "type": "Point", "coordinates": [ 134.415632, 33.668649 ] } },
{ "type": "Feature", "properties": { "ID": "365153501", "正式名称": "豊田薬局", "機関区分": 5, "都道府県コード": 36, "市区町村コード": 388, "所在地": "徳島県海部郡海陽町奥浦字新町７", "緯度": 33.595455, "経度": 134.35586, "url": "https://www.iryou.teikyouseido.mhlw.go.jp/znk-web/juminkanja/S2430/initialize?prefCd=36&kikanCd=153501&kikanKbn=5", "url2": null, "内容": "豊田薬局【5:薬局】徳島県海部郡海陽町奥浦字新町７" }, "geometry": { "type": "Point", "coordinates": [ 134.35586, 33.595455 ] } },
{ "type": "Feature", "properties": { "ID": "365153601", "正式名称": "おおざと薬局", "機関区分": 5, "都道府県コード": 36, "市区町村コード": 388, "所在地": "徳島県海部郡海陽町大里字松原３４－４４１", "緯度": 33.606502, "経度": 134.362836, "url": "https://www.iryou.teikyouseido.mhlw.go.jp/znk-web/juminkanja/S2430/initialize?prefCd=36&kikanCd=153601&kikanKbn=5", "url2": "https://oozato-pharmacy.com/", "内容": "おおざと薬局【5:薬局】徳島県海部郡海陽町大里字松原３４－４４１" }, "geometry": { "type": "Point", "coordinates": [ 134.362836, 33.606502 ] } },
{ "type": "Feature", "properties": { "ID": "365153801", "正式名称": "スマイル調剤薬局　牟岐店", "機関区分": 5, "都道府県コード": 36, "市区町村コード": 383, "所在地": "徳島県海部郡牟岐町大字川長字山戸１６８ー４", "緯度": 33.675687, "経度": 134.423865, "url": "https://www.iryou.teikyouseido.mhlw.go.jp/znk-web/juminkanja/S2430/initialize?prefCd=36&kikanCd=153801&kikanKbn=5", "url2": "https://www.smile-group.jp", "内容": "スマイル調剤薬局　牟岐店【5:薬局】徳島県海部郡牟岐町大字川長字山戸１６８ー４" }, "geometry": { "type": "Point", "coordinates": [ 134.423865, 33.675687 ] } },
{ "type": "Feature", "properties": { "ID": "365153901", "正式名称": "スマイル調剤薬局　診療所前店", "機関区分": 5, "都道府県コード": 36, "市区町村コード": 388, "所在地": "徳島県海部郡海陽町宍喰浦字松原１３９ー４", "緯度": 33.566909, "経度": 134.306278, "url": "https://www.iryou.teikyouseido.mhlw.go.jp/znk-web/juminkanja/S2430/initialize?prefCd=36&kikanCd=153901&kikanKbn=5", "url2": "https://www.smile-group.jp", "内容": "スマイル調剤薬局　診療所前店【5:薬局】徳島県海部郡海陽町宍喰浦字松原１３９ー４" }, "geometry": { "type": "Point", "coordinates": [ 134.306278, 33.566909 ] } },
{ "type": "Feature", "properties": { "ID": "365154001", "正式名称": "アイ調剤薬局海部店", "機関区分": 5, "都道府県コード": 36, "市区町村コード": 383, "所在地": "徳島県海部郡牟岐町大字中村字杉谷１８２番１", "緯度": 33.669421, "経度": 134.414695, "url": "https://www.iryou.teikyouseido.mhlw.go.jp/znk-web/juminkanja/S2430/initialize?prefCd=36&kikanCd=154001&kikanKbn=5", "url2": "https://oozato-pharmacy.com/", "内容": "アイ調剤薬局海部店【5:薬局】徳島県海部郡牟岐町大字中村字杉谷１８２番１" }, "geometry": { "type": "Point", "coordinates": [ 134.414695, 33.669421 ] } },
{ "type": "Feature", "properties": { "ID": "365160701", "正式名称": "ますだ薬局", "機関区分": 5, "都道府県コード": 36, "市区町村コード": 206, "所在地": "徳島県阿波市吉野町西条字中小路９４番地１", "緯度": 34.099512, "経度": 134.376644, "url": "https://www.iryou.teikyouseido.mhlw.go.jp/znk-web/juminkanja/S2430/initialize?prefCd=36&kikanCd=160701&kikanKbn=5", "url2": null, "内容": "ますだ薬局【5:薬局】徳島県阿波市吉野町西条字中小路９４番地１" }, "geometry": { "type": "Point", "coordinates": [ 134.376644, 34.099512 ] } },
{ "type": "Feature", "properties": { "ID": "365162701", "正式名称": "ユート薬局", "機関区分": 5, "都道府県コード": 36, "市区町村コード": 206, "所在地": "徳島県阿波市阿波町伊沢田８８（ショッピングプラザアワーズ内）", "緯度": 34.075854, "経度": 134.231252, "url": "https://www.iryou.teikyouseido.mhlw.go.jp/znk-web/juminkanja/S2430/initialize?prefCd=36&kikanCd=162701&kikanKbn=5", "url2": null, "内容": "ユート薬局【5:薬局】徳島県阿波市阿波町伊沢田８８（ショッピングプラザアワーズ内）" }, "geometry": { "type": "Point", "coordinates": [ 134.231252, 34.075854 ] } },
{ "type": "Feature", "properties": { "ID": "365162801", "正式名称": "ワタナベ薬局", "機関区分": 5, "都道府県コード": 36, "市区町村コード": 205, "所在地": "徳島県吉野川市鴨島町鴨島２１９−１", "緯度": 34.068027, "経度": 134.355915, "url": "https://www.iryou.teikyouseido.mhlw.go.jp/znk-web/juminkanja/S2430/initialize?prefCd=36&kikanCd=162801&kikanKbn=5", "url2": null, "内容": "ワタナベ薬局【5:薬局】徳島県吉野川市鴨島町鴨島２１９−１" }, "geometry": { "type": "Point", "coordinates": [ 134.355915, 34.068027 ] } },
{ "type": "Feature", "properties": { "ID": "365163101", "正式名称": "山瀬調剤薬局", "機関区分": 5, "都道府県コード": 36, "市区町村コード": 205, "所在地": "徳島県吉野川市山川町堤外２１－８", "緯度": 34.061431, "経度": 134.253097, "url": "https://www.iryou.teikyouseido.mhlw.go.jp/znk-web/juminkanja/S2430/initialize?prefCd=36&kikanCd=163101&kikanKbn=5", "url2": null, "内容": "山瀬調剤薬局【5:薬局】徳島県吉野川市山川町堤外２１－８" }, "geometry": { "type": "Point", "coordinates": [ 134.253097, 34.061431 ] } },
{ "type": "Feature", "properties": { "ID": "365164201", "正式名称": "サザン調剤薬局　西麻植", "機関区分": 5, "都道府県コード": 36, "市区町村コード": 205, "所在地": "徳島県吉野川市鴨島町西麻植字絵馬堂４６ー１０", "緯度": 34.06984, "経度": 134.339662, "url": "https://www.iryou.teikyouseido.mhlw.go.jp/znk-web/juminkanja/S2430/initialize?prefCd=36&kikanCd=164201&kikanKbn=5", "url2": "https://www.sazan-chouzai.com", "内容": "サザン調剤薬局　西麻植【5:薬局】徳島県吉野川市鴨島町西麻植字絵馬堂４６ー１０" }, "geometry": { "type": "Point", "coordinates": [ 134.339662, 34.06984 ] } },
{ "type": "Feature", "properties": { "ID": "365164401", "正式名称": "ハート調剤薬局　北鴨島店", "機関区分": 5, "都道府県コード": 36, "市区町村コード": 205, "所在地": "徳島県吉野川市鴨島町牛島３２７０ー１", "緯度": 34.081161, "経度": 134.376186, "url": "https://www.iryou.teikyouseido.mhlw.go.jp/znk-web/juminkanja/S2430/initialize?prefCd=36&kikanCd=164401&kikanKbn=5", "url2": "https://kyosei-bs.co.jp/", "内容": "ハート調剤薬局　北鴨島店【5:薬局】徳島県吉野川市鴨島町牛島３２７０ー１" }, "geometry": { "type": "Point", "coordinates": [ 134.376186, 34.081161 ] } },
{ "type": "Feature", "properties": { "ID": "365164501", "正式名称": "エスエス薬局・国道店", "機関区分": 5, "都道府県コード": 36, "市区町村コード": 205, "所在地": "徳島県吉野川市鴨島町内原２２３－６", "緯度": 34.070763, "経度": 134.369033, "url": "https://www.iryou.teikyouseido.mhlw.go.jp/znk-web/juminkanja/S2430/initialize?prefCd=36&kikanCd=164501&kikanKbn=5", "url2": null, "内容": "エスエス薬局・国道店【5:薬局】徳島県吉野川市鴨島町内原２２３－６" }, "geometry": { "type": "Point", "coordinates": [ 134.369033, 34.070763 ] } },
{ "type": "Feature", "properties": { "ID": "365164801", "正式名称": "トマト調剤薬局　川島店", "機関区分": 5, "都道府県コード": 36, "市区町村コード": 205, "所在地": "徳島県吉野川市川島町川島", "緯度": 34.06246, "経度": 134.320762, "url": "https://www.iryou.teikyouseido.mhlw.go.jp/znk-web/juminkanja/S2430/initialize?prefCd=36&kikanCd=164801&kikanKbn=5", "url2": "http://releap.co.jp/", "内容": "トマト調剤薬局　川島店【5:薬局】徳島県吉野川市川島町川島" }, "geometry": { "type": "Point", "coordinates": [ 134.320762, 34.06246 ] } },
{ "type": "Feature", "properties": { "ID": "365165001", "正式名称": "ハッピー薬局　鴨島店", "機関区分": 5, "都道府県コード": 36, "市区町村コード": 205, "所在地": "徳島県吉野川市鴨島町敷地西ノ宮１３４３ー１", "緯度": 34.057524, "経度": 134.339265, "url": "https://www.iryou.teikyouseido.mhlw.go.jp/znk-web/juminkanja/S2430/initialize?prefCd=36&kikanCd=165001&kikanKbn=5", "url2": "apispharma.com/index.html", "内容": "ハッピー薬局　鴨島店【5:薬局】徳島県吉野川市鴨島町敷地西ノ宮１３４３ー１" }, "geometry": { "type": "Point", "coordinates": [ 134.339265, 34.057524 ] } },
{ "type": "Feature", "properties": { "ID": "365165401", "正式名称": "ドリーム調剤薬局", "機関区分": 5, "都道府県コード": 36, "市区町村コード": 206, "所在地": "徳島県阿波市土成町土成字寒方５４ー１１", "緯度": 34.10197, "経度": 134.344268, "url": "https://www.iryou.teikyouseido.mhlw.go.jp/znk-web/juminkanja/S2430/initialize?prefCd=36&kikanCd=165401&kikanKbn=5", "url2": null, "内容": "ドリーム調剤薬局【5:薬局】徳島県阿波市土成町土成字寒方５４ー１１" }, "geometry": { "type": "Point", "coordinates": [ 134.344268, 34.10197 ] } },
{ "type": "Feature", "properties": { "ID": "365165501", "正式名称": "かもじま調剤薬局　上下島店", "機関区分": 5, "都道府県コード": 36, "市区町村コード": 205, "所在地": "徳島県吉野川市鴨島町上下島字大北４４０番１", "緯度": 34.073009, "経度": 134.34794, "url": "https://www.iryou.teikyouseido.mhlw.go.jp/znk-web/juminkanja/S2430/initialize?prefCd=36&kikanCd=165501&kikanKbn=5", "url2": null, "内容": "かもじま調剤薬局　上下島店【5:薬局】徳島県吉野川市鴨島町上下島字大北４４０番１" }, "geometry": { "type": "Point", "coordinates": [ 134.34794, 34.073009 ] } },
{ "type": "Feature", "properties": { "ID": "365165601", "正式名称": "トマト調剤薬局　知恵島店", "機関区分": 5, "都道府県コード": 36, "市区町村コード": 205, "所在地": "徳島県吉野川市鴨島町知恵島字千田須賀東１０４９番７", "緯度": 34.081002, "経度": 134.352681, "url": "https://www.iryou.teikyouseido.mhlw.go.jp/znk-web/juminkanja/S2430/initialize?prefCd=36&kikanCd=165601&kikanKbn=5", "url2": "https://releap.co.jp/", "内容": "トマト調剤薬局　知恵島店【5:薬局】徳島県吉野川市鴨島町知恵島字千田須賀東１０４９番７" }, "geometry": { "type": "Point", "coordinates": [ 134.352681, 34.081002 ] } },
{ "type": "Feature", "properties": { "ID": "365165701", "正式名称": "井上調剤薬局　鴨島店", "機関区分": 5, "都道府県コード": 36, "市区町村コード": 205, "所在地": "徳島県吉野川市鴨島町鴨島３５５ー３", "緯度": 34.071594, "経度": 134.3571, "url": "https://www.iryou.teikyouseido.mhlw.go.jp/znk-web/juminkanja/S2430/initialize?prefCd=36&kikanCd=165701&kikanKbn=5", "url2": null, "内容": "井上調剤薬局　鴨島店【5:薬局】徳島県吉野川市鴨島町鴨島３５５ー３" }, "geometry": { "type": "Point", "coordinates": [ 134.3571, 34.071594 ] } },
{ "type": "Feature", "properties": { "ID": "365165801", "正式名称": "ヒラオカ薬局", "機関区分": 5, "都道府県コード": 36, "市区町村コード": 205, "所在地": "徳島県吉野川市山川町前川２１２ー２６", "緯度": 34.057104, "経度": 134.23902, "url": "https://www.iryou.teikyouseido.mhlw.go.jp/znk-web/juminkanja/S2430/initialize?prefCd=36&kikanCd=165801&kikanKbn=5", "url2": "https://hiraokayakuten.wixsite.com/website", "内容": "ヒラオカ薬局【5:薬局】徳島県吉野川市山川町前川２１２ー２６" }, "geometry": { "type": "Point", "coordinates": [ 134.23902, 34.057104 ] } },
{ "type": "Feature", "properties": { "ID": "365166001", "正式名称": "サンコー薬局　阿波西店", "機関区分": 5, "都道府県コード": 36, "市区町村コード": 206, "所在地": "徳島県阿波市阿波町南整理２４６ー１", "緯度": 34.067985, "経度": 134.192047, "url": "https://www.iryou.teikyouseido.mhlw.go.jp/znk-web/juminkanja/S2430/initialize?prefCd=36&kikanCd=166001&kikanKbn=5", "url2": "http://sanko-pharmacy.com/", "内容": "サンコー薬局　阿波西店【5:薬局】徳島県阿波市阿波町南整理２４６ー１" }, "geometry": { "type": "Point", "coordinates": [ 134.192047, 34.067985 ] } },
{ "type": "Feature", "properties": { "ID": "365171101", "正式名称": "八千代薬局", "機関区分": 5, "都道府県コード": 36, "市区町村コード": 468, "所在地": "徳島県美馬郡つるぎ町半田字日開野１２４", "緯度": 33.997872, "経度": 134.027693, "url": "https://www.iryou.teikyouseido.mhlw.go.jp/znk-web/juminkanja/S2430/initialize?prefCd=36&kikanCd=171101&kikanKbn=5", "url2": "https://r.goope.jp/yachiyo", "内容": "八千代薬局【5:薬局】徳島県美馬郡つるぎ町半田字日開野１２４" }, "geometry": { "type": "Point", "coordinates": [ 134.027693, 33.997872 ] } },
{ "type": "Feature", "properties": { "ID": "365171401", "正式名称": "こうざい薬局", "機関区分": 5, "都道府県コード": 36, "市区町村コード": 207, "所在地": "徳島県美馬市脇町字拝原１４１３番地７", "緯度": 34.068402, "経度": 134.16465, "url": "https://www.iryou.teikyouseido.mhlw.go.jp/znk-web/juminkanja/S2430/initialize?prefCd=36&kikanCd=171401&kikanKbn=5", "url2": null, "内容": "こうざい薬局【5:薬局】徳島県美馬市脇町字拝原１４１３番地７" }, "geometry": { "type": "Point", "coordinates": [ 134.16465, 34.068402 ] } },
{ "type": "Feature", "properties": { "ID": "365172601", "正式名称": "サンコー調剤薬局　猪尻店", "機関区分": 5, "都道府県コード": 36, "市区町村コード": 207, "所在地": "徳島県美馬市脇町猪尻東分２８−１", "緯度": 34.067717, "経度": 134.154873, "url": "https://www.iryou.teikyouseido.mhlw.go.jp/znk-web/juminkanja/S2430/initialize?prefCd=36&kikanCd=172601&kikanKbn=5", "url2": "https://sanko-pharmacy.com/", "内容": "サンコー調剤薬局　猪尻店【5:薬局】徳島県美馬市脇町猪尻東分２８−１" }, "geometry": { "type": "Point", "coordinates": [ 134.154873, 34.067717 ] } },
{ "type": "Feature", "properties": { "ID": "365173001", "正式名称": "トマト調剤薬局　美馬店", "機関区分": 5, "都道府県コード": 36, "市区町村コード": 207, "所在地": "徳島県美馬市美馬町字喜来市９ー１０", "緯度": 34.051567, "経度": 134.05508, "url": "https://www.iryou.teikyouseido.mhlw.go.jp/znk-web/juminkanja/S2430/initialize?prefCd=36&kikanCd=173001&kikanKbn=5", "url2": "https://releap.co.jp/", "内容": "トマト調剤薬局　美馬店【5:薬局】徳島県美馬市美馬町字喜来市９ー１０" }, "geometry": { "type": "Point", "coordinates": [ 134.05508, 34.051567 ] } },
{ "type": "Feature", "properties": { "ID": "365173401", "正式名称": "アイ調剤薬局半田店", "機関区分": 5, "都道府県コード": 36, "市区町村コード": 468, "所在地": "徳島県美馬郡つるぎ町半田字中藪２８５ー１", "緯度": 34.039959, "経度": 134.037024, "url": "https://www.iryou.teikyouseido.mhlw.go.jp/znk-web/juminkanja/S2430/initialize?prefCd=36&kikanCd=173401&kikanKbn=5", "url2": "https://r.goope.jp/aichouzaihanda/", "内容": "アイ調剤薬局半田店【5:薬局】徳島県美馬郡つるぎ町半田字中藪２８５ー１" }, "geometry": { "type": "Point", "coordinates": [ 134.037024, 34.039959 ] } },
{ "type": "Feature", "properties": { "ID": "365173501", "正式名称": "アスカ薬局　脇高前", "機関区分": 5, "都道府県コード": 36, "市区町村コード": 207, "所在地": "徳島県美馬市脇町大字脇町１２９８番４", "緯度": 34.069979, "経度": 134.148527, "url": "https://www.iryou.teikyouseido.mhlw.go.jp/znk-web/juminkanja/S2430/initialize?prefCd=36&kikanCd=173501&kikanKbn=5", "url2": null, "内容": "アスカ薬局　脇高前【5:薬局】徳島県美馬市脇町大字脇町１２９８番４" }, "geometry": { "type": "Point", "coordinates": [ 134.148527, 34.069979 ] } },
{ "type": "Feature", "properties": { "ID": "365173701", "正式名称": "サンコー調剤薬局　本店", "機関区分": 5, "都道府県コード": 36, "市区町村コード": 207, "所在地": "徳島県美馬市脇町馬木字銚子場１１７６番４", "緯度": 34.068027, "経度": 134.125299, "url": "https://www.iryou.teikyouseido.mhlw.go.jp/znk-web/juminkanja/S2430/initialize?prefCd=36&kikanCd=173701&kikanKbn=5", "url2": "https://sanko-pharmacy.com/", "内容": "サンコー調剤薬局　本店【5:薬局】徳島県美馬市脇町馬木字銚子場１１７６番４" }, "geometry": { "type": "Point", "coordinates": [ 134.125299, 34.068027 ] } },
{ "type": "Feature", "properties": { "ID": "365173801", "正式名称": "サンコー和漢薬局", "機関区分": 5, "都道府県コード": 36, "市区町村コード": 207, "所在地": "徳島県美馬市脇町大字脇町７１４番地１", "緯度": 34.068582, "経度": 134.141125, "url": "https://www.iryou.teikyouseido.mhlw.go.jp/znk-web/juminkanja/S2430/initialize?prefCd=36&kikanCd=173801&kikanKbn=5", "url2": "https://sanko-pharmacy.com/", "内容": "サンコー和漢薬局【5:薬局】徳島県美馬市脇町大字脇町７１４番地１" }, "geometry": { "type": "Point", "coordinates": [ 134.141125, 34.068582 ] } },
{ "type": "Feature", "properties": { "ID": "365174001", "正式名称": "アスカ薬局", "機関区分": 5, "都道府県コード": 36, "市区町村コード": 207, "所在地": "徳島県美馬市脇町字拝原１６０５－４", "緯度": 34.063347, "経度": 134.164178, "url": "https://www.iryou.teikyouseido.mhlw.go.jp/znk-web/juminkanja/S2430/initialize?prefCd=36&kikanCd=174001&kikanKbn=5", "url2": null, "内容": "アスカ薬局【5:薬局】徳島県美馬市脇町字拝原１６０５－４" }, "geometry": { "type": "Point", "coordinates": [ 134.164178, 34.063347 ] } },
{ "type": "Feature", "properties": { "ID": "365174101", "正式名称": "ハッピー薬局　美馬店", "機関区分": 5, "都道府県コード": 36, "市区町村コード": 207, "所在地": "徳島県美馬市美馬町字沼田４８ー５", "緯度": 34.049795, "経度": 134.037345, "url": "https://www.iryou.teikyouseido.mhlw.go.jp/znk-web/juminkanja/S2430/initialize?prefCd=36&kikanCd=174101&kikanKbn=5", "url2": null, "内容": "ハッピー薬局　美馬店【5:薬局】徳島県美馬市美馬町字沼田４８ー５" }, "geometry": { "type": "Point", "coordinates": [ 134.037345, 34.049795 ] } },
{ "type": "Feature", "properties": { "ID": "365174201", "正式名称": "菜の花薬局", "機関区分": 5, "都道府県コード": 36, "市区町村コード": 207, "所在地": "徳島県美馬市脇町野村４６３６番５", "緯度": 34.058208, "経度": 134.092247, "url": "https://www.iryou.teikyouseido.mhlw.go.jp/znk-web/juminkanja/S2430/initialize?prefCd=36&kikanCd=174201&kikanKbn=5", "url2": null, "内容": "菜の花薬局【5:薬局】徳島県美馬市脇町野村４６３６番５" }, "geometry": { "type": "Point", "coordinates": [ 134.092247, 34.058208 ] } },
{ "type": "Feature", "properties": { "ID": "365174301", "正式名称": "トマト調剤薬局　穴吹店", "機関区分": 5, "都道府県コード": 36, "市区町村コード": 207, "所在地": "徳島県美馬市穴吹町穴吹字池田２２番地１", "緯度": 34.053073, "経度": 134.169132, "url": "https://www.iryou.teikyouseido.mhlw.go.jp/znk-web/juminkanja/S2430/initialize?prefCd=36&kikanCd=174301&kikanKbn=5", "url2": "http://releap.co.jp", "内容": "トマト調剤薬局　穴吹店【5:薬局】徳島県美馬市穴吹町穴吹字池田２２番地１" }, "geometry": { "type": "Point", "coordinates": [ 134.169132, 34.053073 ] } },
{ "type": "Feature", "properties": { "ID": "365174401", "正式名称": "つるぎ薬局", "機関区分": 5, "都道府県コード": 36, "市区町村コード": 468, "所在地": "徳島県美馬郡つるぎ町貞光字大須賀６７ー１０", "緯度": 34.044009, "経度": 134.058583, "url": "https://www.iryou.teikyouseido.mhlw.go.jp/znk-web/juminkanja/S2430/initialize?prefCd=36&kikanCd=174401&kikanKbn=5", "url2": "https://sanko-pharmacy.com/", "内容": "つるぎ薬局【5:薬局】徳島県美馬郡つるぎ町貞光字大須賀６７ー１０" }, "geometry": { "type": "Point", "coordinates": [ 134.058583, 34.044009 ] } },
{ "type": "Feature", "properties": { "ID": "365174501", "正式名称": "アスカ薬局　駅", "機関区分": 5, "都道府県コード": 36, "市区町村コード": 207, "所在地": "徳島県美馬市美馬町字駅９ー１", "緯度": 34.059863, "経度": 134.06553, "url": "https://www.iryou.teikyouseido.mhlw.go.jp/znk-web/juminkanja/S2430/initialize?prefCd=36&kikanCd=174501&kikanKbn=5", "url2": null, "内容": "アスカ薬局　駅【5:薬局】徳島県美馬市美馬町字駅９ー１" }, "geometry": { "type": "Point", "coordinates": [ 134.06553, 34.059863 ] } },
{ "type": "Feature", "properties": { "ID": "365174901", "正式名称": "サンコー薬局　半田店", "機関区分": 5, "都道府県コード": 36, "市区町村コード": 468, "所在地": "徳島県美馬郡つるぎ町半田字中藪２８０番地", "緯度": 34.03999, "経度": 134.03855, "url": "https://www.iryou.teikyouseido.mhlw.go.jp/znk-web/juminkanja/S2430/initialize?prefCd=36&kikanCd=174901&kikanKbn=5", "url2": "https://sanko-pharmacy.com/", "内容": "サンコー薬局　半田店【5:薬局】徳島県美馬郡つるぎ町半田字中藪２８０番地" }, "geometry": { "type": "Point", "coordinates": [ 134.03855, 34.03999 ] } },
{ "type": "Feature", "properties": { "ID": "365175001", "正式名称": "なな星調剤薬局", "機関区分": 5, "都道府県コード": 36, "市区町村コード": 207, "所在地": "徳島県美馬市脇町大字猪尻字八幡神社下南１２９ー５", "緯度": 34.064174, "経度": 134.156681, "url": "https://www.iryou.teikyouseido.mhlw.go.jp/znk-web/juminkanja/S2430/initialize?prefCd=36&kikanCd=175001&kikanKbn=5", "url2": "http://nanahoshichozai.com/", "内容": "なな星調剤薬局【5:薬局】徳島県美馬市脇町大字猪尻字八幡神社下南１２９ー５" }, "geometry": { "type": "Point", "coordinates": [ 134.156681, 34.064174 ] } },
{ "type": "Feature", "properties": { "ID": "365181601", "正式名称": "久保添薬局", "機関区分": 5, "都道府県コード": 36, "市区町村コード": 489, "所在地": "徳島県三好郡東みよし町加茂１７９５", "緯度": 34.039383, "経度": 133.929813, "url": "https://www.iryou.teikyouseido.mhlw.go.jp/znk-web/juminkanja/S2430/initialize?prefCd=36&kikanCd=181601&kikanKbn=5", "url2": null, "内容": "久保添薬局【5:薬局】徳島県三好郡東みよし町加茂１７９５" }, "geometry": { "type": "Point", "coordinates": [ 133.929813, 34.039383 ] } },
{ "type": "Feature", "properties": { "ID": "365182801", "正式名称": "そうごう薬局　銀座通店", "機関区分": 5, "都道府県コード": 36, "市区町村コード": 208, "所在地": "徳島県三好市池田町サラダ１８０１番地３", "緯度": 34.027977, "経度": 133.806144, "url": "https://www.iryou.teikyouseido.mhlw.go.jp/znk-web/juminkanja/S2430/initialize?prefCd=36&kikanCd=182801&kikanKbn=5", "url2": "http://www.sogo-medical.co.jp/", "内容": "そうごう薬局　銀座通店【5:薬局】徳島県三好市池田町サラダ１８０１番地３" }, "geometry": { "type": "Point", "coordinates": [ 133.806144, 34.027977 ] } },
{ "type": "Feature", "properties": { "ID": "365182901", "正式名称": "くすのき薬局", "機関区分": 5, "都道府県コード": 36, "市区町村コード": 489, "所在地": "徳島県三好郡東みよし町中庄３０番地", "緯度": 34.037458, "経度": 133.971826, "url": "https://www.iryou.teikyouseido.mhlw.go.jp/znk-web/juminkanja/S2430/initialize?prefCd=36&kikanCd=182901&kikanKbn=5", "url2": "https://sanko-pharmacy.com/", "内容": "くすのき薬局【5:薬局】徳島県三好郡東みよし町中庄３０番地" }, "geometry": { "type": "Point", "coordinates": [ 133.971826, 34.037458 ] } },
{ "type": "Feature", "properties": { "ID": "365183001", "正式名称": "サンコー調剤薬局　三野店", "機関区分": 5, "都道府県コード": 36, "市区町村コード": 208, "所在地": "徳島県三好市三野町芝生１２６６－９", "緯度": 34.042988, "経度": 133.966821, "url": "https://www.iryou.teikyouseido.mhlw.go.jp/znk-web/juminkanja/S2430/initialize?prefCd=36&kikanCd=183001&kikanKbn=5", "url2": "https://sanko-pharmacy.com/", "内容": "サンコー調剤薬局　三野店【5:薬局】徳島県三好市三野町芝生１２６６－９" }, "geometry": { "type": "Point", "coordinates": [ 133.966821, 34.042988 ] } },
{ "type": "Feature", "properties": { "ID": "365183101", "正式名称": "ハッピー薬局　三野店", "機関区分": 5, "都道府県コード": 36, "市区町村コード": 208, "所在地": "徳島県三好市三野町芝生１２３７番地２", "緯度": 34.044171, "経度": 133.966138, "url": "https://www.iryou.teikyouseido.mhlw.go.jp/znk-web/juminkanja/S2430/initialize?prefCd=36&kikanCd=183101&kikanKbn=5", "url2": null, "内容": "ハッピー薬局　三野店【5:薬局】徳島県三好市三野町芝生１２３７番地２" }, "geometry": { "type": "Point", "coordinates": [ 133.966138, 34.044171 ] } },
{ "type": "Feature", "properties": { "ID": "365184001", "正式名称": "にこにこ調剤薬局", "機関区分": 5, "都道府県コード": 36, "市区町村コード": 208, "所在地": "徳島県三好市池田町中西西原２１５ー１", "緯度": 34.008273, "経度": 133.787488, "url": "https://www.iryou.teikyouseido.mhlw.go.jp/znk-web/juminkanja/S2430/initialize?prefCd=36&kikanCd=184001&kikanKbn=5", "url2": null, "内容": "にこにこ調剤薬局【5:薬局】徳島県三好市池田町中西西原２１５ー１" }, "geometry": { "type": "Point", "coordinates": [ 133.787488, 34.008273 ] } },
{ "type": "Feature", "properties": { "ID": "365184201", "正式名称": "スマイル調剤薬局　池田店", "機関区分": 5, "都道府県コード": 36, "市区町村コード": 208, "所在地": "徳島県三好市池田町マチ２４３３ー１", "緯度": 34.030138, "経度": 133.809217, "url": "https://www.iryou.teikyouseido.mhlw.go.jp/znk-web/juminkanja/S2430/initialize?prefCd=36&kikanCd=184201&kikanKbn=5", "url2": "https://www.smile-group.jp", "内容": "スマイル調剤薬局　池田店【5:薬局】徳島県三好市池田町マチ２４３３ー１" }, "geometry": { "type": "Point", "coordinates": [ 133.809217, 34.030138 ] } },
{ "type": "Feature", "properties": { "ID": "365184301", "正式名称": "宮ノ前調剤薬局", "機関区分": 5, "都道府県コード": 36, "市区町村コード": 208, "所在地": "徳島県三好市池田町川崎宮ノ前１２１ー４", "緯度": 33.967146, "経度": 133.774779, "url": "https://www.iryou.teikyouseido.mhlw.go.jp/znk-web/juminkanja/S2430/initialize?prefCd=36&kikanCd=184301&kikanKbn=5", "url2": null, "内容": "宮ノ前調剤薬局【5:薬局】徳島県三好市池田町川崎宮ノ前１２１ー４" }, "geometry": { "type": "Point", "coordinates": [ 133.774779, 33.967146 ] } },
{ "type": "Feature", "properties": { "ID": "365184601", "正式名称": "サンコー調剤薬局　昼間店", "機関区分": 5, "都道府県コード": 36, "市区町村コード": 489, "所在地": "徳島県三好郡東みよし町昼間１４６番地１", "緯度": 34.041646, "経度": 133.889968, "url": "https://www.iryou.teikyouseido.mhlw.go.jp/znk-web/juminkanja/S2430/initialize?prefCd=36&kikanCd=184601&kikanKbn=5", "url2": "https://sanko-pharmacy.com/", "内容": "サンコー調剤薬局　昼間店【5:薬局】徳島県三好郡東みよし町昼間１４６番地１" }, "geometry": { "type": "Point", "coordinates": [ 133.889968, 34.041646 ] } },
{ "type": "Feature", "properties": { "ID": "365184901", "正式名称": "ハート調剤薬局　三加茂店", "機関区分": 5, "都道府県コード": 36, "市区町村コード": 489, "所在地": "徳島県三好郡東みよし町加茂１８８３ー１３", "緯度": 34.039497, "経度": 133.92668, "url": "https://www.iryou.teikyouseido.mhlw.go.jp/znk-web/juminkanja/S2430/initialize?prefCd=36&kikanCd=184901&kikanKbn=5", "url2": "https://kyosei-bs.co.jp/", "内容": "ハート調剤薬局　三加茂店【5:薬局】徳島県三好郡東みよし町加茂１８８３ー１３" }, "geometry": { "type": "Point", "coordinates": [ 133.92668, 34.039497 ] } },
{ "type": "Feature", "properties": { "ID": "365185301", "正式名称": "みのり薬局", "機関区分": 5, "都道府県コード": 36, "市区町村コード": 208, "所在地": "徳島県三好市井川町吉岡１６１―１", "緯度": 34.030852, "経度": 133.864708, "url": "https://www.iryou.teikyouseido.mhlw.go.jp/znk-web/juminkanja/S2430/initialize?prefCd=36&kikanCd=185301&kikanKbn=5", "url2": null, "内容": "みのり薬局【5:薬局】徳島県三好市井川町吉岡１６１―１" }, "geometry": { "type": "Point", "coordinates": [ 133.864708, 34.030852 ] } },
{ "type": "Feature", "properties": { "ID": "365185401", "正式名称": "下川薬局", "機関区分": 5, "都道府県コード": 36, "市区町村コード": 208, "所在地": "徳島県三好市山城町上名１８６７番地１", "緯度": 33.878789, "経度": 133.760191, "url": "https://www.iryou.teikyouseido.mhlw.go.jp/znk-web/juminkanja/S2430/initialize?prefCd=36&kikanCd=185401&kikanKbn=5", "url2": "https://medica-support.com/", "内容": "下川薬局【5:薬局】徳島県三好市山城町上名１８６７番地１" }, "geometry": { "type": "Point", "coordinates": [ 133.760191, 33.878789 ] } },
{ "type": "Feature", "properties": { "ID": "365185701", "正式名称": "アイン薬局　池田店", "機関区分": 5, "都道府県コード": 36, "市区町村コード": 208, "所在地": "徳島県三好市池田町シマ８３３ー２", "緯度": 34.027821, "経度": 133.817745, "url": "https://www.iryou.teikyouseido.mhlw.go.jp/znk-web/juminkanja/S2430/initialize?prefCd=36&kikanCd=185701&kikanKbn=5", "url2": null, "内容": "アイン薬局　池田店【5:薬局】徳島県三好市池田町シマ８３３ー２" }, "geometry": { "type": "Point", "coordinates": [ 133.817745, 34.027821 ] } },
{ "type": "Feature", "properties": { "ID": "365185901", "正式名称": "フジカワ調剤薬局", "機関区分": 5, "都道府県コード": 36, "市区町村コード": 489, "所在地": "徳島県三好郡東みよし町昼間９２３－１", "緯度": 34.041182, "経度": 133.883233, "url": "https://www.iryou.teikyouseido.mhlw.go.jp/znk-web/juminkanja/S2430/initialize?prefCd=36&kikanCd=185901&kikanKbn=5", "url2": "http://fujikawa-pharmacy.com", "内容": "フジカワ調剤薬局【5:薬局】徳島県三好郡東みよし町昼間９２３－１" }, "geometry": { "type": "Point", "coordinates": [ 133.883233, 34.041182 ] } },
{ "type": "Feature", "properties": { "ID": "365186001", "正式名称": "フジカワ薬局　上中屋店", "機関区分": 5, "都道府県コード": 36, "市区町村コード": 489, "所在地": "徳島県三好郡東みよし町昼間１４９２ー５", "緯度": 34.041853, "経度": 133.879786, "url": "https://www.iryou.teikyouseido.mhlw.go.jp/znk-web/juminkanja/S2430/initialize?prefCd=36&kikanCd=186001&kikanKbn=5", "url2": "https://fujikawa-pharmacy.com/", "内容": "フジカワ薬局　上中屋店【5:薬局】徳島県三好郡東みよし町昼間１４９２ー５" }, "geometry": { "type": "Point", "coordinates": [ 133.879786, 34.041853 ] } },
{ "type": "Feature", "properties": { "ID": "365190001", "正式名称": "エンゼル調剤薬局　矢三店", "機関区分": 5, "都道府県コード": 36, "市区町村コード": 201, "所在地": "徳島県徳島市北矢三町３丁目２ー５２", "緯度": 34.086642, "経度": 134.520513, "url": "https://www.iryou.teikyouseido.mhlw.go.jp/znk-web/juminkanja/S2430/initialize?prefCd=36&kikanCd=190001&kikanKbn=5", "url2": "https://angel-dp.jp", "内容": "エンゼル調剤薬局　矢三店【5:薬局】徳島県徳島市北矢三町３丁目２ー５２" }, "geometry": { "type": "Point", "coordinates": [ 134.520513, 34.086642 ] } },
{ "type": "Feature", "properties": { "ID": "365190101", "正式名称": "三谷薬局", "機関区分": 5, "都道府県コード": 36, "市区町村コード": 201, "所在地": "徳島県徳島市南内町１丁目７番地", "緯度": 34.068867, "経度": 134.553167, "url": "https://www.iryou.teikyouseido.mhlw.go.jp/znk-web/juminkanja/S2430/initialize?prefCd=36&kikanCd=190101&kikanKbn=5", "url2": "https://mi3.co.jp", "内容": "三谷薬局【5:薬局】徳島県徳島市南内町１丁目７番地" }, "geometry": { "type": "Point", "coordinates": [ 134.553167, 34.068867 ] } },
{ "type": "Feature", "properties": { "ID": "365190401", "正式名称": "トマト調剤薬局　応神店", "機関区分": 5, "都道府県コード": 36, "市区町村コード": 201, "所在地": "徳島県徳島市応神町古川字戎子野８１－１０", "緯度": 34.102937, "経度": 134.556583, "url": "https://www.iryou.teikyouseido.mhlw.go.jp/znk-web/juminkanja/S2430/initialize?prefCd=36&kikanCd=190401&kikanKbn=5", "url2": "http://releap.co.jp/", "内容": "トマト調剤薬局　応神店【5:薬局】徳島県徳島市応神町古川字戎子野８１－１０" }, "geometry": { "type": "Point", "coordinates": [ 134.556583, 34.102937 ] } },
{ "type": "Feature", "properties": { "ID": "365190501", "正式名称": "ぐんも調剤薬局　県中店", "機関区分": 5, "都道府県コード": 36, "市区町村コード": 201, "所在地": "徳島県徳島市佐古八番町３－１３", "緯度": 34.076955, "経度": 134.520916, "url": "https://www.iryou.teikyouseido.mhlw.go.jp/znk-web/juminkanja/S2430/initialize?prefCd=36&kikanCd=190501&kikanKbn=5", "url2": "https://gunmo-pharmacy.com/", "内容": "ぐんも調剤薬局　県中店【5:薬局】徳島県徳島市佐古八番町３－１３" }, "geometry": { "type": "Point", "coordinates": [ 134.520916, 34.076955 ] } },
{ "type": "Feature", "properties": { "ID": "365190701", "正式名称": "上板調剤薬局", "機関区分": 5, "都道府県コード": 36, "市区町村コード": 405, "所在地": "徳島県板野郡上板町佐藤塚字東２０２番", "緯度": 34.114516, "経度": 134.453431, "url": "https://www.iryou.teikyouseido.mhlw.go.jp/znk-web/juminkanja/S2430/initialize?prefCd=36&kikanCd=190701&kikanKbn=5", "url2": "https://sazan-chouzai.com/", "内容": "上板調剤薬局【5:薬局】徳島県板野郡上板町佐藤塚字東２０２番" }, "geometry": { "type": "Point", "coordinates": [ 134.453431, 34.114516 ] } },
{ "type": "Feature", "properties": { "ID": "365190801", "正式名称": "藍住サンコー調剤薬局", "機関区分": 5, "都道府県コード": 36, "市区町村コード": 403, "所在地": "徳島県板野郡藍住町奥野字長江口７０－３５", "緯度": 34.123691, "経度": 134.482714, "url": "https://www.iryou.teikyouseido.mhlw.go.jp/znk-web/juminkanja/S2430/initialize?prefCd=36&kikanCd=190801&kikanKbn=5", "url2": null, "内容": "藍住サンコー調剤薬局【5:薬局】徳島県板野郡藍住町奥野字長江口７０－３５" }, "geometry": { "type": "Point", "coordinates": [ 134.482714, 34.123691 ] } },
{ "type": "Feature", "properties": { "ID": "365190901", "正式名称": "さこ調剤薬局", "機関区分": 5, "都道府県コード": 36, "市区町村コード": 201, "所在地": "徳島県徳島市佐古六番町６ー２６", "緯度": 34.078349, "経度": 134.528643, "url": "https://www.iryou.teikyouseido.mhlw.go.jp/znk-web/juminkanja/S2430/initialize?prefCd=36&kikanCd=190901&kikanKbn=5", "url2": null, "内容": "さこ調剤薬局【5:薬局】徳島県徳島市佐古六番町６ー２６" }, "geometry": { "type": "Point", "coordinates": [ 134.528643, 34.078349 ] } },
{ "type": "Feature", "properties": { "ID": "365191001", "正式名称": "調剤薬局ドレミファーマシー", "機関区分": 5, "都道府県コード": 36, "市区町村コード": 201, "所在地": "徳島県徳島市佐古五番町１０－４", "緯度": 34.078916, "経度": 134.531521, "url": "https://www.iryou.teikyouseido.mhlw.go.jp/znk-web/juminkanja/S2430/initialize?prefCd=36&kikanCd=191001&kikanKbn=5", "url2": "http://www.doremipharmacy.com/index.html", "内容": "調剤薬局ドレミファーマシー【5:薬局】徳島県徳島市佐古五番町１０－４" }, "geometry": { "type": "Point", "coordinates": [ 134.531521, 34.078916 ] } },
{ "type": "Feature", "properties": { "ID": "365191101", "正式名称": "大浦漢方堂薬局", "機関区分": 5, "都道府県コード": 36, "市区町村コード": 201, "所在地": "徳島県徳島市佐古二番町２番１４号", "緯度": 34.076438, "経度": 134.537193, "url": "https://www.iryou.teikyouseido.mhlw.go.jp/znk-web/juminkanja/S2430/initialize?prefCd=36&kikanCd=191101&kikanKbn=5", "url2": "http://www.kanpo-dou.com/", "内容": "大浦漢方堂薬局【5:薬局】徳島県徳島市佐古二番町２番１４号" }, "geometry": { "type": "Point", "coordinates": [ 134.537193, 34.076438 ] } },
{ "type": "Feature", "properties": { "ID": "365191201", "正式名称": "ハート調剤薬局　矢上店", "機関区分": 5, "都道府県コード": 36, "市区町村コード": 403, "所在地": "徳島県板野郡藍住町矢上字原１９２ー１", "緯度": 34.135532, "経度": 134.49669, "url": "https://www.iryou.teikyouseido.mhlw.go.jp/znk-web/juminkanja/S2430/initialize?prefCd=36&kikanCd=191201&kikanKbn=5", "url2": "https://kyosei-bs.co.jp/", "内容": "ハート調剤薬局　矢上店【5:薬局】徳島県板野郡藍住町矢上字原１９２ー１" }, "geometry": { "type": "Point", "coordinates": [ 134.49669, 34.135532 ] } },
{ "type": "Feature", "properties": { "ID": "365191401", "正式名称": "国府ドレミ調剤薬局", "機関区分": 5, "都道府県コード": 36, "市区町村コード": 201, "所在地": "徳島県徳島市国府町観音寺字井ノ尻２２４番５", "緯度": 34.071417, "経度": 134.473088, "url": "https://www.iryou.teikyouseido.mhlw.go.jp/znk-web/juminkanja/S2430/initialize?prefCd=36&kikanCd=191401&kikanKbn=5", "url2": "http://www.doremipharmacy.com/index.html", "内容": "国府ドレミ調剤薬局【5:薬局】徳島県徳島市国府町観音寺字井ノ尻２２４番５" }, "geometry": { "type": "Point", "coordinates": [ 134.473088, 34.071417 ] } },
{ "type": "Feature", "properties": { "ID": "365191601", "正式名称": "エンゼル調剤薬局　北島店", "機関区分": 5, "都道府県コード": 36, "市区町村コード": 402, "所在地": "徳島県板野郡北島町中村字東堤ノ内１９－９", "緯度": 34.128119, "経度": 134.561097, "url": "https://www.iryou.teikyouseido.mhlw.go.jp/znk-web/juminkanja/S2430/initialize?prefCd=36&kikanCd=191601&kikanKbn=5", "url2": "https://angel-dp.jp", "内容": "エンゼル調剤薬局　北島店【5:薬局】徳島県板野郡北島町中村字東堤ノ内１９－９" }, "geometry": { "type": "Point", "coordinates": [ 134.561097, 34.128119 ] } },
{ "type": "Feature", "properties": { "ID": "365191701", "正式名称": "ハート調剤薬局　名東店", "機関区分": 5, "都道府県コード": 36, "市区町村コード": 201, "所在地": "徳島県徳島市名東町２丁目６６１ー４", "緯度": 34.061889, "経度": 134.492933, "url": "https://www.iryou.teikyouseido.mhlw.go.jp/znk-web/juminkanja/S2430/initialize?prefCd=36&kikanCd=191701&kikanKbn=5", "url2": "https://kyosei-bs.co.jp/", "内容": "ハート調剤薬局　名東店【5:薬局】徳島県徳島市名東町２丁目６６１ー４" }, "geometry": { "type": "Point", "coordinates": [ 134.492933, 34.061889 ] } },
{ "type": "Feature", "properties": { "ID": "365191801", "正式名称": "森本薬局　富田橋店", "機関区分": 5, "都道府県コード": 36, "市区町村コード": 201, "所在地": "徳島県徳島市富田橋１－２５", "緯度": 34.065426, "経度": 134.553558, "url": "https://www.iryou.teikyouseido.mhlw.go.jp/znk-web/juminkanja/S2430/initialize?prefCd=36&kikanCd=191801&kikanKbn=5", "url2": null, "内容": "森本薬局　富田橋店【5:薬局】徳島県徳島市富田橋１－２５" }, "geometry": { "type": "Point", "coordinates": [ 134.553558, 34.065426 ] } },
{ "type": "Feature", "properties": { "ID": "365192001", "正式名称": "ケアネス薬局", "機関区分": 5, "都道府県コード": 36, "市区町村コード": 203, "所在地": "徳島県小松島市江田町字大江田３３－１", "緯度": 34.013842, "経度": 134.563697, "url": "https://www.iryou.teikyouseido.mhlw.go.jp/znk-web/juminkanja/S2430/initialize?prefCd=36&kikanCd=192001&kikanKbn=5", "url2": "https://www.careness-pharmacy.com/", "内容": "ケアネス薬局【5:薬局】徳島県小松島市江田町字大江田３３－１" }, "geometry": { "type": "Point", "coordinates": [ 134.563697, 34.013842 ] } },
{ "type": "Feature", "properties": { "ID": "365192101", "正式名称": "トマト調剤薬局　名東店", "機関区分": 5, "都道府県コード": 36, "市区町村コード": 201, "所在地": "徳島県徳島市名東町１丁目１１５ー４", "緯度": 34.067036, "経度": 134.503857, "url": "https://www.iryou.teikyouseido.mhlw.go.jp/znk-web/juminkanja/S2430/initialize?prefCd=36&kikanCd=192101&kikanKbn=5", "url2": "https://releap.co.jp/", "内容": "トマト調剤薬局　名東店【5:薬局】徳島県徳島市名東町１丁目１１５ー４" }, "geometry": { "type": "Point", "coordinates": [ 134.503857, 34.067036 ] } },
{ "type": "Feature", "properties": { "ID": "365192201", "正式名称": "国府調剤薬局", "機関区分": 5, "都道府県コード": 36, "市区町村コード": 201, "所在地": "徳島県徳島市国府町東高輪字天満３５２番６", "緯度": 34.090166, "経度": 134.4827, "url": "https://www.iryou.teikyouseido.mhlw.go.jp/znk-web/juminkanja/S2430/initialize?prefCd=36&kikanCd=192201&kikanKbn=5", "url2": "https://www.global-assist.jp/", "内容": "国府調剤薬局【5:薬局】徳島県徳島市国府町東高輪字天満３５２番６" }, "geometry": { "type": "Point", "coordinates": [ 134.4827, 34.090166 ] } },
{ "type": "Feature", "properties": { "ID": "365192301", "正式名称": "あおぞら薬局　鯛浜店", "機関区分": 5, "都道府県コード": 36, "市区町村コード": 402, "所在地": "徳島県板野郡北島町鯛浜字西中野９９番３", "緯度": 34.118517, "経度": 134.547682, "url": "https://www.iryou.teikyouseido.mhlw.go.jp/znk-web/juminkanja/S2430/initialize?prefCd=36&kikanCd=192301&kikanKbn=5", "url2": "http://www.plushello.com", "内容": "あおぞら薬局　鯛浜店【5:薬局】徳島県板野郡北島町鯛浜字西中野９９番３" }, "geometry": { "type": "Point", "coordinates": [ 134.547682, 34.118517 ] } },
{ "type": "Feature", "properties": { "ID": "365192401", "正式名称": "ファーマシア　コスモス薬局", "機関区分": 5, "都道府県コード": 36, "市区町村コード": 341, "所在地": "徳島県名西郡石井町高川原字桜間２１４", "緯度": 34.084919, "経度": 134.460864, "url": "https://www.iryou.teikyouseido.mhlw.go.jp/znk-web/juminkanja/S2430/initialize?prefCd=36&kikanCd=192401&kikanKbn=5", "url2": "https://farmacia-cosmos.com", "内容": "ファーマシア　コスモス薬局【5:薬局】徳島県名西郡石井町高川原字桜間２１４" }, "geometry": { "type": "Point", "coordinates": [ 134.460864, 34.084919 ] } },
{ "type": "Feature", "properties": { "ID": "365192701", "正式名称": "レデイ薬局　佐古店", "機関区分": 5, "都道府県コード": 36, "市区町村コード": 201, "所在地": "徳島県徳島市佐古三番町１５番２２号", "緯度": 34.079953, "経度": 134.53695, "url": "https://www.iryou.teikyouseido.mhlw.go.jp/znk-web/juminkanja/S2430/initialize?prefCd=36&kikanCd=192701&kikanKbn=5", "url2": "https://www.lady-drug.co.jp/", "内容": "レデイ薬局　佐古店【5:薬局】徳島県徳島市佐古三番町１５番２２号" }, "geometry": { "type": "Point", "coordinates": [ 134.53695, 34.079953 ] } },
{ "type": "Feature", "properties": { "ID": "365192801", "正式名称": "オリオン調剤薬局　北田宮店", "機関区分": 5, "都道府県コード": 36, "市区町村コード": 201, "所在地": "徳島県徳島市北田宮２丁目７－１", "緯度": 34.08829, "経度": 134.54488, "url": "https://www.iryou.teikyouseido.mhlw.go.jp/znk-web/juminkanja/S2430/initialize?prefCd=36&kikanCd=192801&kikanKbn=5", "url2": "orion.aikotoba.jp", "内容": "オリオン調剤薬局　北田宮店【5:薬局】徳島県徳島市北田宮２丁目７－１" }, "geometry": { "type": "Point", "coordinates": [ 134.54488, 34.08829 ] } },
{ "type": "Feature", "properties": { "ID": "365192901", "正式名称": "アイン薬局　徳島大学病院店", "機関区分": 5, "都道府県コード": 36, "市区町村コード": 201, "所在地": "徳島県徳島市蔵本町３丁目１８ー１５", "緯度": 34.075415, "経度": 134.517649, "url": "https://www.iryou.teikyouseido.mhlw.go.jp/znk-web/juminkanja/S2430/initialize?prefCd=36&kikanCd=192901&kikanKbn=5", "url2": "https://www.ainj.co.jp/", "内容": "アイン薬局　徳島大学病院店【5:薬局】徳島県徳島市蔵本町３丁目１８ー１５" }, "geometry": { "type": "Point", "coordinates": [ 134.517649, 34.075415 ] } },
{ "type": "Feature", "properties": { "ID": "365193001", "正式名称": "ダイヤ薬局　国府店", "機関区分": 5, "都道府県コード": 36, "市区町村コード": 201, "所在地": "徳島県徳島市国府町府中６７－２", "緯度": 34.071892, "経度": 134.484071, "url": "https://www.iryou.teikyouseido.mhlw.go.jp/znk-web/juminkanja/S2430/initialize?prefCd=36&kikanCd=193001&kikanKbn=5", "url2": "http://apispharma.com/", "内容": "ダイヤ薬局　国府店【5:薬局】徳島県徳島市国府町府中６７－２" }, "geometry": { "type": "Point", "coordinates": [ 134.484071, 34.071892 ] } },
{ "type": "Feature", "properties": { "ID": "365193301", "正式名称": "マザー調剤薬局", "機関区分": 5, "都道府県コード": 36, "市区町村コード": 341, "所在地": "徳島県名西郡石井町石井字石井６３６－２２", "緯度": 34.070777, "経度": 134.453384, "url": "https://www.iryou.teikyouseido.mhlw.go.jp/znk-web/juminkanja/S2430/initialize?prefCd=36&kikanCd=193301&kikanKbn=5", "url2": null, "内容": "マザー調剤薬局【5:薬局】徳島県名西郡石井町石井字石井６３６－２２" }, "geometry": { "type": "Point", "coordinates": [ 134.453384, 34.070777 ] } },
{ "type": "Feature", "properties": { "ID": "365193401", "正式名称": "一般財団法人　厚仁会薬局", "機関区分": 5, "都道府県コード": 36, "市区町村コード": 201, "所在地": "徳島県徳島市蔵本町３丁目１８－１５", "緯度": 34.075687, "経度": 134.516987, "url": "https://www.iryou.teikyouseido.mhlw.go.jp/znk-web/juminkanja/S2430/initialize?prefCd=36&kikanCd=193401&kikanKbn=5", "url2": "http://kojinkai-tokushima.jp/", "内容": "一般財団法人　厚仁会薬局【5:薬局】徳島県徳島市蔵本町３丁目１８－１５" }, "geometry": { "type": "Point", "coordinates": [ 134.516987, 34.075687 ] } },
{ "type": "Feature", "properties": { "ID": "365193501", "正式名称": "ユニスマイル薬局　とくしま昭和町店", "機関区分": 5, "都道府県コード": 36, "市区町村コード": 201, "所在地": "徳島県徳島市昭和町４丁目３３", "緯度": 34.061958, "経度": 134.561715, "url": "https://www.iryou.teikyouseido.mhlw.go.jp/znk-web/juminkanja/S2430/initialize?prefCd=36&kikanCd=193501&kikanKbn=5", "url2": "https://unismile.co.jp", "内容": "ユニスマイル薬局　とくしま昭和町店【5:薬局】徳島県徳島市昭和町４丁目３３" }, "geometry": { "type": "Point", "coordinates": [ 134.561715, 34.061958 ] } },
{ "type": "Feature", "properties": { "ID": "365193601", "正式名称": "ハート調剤薬局笠木店", "機関区分": 5, "都道府県コード": 36, "市区町村コード": 403, "所在地": "徳島県板野郡藍住町笠木字西野４９ー９", "緯度": 34.135667, "経度": 134.496967, "url": "https://www.iryou.teikyouseido.mhlw.go.jp/znk-web/juminkanja/S2430/initialize?prefCd=36&kikanCd=193601&kikanKbn=5", "url2": "https://kyosei-bs.co.jp/", "内容": "ハート調剤薬局笠木店【5:薬局】徳島県板野郡藍住町笠木字西野４９ー９" }, "geometry": { "type": "Point", "coordinates": [ 134.496967, 34.135667 ] } },
{ "type": "Feature", "properties": { "ID": "365193701", "正式名称": "エンゼル調剤薬局　昭和店", "機関区分": 5, "都道府県コード": 36, "市区町村コード": 201, "所在地": "徳島県徳島市昭和町８丁目６６", "緯度": 34.055811, "経度": 134.569969, "url": "https://www.iryou.teikyouseido.mhlw.go.jp/znk-web/juminkanja/S2430/initialize?prefCd=36&kikanCd=193701&kikanKbn=5", "url2": "https://angel-dp.jp/", "内容": "エンゼル調剤薬局　昭和店【5:薬局】徳島県徳島市昭和町８丁目６６" }, "geometry": { "type": "Point", "coordinates": [ 134.569969, 34.055811 ] } },
{ "type": "Feature", "properties": { "ID": "365194001", "正式名称": "ありす調剤薬局　中島田店", "機関区分": 5, "都道府県コード": 36, "市区町村コード": 201, "所在地": "徳島県徳島市中島田町２丁目２５－５", "緯度": 34.082336, "経度": 134.512863, "url": "https://www.iryou.teikyouseido.mhlw.go.jp/znk-web/juminkanja/S2430/initialize?prefCd=36&kikanCd=194001&kikanKbn=5", "url2": "https://add-alice.com", "内容": "ありす調剤薬局　中島田店【5:薬局】徳島県徳島市中島田町２丁目２５－５" }, "geometry": { "type": "Point", "coordinates": [ 134.512863, 34.082336 ] } },
{ "type": "Feature", "properties": { "ID": "365194201", "正式名称": "井上調剤薬局城東店", "機関区分": 5, "都道府県コード": 36, "市区町村コード": 201, "所在地": "徳島県徳島市北沖洲３丁目２番３号", "緯度": 34.065861, "経度": 134.587976, "url": "https://www.iryou.teikyouseido.mhlw.go.jp/znk-web/juminkanja/S2430/initialize?prefCd=36&kikanCd=194201&kikanKbn=5", "url2": "https://inouechozai.com", "内容": "井上調剤薬局城東店【5:薬局】徳島県徳島市北沖洲３丁目２番３号" }, "geometry": { "type": "Point", "coordinates": [ 134.587976, 34.065861 ] } },
{ "type": "Feature", "properties": { "ID": "365194301", "正式名称": "ありす調剤薬局　北島店", "機関区分": 5, "都道府県コード": 36, "市区町村コード": 402, "所在地": "徳島県板野郡北島町鯛浜字かや１５３－１３", "緯度": 34.11293, "経度": 134.54828, "url": "https://www.iryou.teikyouseido.mhlw.go.jp/znk-web/juminkanja/S2430/initialize?prefCd=36&kikanCd=194301&kikanKbn=5", "url2": "https://add-alice.com", "内容": "ありす調剤薬局　北島店【5:薬局】徳島県板野郡北島町鯛浜字かや１５３－１３" }, "geometry": { "type": "Point", "coordinates": [ 134.54828, 34.11293 ] } },
{ "type": "Feature", "properties": { "ID": "365194501", "正式名称": "ケイ調剤薬局", "機関区分": 5, "都道府県コード": 36, "市区町村コード": 404, "所在地": "徳島県板野郡板野町下庄１０５－１", "緯度": 34.122343, "経度": 134.454391, "url": "https://www.iryou.teikyouseido.mhlw.go.jp/znk-web/juminkanja/S2430/initialize?prefCd=36&kikanCd=194501&kikanKbn=5", "url2": null, "内容": "ケイ調剤薬局【5:薬局】徳島県板野郡板野町下庄１０５－１" }, "geometry": { "type": "Point", "coordinates": [ 134.454391, 34.122343 ] } },
{ "type": "Feature", "properties": { "ID": "365194601", "正式名称": "どなり調剤薬局", "機関区分": 5, "都道府県コード": 36, "市区町村コード": 206, "所在地": "徳島県阿波市土成町吉田字城根木３５番地３", "緯度": 34.106698, "経度": 134.360536, "url": "https://www.iryou.teikyouseido.mhlw.go.jp/znk-web/juminkanja/S2430/initialize?prefCd=36&kikanCd=194601&kikanKbn=5", "url2": null, "内容": "どなり調剤薬局【5:薬局】徳島県阿波市土成町吉田字城根木３５番地３" }, "geometry": { "type": "Point", "coordinates": [ 134.360536, 34.106698 ] } },
{ "type": "Feature", "properties": { "ID": "365194701", "正式名称": "ひつじ調剤薬局", "機関区分": 5, "都道府県コード": 36, "市区町村コード": 201, "所在地": "徳島県徳島市住吉６丁目１番７－２号", "緯度": 34.076103, "経度": 134.576029, "url": "https://www.iryou.teikyouseido.mhlw.go.jp/znk-web/juminkanja/S2430/initialize?prefCd=36&kikanCd=194701&kikanKbn=5", "url2": null, "内容": "ひつじ調剤薬局【5:薬局】徳島県徳島市住吉６丁目１番７－２号" }, "geometry": { "type": "Point", "coordinates": [ 134.576029, 34.076103 ] } },
{ "type": "Feature", "properties": { "ID": "365194801", "正式名称": "スマイル調剤薬局　市場店", "機関区分": 5, "都道府県コード": 36, "市区町村コード": 206, "所在地": "徳島県阿波市市場町山野上１７２－１", "緯度": 34.08851, "経度": 134.29763, "url": "https://www.iryou.teikyouseido.mhlw.go.jp/znk-web/juminkanja/S2430/initialize?prefCd=36&kikanCd=194801&kikanKbn=5", "url2": "https://www.smile-group.jp/", "内容": "スマイル調剤薬局　市場店【5:薬局】徳島県阿波市市場町山野上１７２－１" }, "geometry": { "type": "Point", "coordinates": [ 134.29763, 34.08851 ] } },
{ "type": "Feature", "properties": { "ID": "365195001", "正式名称": "井上調剤薬局城南店", "機関区分": 5, "都道府県コード": 36, "市区町村コード": 201, "所在地": "徳島県徳島市八万町弐丈９７番８", "緯度": 34.044675, "経度": 134.545355, "url": "https://www.iryou.teikyouseido.mhlw.go.jp/znk-web/juminkanja/S2430/initialize?prefCd=36&kikanCd=195001&kikanKbn=5", "url2": "https://inouechozai.com", "内容": "井上調剤薬局城南店【5:薬局】徳島県徳島市八万町弐丈９７番８" }, "geometry": { "type": "Point", "coordinates": [ 134.545355, 34.044675 ] } },
{ "type": "Feature", "properties": { "ID": "365195101", "正式名称": "石井調剤薬局", "機関区分": 5, "都道府県コード": 36, "市区町村コード": 341, "所在地": "徳島県名西郡石井町高川原５００－８", "緯度": 34.071324, "経度": 134.442121, "url": "https://www.iryou.teikyouseido.mhlw.go.jp/znk-web/juminkanja/S2430/initialize?prefCd=36&kikanCd=195101&kikanKbn=5", "url2": null, "内容": "石井調剤薬局【5:薬局】徳島県名西郡石井町高川原５００－８" }, "geometry": { "type": "Point", "coordinates": [ 134.442121, 34.071324 ] } },
{ "type": "Feature", "properties": { "ID": "365195201", "正式名称": "マック矢三調剤薬局", "機関区分": 5, "都道府県コード": 36, "市区町村コード": 201, "所在地": "徳島県徳島市南矢三町３ー５ー４３ー１０１", "緯度": 34.089673, "経度": 134.520445, "url": "https://www.iryou.teikyouseido.mhlw.go.jp/znk-web/juminkanja/S2430/initialize?prefCd=36&kikanCd=195201&kikanKbn=5", "url2": "https://www.daiya-grp.co.jp", "内容": "マック矢三調剤薬局【5:薬局】徳島県徳島市南矢三町３ー５ー４３ー１０１" }, "geometry": { "type": "Point", "coordinates": [ 134.520445, 34.089673 ] } },
{ "type": "Feature", "properties": { "ID": "365195301", "正式名称": "ハッピー薬局　大津店", "機関区分": 5, "都道府県コード": 36, "市区町村コード": 202, "所在地": "徳島県鳴門市大津町矢倉字六ノ越１ー１", "緯度": 34.152099, "経度": 134.592812, "url": "https://www.iryou.teikyouseido.mhlw.go.jp/znk-web/juminkanja/S2430/initialize?prefCd=36&kikanCd=195301&kikanKbn=5", "url2": null, "内容": "ハッピー薬局　大津店【5:薬局】徳島県鳴門市大津町矢倉字六ノ越１ー１" }, "geometry": { "type": "Point", "coordinates": [ 134.592812, 34.152099 ] } },
{ "type": "Feature", "properties": { "ID": "365195401", "正式名称": "ビザン薬品調剤薬局　日赤２号店", "機関区分": 5, "都道府県コード": 36, "市区町村コード": 201, "所在地": "徳島県徳島市東吉野町３丁目１０番１", "緯度": 34.085408, "経度": 134.568434, "url": "https://www.iryou.teikyouseido.mhlw.go.jp/znk-web/juminkanja/S2430/initialize?prefCd=36&kikanCd=195401&kikanKbn=5", "url2": "http://bizan-group.co.jp/", "内容": "ビザン薬品調剤薬局　日赤２号店【5:薬局】徳島県徳島市東吉野町３丁目１０番１" }, "geometry": { "type": "Point", "coordinates": [ 134.568434, 34.085408 ] } },
{ "type": "Feature", "properties": { "ID": "365195501", "正式名称": "南佐古ドレミ調剤薬局", "機関区分": 5, "都道府県コード": 36, "市区町村コード": 201, "所在地": "徳島県徳島市南佐古四番町２－２９", "緯度": 34.075943, "経度": 134.531689, "url": "https://www.iryou.teikyouseido.mhlw.go.jp/znk-web/juminkanja/S2430/initialize?prefCd=36&kikanCd=195501&kikanKbn=5", "url2": "http://www.doremipharmacy.com/", "内容": "南佐古ドレミ調剤薬局【5:薬局】徳島県徳島市南佐古四番町２－２９" }, "geometry": { "type": "Point", "coordinates": [ 134.531689, 34.075943 ] } },
{ "type": "Feature", "properties": { "ID": "365195601", "正式名称": "スマイル調剤薬局　問屋町店", "機関区分": 5, "都道府県コード": 36, "市区町村コード": 201, "所在地": "徳島県徳島市問屋町３５番地", "緯度": 34.048056, "経度": 134.546736, "url": "https://www.iryou.teikyouseido.mhlw.go.jp/znk-web/juminkanja/S2430/initialize?prefCd=36&kikanCd=195601&kikanKbn=5", "url2": "https://www.smile-group.jp/", "内容": "スマイル調剤薬局　問屋町店【5:薬局】徳島県徳島市問屋町３５番地" }, "geometry": { "type": "Point", "coordinates": [ 134.546736, 34.048056 ] } },
{ "type": "Feature", "properties": { "ID": "365195701", "正式名称": "すみれ調剤薬局", "機関区分": 5, "都道府県コード": 36, "市区町村コード": 201, "所在地": "徳島県徳島市金沢１丁目８４ー５", "緯度": 34.072983, "経度": 134.582402, "url": "https://www.iryou.teikyouseido.mhlw.go.jp/znk-web/juminkanja/S2430/initialize?prefCd=36&kikanCd=195701&kikanKbn=5", "url2": "http://f-pharmacy.jp/", "内容": "すみれ調剤薬局【5:薬局】徳島県徳島市金沢１丁目８４ー５" }, "geometry": { "type": "Point", "coordinates": [ 134.582402, 34.072983 ] } },
{ "type": "Feature", "properties": { "ID": "365195801", "正式名称": "はなみずき薬局", "機関区分": 5, "都道府県コード": 36, "市区町村コード": 403, "所在地": "徳島県板野郡藍住町勝瑞成長１６５－２", "緯度": 34.128326, "経度": 134.518328, "url": "https://www.iryou.teikyouseido.mhlw.go.jp/znk-web/juminkanja/S2430/initialize?prefCd=36&kikanCd=195801&kikanKbn=5", "url2": null, "内容": "はなみずき薬局【5:薬局】徳島県板野郡藍住町勝瑞成長１６５－２" }, "geometry": { "type": "Point", "coordinates": [ 134.518328, 34.128326 ] } },
{ "type": "Feature", "properties": { "ID": "365195901", "正式名称": "ウエルシア薬局板野北島町店", "機関区分": 5, "都道府県コード": 36, "市区町村コード": 402, "所在地": "徳島県板野郡北島町高房字八丁野東８ー７", "緯度": 34.129302, "経度": 134.542546, "url": "https://www.iryou.teikyouseido.mhlw.go.jp/znk-web/juminkanja/S2430/initialize?prefCd=36&kikanCd=195901&kikanKbn=5", "url2": "https://store.welcia.co.jp/welcia/spot/detail?code=8410C", "内容": "ウエルシア薬局板野北島町店【5:薬局】徳島県板野郡北島町高房字八丁野東８ー７" }, "geometry": { "type": "Point", "coordinates": [ 134.542546, 34.129302 ] } },
{ "type": "Feature", "properties": { "ID": "365196101", "正式名称": "中洲時計台調剤薬局", "機関区分": 5, "都道府県コード": 36, "市区町村コード": 201, "所在地": "徳島県徳島市中洲町一丁目２１", "緯度": 34.068096, "経度": 134.557574, "url": "https://www.iryou.teikyouseido.mhlw.go.jp/znk-web/juminkanja/S2430/initialize?prefCd=36&kikanCd=196101&kikanKbn=5", "url2": "https://www.global-assist.jp/", "内容": "中洲時計台調剤薬局【5:薬局】徳島県徳島市中洲町一丁目２１" }, "geometry": { "type": "Point", "coordinates": [ 134.557574, 34.068096 ] } },
{ "type": "Feature", "properties": { "ID": "365196201", "正式名称": "エンゼル調剤薬局　神山店", "機関区分": 5, "都道府県コード": 36, "市区町村コード": 342, "所在地": "徳島県名西郡神山町神領字東野間１１４ー１", "緯度": 33.964533, "経度": 134.355578, "url": "https://www.iryou.teikyouseido.mhlw.go.jp/znk-web/juminkanja/S2430/initialize?prefCd=36&kikanCd=196201&kikanKbn=5", "url2": "https://angel-dp.jp", "内容": "エンゼル調剤薬局　神山店【5:薬局】徳島県名西郡神山町神領字東野間１１４ー１" }, "geometry": { "type": "Point", "coordinates": [ 134.355578, 33.964533 ] } },
{ "type": "Feature", "properties": { "ID": "365196401", "正式名称": "スマイル調剤薬局　鮎喰店", "機関区分": 5, "都道府県コード": 36, "市区町村コード": 201, "所在地": "徳島県徳島市鮎喰町２丁目４４－３", "緯度": 34.072139, "経度": 134.502127, "url": "https://www.iryou.teikyouseido.mhlw.go.jp/znk-web/juminkanja/S2430/initialize?prefCd=36&kikanCd=196401&kikanKbn=5", "url2": "https://www.smile-group.jp", "内容": "スマイル調剤薬局　鮎喰店【5:薬局】徳島県徳島市鮎喰町２丁目４４－３" }, "geometry": { "type": "Point", "coordinates": [ 134.502127, 34.072139 ] } },
{ "type": "Feature", "properties": { "ID": "365196501", "正式名称": "薬局エコファーマシー", "機関区分": 5, "都道府県コード": 36, "市区町村コード": 201, "所在地": "徳島県徳島市名東町３丁目４１０―７", "緯度": 34.059328, "経度": 134.494055, "url": "https://www.iryou.teikyouseido.mhlw.go.jp/znk-web/juminkanja/S2430/initialize?prefCd=36&kikanCd=196501&kikanKbn=5", "url2": "cn-pharmacy.com", "内容": "薬局エコファーマシー【5:薬局】徳島県徳島市名東町３丁目４１０―７" }, "geometry": { "type": "Point", "coordinates": [ 134.494055, 34.059328 ] } },
{ "type": "Feature", "properties": { "ID": "365196601", "正式名称": "ひかり薬局　あきのかみ店", "機関区分": 5, "都道府県コード": 36, "市区町村コード": 202, "所在地": "徳島県鳴門市瀬戸町明神鳴谷１２０－７", "緯度": 34.201826, "経度": 134.584746, "url": "https://www.iryou.teikyouseido.mhlw.go.jp/znk-web/juminkanja/S2430/initialize?prefCd=36&kikanCd=196601&kikanKbn=5", "url2": "https://shikoku-ms.com/", "内容": "ひかり薬局　あきのかみ店【5:薬局】徳島県鳴門市瀬戸町明神鳴谷１２０－７" }, "geometry": { "type": "Point", "coordinates": [ 134.584746, 34.201826 ] } },
{ "type": "Feature", "properties": { "ID": "365196701", "正式名称": "ありす調剤薬局", "機関区分": 5, "都道府県コード": 36, "市区町村コード": 201, "所在地": "徳島県徳島市蔵本町２丁目３０－１", "緯度": 34.078066, "経度": 134.518311, "url": "https://www.iryou.teikyouseido.mhlw.go.jp/znk-web/juminkanja/S2430/initialize?prefCd=36&kikanCd=196701&kikanKbn=5", "url2": "https://add-alice.com/", "内容": "ありす調剤薬局【5:薬局】徳島県徳島市蔵本町２丁目３０－１" }, "geometry": { "type": "Point", "coordinates": [ 134.518311, 34.078066 ] } },
{ "type": "Feature", "properties": { "ID": "365196801", "正式名称": "徳島中央調剤薬局", "機関区分": 5, "都道府県コード": 36, "市区町村コード": 201, "所在地": "徳島県徳島市寺島本町東２丁目１５番地１Ｆ", "緯度": 34.072967, "経度": 134.552302, "url": "https://www.iryou.teikyouseido.mhlw.go.jp/znk-web/juminkanja/S2430/initialize?prefCd=36&kikanCd=196801&kikanKbn=5", "url2": "https://www.jmsys.co.jp/pharmacy/shop-detail_235/", "内容": "徳島中央調剤薬局【5:薬局】徳島県徳島市寺島本町東２丁目１５番地１Ｆ" }, "geometry": { "type": "Point", "coordinates": [ 134.552302, 34.072967 ] } },
{ "type": "Feature", "properties": { "ID": "365196901", "正式名称": "ココロ調剤薬局　田宮店", "機関区分": 5, "都道府県コード": 36, "市区町村コード": 201, "所在地": "徳島県徳島市南田宮４丁目３番９号", "緯度": 34.085864, "経度": 134.531417, "url": "https://www.iryou.teikyouseido.mhlw.go.jp/znk-web/juminkanja/S2430/initialize?prefCd=36&kikanCd=196901&kikanKbn=5", "url2": null, "内容": "ココロ調剤薬局　田宮店【5:薬局】徳島県徳島市南田宮４丁目３番９号" }, "geometry": { "type": "Point", "coordinates": [ 134.531417, 34.085864 ] } },
{ "type": "Feature", "properties": { "ID": "365197201", "正式名称": "クローバー調剤薬局　伊賀店", "機関区分": 5, "都道府県コード": 36, "市区町村コード": 201, "所在地": "徳島県徳島市伊賀町３丁目１０－２", "緯度": 34.063729, "経度": 134.544861, "url": "https://www.iryou.teikyouseido.mhlw.go.jp/znk-web/juminkanja/S2430/initialize?prefCd=36&kikanCd=197201&kikanKbn=5", "url2": null, "内容": "クローバー調剤薬局　伊賀店【5:薬局】徳島県徳島市伊賀町３丁目１０－２" }, "geometry": { "type": "Point", "coordinates": [ 134.544861, 34.063729 ] } },
{ "type": "Feature", "properties": { "ID": "365197301", "正式名称": "下浦薬局", "機関区分": 5, "都道府県コード": 36, "市区町村コード": 341, "所在地": "徳島県名西郡石井町浦庄字下浦６０３－２５", "緯度": 34.067153, "経度": 134.420564, "url": "https://www.iryou.teikyouseido.mhlw.go.jp/znk-web/juminkanja/S2430/initialize?prefCd=36&kikanCd=197301&kikanKbn=5", "url2": "http://sazan-chouzai.com", "内容": "下浦薬局【5:薬局】徳島県名西郡石井町浦庄字下浦６０３－２５" }, "geometry": { "type": "Point", "coordinates": [ 134.420564, 34.067153 ] } },
{ "type": "Feature", "properties": { "ID": "365197501", "正式名称": "スマイル調剤薬局　国府南店", "機関区分": 5, "都道府県コード": 36, "市区町村コード": 201, "所在地": "徳島県徳島市国府町早淵字北カシヤ６１ー６", "緯度": 34.072226, "経度": 134.486223, "url": "https://www.iryou.teikyouseido.mhlw.go.jp/znk-web/juminkanja/S2430/initialize?prefCd=36&kikanCd=197501&kikanKbn=5", "url2": "https://www.smile-group.jp", "内容": "スマイル調剤薬局　国府南店【5:薬局】徳島県徳島市国府町早淵字北カシヤ６１ー６" }, "geometry": { "type": "Point", "coordinates": [ 134.486223, 34.072226 ] } },
{ "type": "Feature", "properties": { "ID": "365197701", "正式名称": "ミクラ薬局　敷地", "機関区分": 5, "都道府県コード": 36, "市区町村コード": 205, "所在地": "徳島県吉野川市鴨島町敷地１２ー２", "緯度": 34.061141, "経度": 134.348504, "url": "https://www.iryou.teikyouseido.mhlw.go.jp/znk-web/juminkanja/S2430/initialize?prefCd=36&kikanCd=197701&kikanKbn=5", "url2": "https://sazan-chouzai.com/", "内容": "ミクラ薬局　敷地【5:薬局】徳島県吉野川市鴨島町敷地１２ー２" }, "geometry": { "type": "Point", "coordinates": [ 134.348504, 34.061141 ] } },
{ "type": "Feature", "properties": { "ID": "365197801", "正式名称": "あおぞら薬局　国府店", "機関区分": 5, "都道府県コード": 36, "市区町村コード": 201, "所在地": "徳島県徳島市国府町桜間字登々路８－４", "緯度": 34.084103, "経度": 134.465963, "url": "https://www.iryou.teikyouseido.mhlw.go.jp/znk-web/juminkanja/S2430/initialize?prefCd=36&kikanCd=197801&kikanKbn=5", "url2": "http://plushello.com/", "内容": "あおぞら薬局　国府店【5:薬局】徳島県徳島市国府町桜間字登々路８－４" }, "geometry": { "type": "Point", "coordinates": [ 134.465963, 34.084103 ] } },
{ "type": "Feature", "properties": { "ID": "365198001", "正式名称": "コスモス調剤薬局　阿波店", "機関区分": 5, "都道府県コード": 36, "市区町村コード": 206, "所在地": "徳島県阿波市阿波町大道北１３２", "緯度": 34.074341, "経度": 134.231092, "url": "https://www.iryou.teikyouseido.mhlw.go.jp/znk-web/juminkanja/S2430/initialize?prefCd=36&kikanCd=198001&kikanKbn=5", "url2": null, "内容": "コスモス調剤薬局　阿波店【5:薬局】徳島県阿波市阿波町大道北１３２" }, "geometry": { "type": "Point", "coordinates": [ 134.231092, 34.074341 ] } },
{ "type": "Feature", "properties": { "ID": "365198101", "正式名称": "トマト調剤薬局　末広店", "機関区分": 5, "都道府県コード": 36, "市区町村コード": 201, "所在地": "徳島県徳島市南末広町３０番１０", "緯度": 34.060046, "経度": 134.575524, "url": "https://www.iryou.teikyouseido.mhlw.go.jp/znk-web/juminkanja/S2430/initialize?prefCd=36&kikanCd=198101&kikanKbn=5", "url2": "http://releap.co.jp/", "内容": "トマト調剤薬局　末広店【5:薬局】徳島県徳島市南末広町３０番１０" }, "geometry": { "type": "Point", "coordinates": [ 134.575524, 34.060046 ] } },
{ "type": "Feature", "properties": { "ID": "365198201", "正式名称": "トマト薬局　佐古店", "機関区分": 5, "都道府県コード": 36, "市区町村コード": 201, "所在地": "徳島県徳島市北佐古一番町２番４号", "緯度": 34.08108, "経度": 134.540795, "url": "https://www.iryou.teikyouseido.mhlw.go.jp/znk-web/juminkanja/S2430/initialize?prefCd=36&kikanCd=198201&kikanKbn=5", "url2": "https://releap.co.jp", "内容": "トマト薬局　佐古店【5:薬局】徳島県徳島市北佐古一番町２番４号" }, "geometry": { "type": "Point", "coordinates": [ 134.540795, 34.08108 ] } },
{ "type": "Feature", "properties": { "ID": "365198401", "正式名称": "チャーリー薬局　沖浜店", "機関区分": 5, "都道府県コード": 36, "市区町村コード": 201, "所在地": "徳島県徳島市沖浜３丁目５番地", "緯度": 34.051219, "経度": 134.55195, "url": "https://www.iryou.teikyouseido.mhlw.go.jp/znk-web/juminkanja/S2430/initialize?prefCd=36&kikanCd=198401&kikanKbn=5", "url2": "http://www.axas.co.jp/", "内容": "チャーリー薬局　沖浜店【5:薬局】徳島県徳島市沖浜３丁目５番地" }, "geometry": { "type": "Point", "coordinates": [ 134.55195, 34.051219 ] } },
{ "type": "Feature", "properties": { "ID": "365198601", "正式名称": "加地薬局　市民病院前店", "機関区分": 5, "都道府県コード": 36, "市区町村コード": 201, "所在地": "徳島県徳島市北常三島町１丁目１０", "緯度": 34.081499, "経度": 134.561688, "url": "https://www.iryou.teikyouseido.mhlw.go.jp/znk-web/juminkanja/S2430/initialize?prefCd=36&kikanCd=198601&kikanKbn=5", "url2": null, "内容": "加地薬局　市民病院前店【5:薬局】徳島県徳島市北常三島町１丁目１０" }, "geometry": { "type": "Point", "coordinates": [ 134.561688, 34.081499 ] } },
{ "type": "Feature", "properties": { "ID": "365198801", "正式名称": "おとなこども薬局", "機関区分": 5, "都道府県コード": 36, "市区町村コード": 201, "所在地": "徳島県徳島市北常三島町２丁目３７", "緯度": 34.081303, "経度": 134.561944, "url": "https://www.iryou.teikyouseido.mhlw.go.jp/znk-web/juminkanja/S2430/initialize?prefCd=36&kikanCd=198801&kikanKbn=5", "url2": "http://www.releap.co.jp/", "内容": "おとなこども薬局【5:薬局】徳島県徳島市北常三島町２丁目３７" }, "geometry": { "type": "Point", "coordinates": [ 134.561944, 34.081303 ] } },
{ "type": "Feature", "properties": { "ID": "365198901", "正式名称": "スマイル調剤薬局　石井店", "機関区分": 5, "都道府県コード": 36, "市区町村コード": 341, "所在地": "徳島県名西郡石井町石井字石井４０９－５", "緯度": 34.068379, "経度": 134.443826, "url": "https://www.iryou.teikyouseido.mhlw.go.jp/znk-web/juminkanja/S2430/initialize?prefCd=36&kikanCd=198901&kikanKbn=5", "url2": "https://www.smile-group.jp", "内容": "スマイル調剤薬局　石井店【5:薬局】徳島県名西郡石井町石井字石井４０９－５" }, "geometry": { "type": "Point", "coordinates": [ 134.443826, 34.068379 ] } },
{ "type": "Feature", "properties": { "ID": "365199001", "正式名称": "あすなろ調剤薬局　応神", "機関区分": 5, "都道府県コード": 36, "市区町村コード": 201, "所在地": "徳島県徳島市応神町東貞方字北野９３番４", "緯度": 34.124108, "経度": 134.52177, "url": "https://www.iryou.teikyouseido.mhlw.go.jp/znk-web/juminkanja/S2430/initialize?prefCd=36&kikanCd=199001&kikanKbn=5", "url2": "http://www.asunaro-p.com/company/", "内容": "あすなろ調剤薬局　応神【5:薬局】徳島県徳島市応神町東貞方字北野９３番４" }, "geometry": { "type": "Point", "coordinates": [ 134.52177, 34.124108 ] } },
{ "type": "Feature", "properties": { "ID": "365199301", "正式名称": "ひかり薬局　山城店", "機関区分": 5, "都道府県コード": 36, "市区町村コード": 201, "所在地": "徳島県徳島市山城町西浜傍示１７３番地１３", "緯度": 34.052664, "経度": 134.559018, "url": "https://www.iryou.teikyouseido.mhlw.go.jp/znk-web/juminkanja/S2430/initialize?prefCd=36&kikanCd=199301&kikanKbn=5", "url2": "http://www.shikoku-ms.com", "内容": "ひかり薬局　山城店【5:薬局】徳島県徳島市山城町西浜傍示１７３番地１３" }, "geometry": { "type": "Point", "coordinates": [ 134.559018, 34.052664 ] } },
{ "type": "Feature", "properties": { "ID": "365199401", "正式名称": "住吉さくらんぼ薬局", "機関区分": 5, "都道府県コード": 36, "市区町村コード": 201, "所在地": "徳島県徳島市住吉一丁目９番３２号", "緯度": 34.073106, "経度": 134.563574, "url": "https://www.iryou.teikyouseido.mhlw.go.jp/znk-web/juminkanja/S2430/initialize?prefCd=36&kikanCd=199401&kikanKbn=5", "url2": "https://www.global-assist.jp/", "内容": "住吉さくらんぼ薬局【5:薬局】徳島県徳島市住吉一丁目９番３２号" }, "geometry": { "type": "Point", "coordinates": [ 134.563574, 34.073106 ] } },
{ "type": "Feature", "properties": { "ID": "365199501", "正式名称": "ひかり薬局　八万店", "機関区分": 5, "都道府県コード": 36, "市区町村コード": 201, "所在地": "徳島県徳島市八万町内浜１８番地の１", "緯度": 34.048297, "経度": 134.542639, "url": "https://www.iryou.teikyouseido.mhlw.go.jp/znk-web/juminkanja/S2430/initialize?prefCd=36&kikanCd=199501&kikanKbn=5", "url2": "http://www.shikoku-ms.com", "内容": "ひかり薬局　八万店【5:薬局】徳島県徳島市八万町内浜１８番地の１" }, "geometry": { "type": "Point", "coordinates": [ 134.542639, 34.048297 ] } },
{ "type": "Feature", "properties": { "ID": "365199801", "正式名称": "アップル調剤薬局　津田店", "機関区分": 5, "都道府県コード": 36, "市区町村コード": 201, "所在地": "徳島県徳島市津田西町１丁目６０－６", "緯度": 34.051351, "経度": 134.576651, "url": "https://www.iryou.teikyouseido.mhlw.go.jp/znk-web/juminkanja/S2430/initialize?prefCd=36&kikanCd=199801&kikanKbn=5", "url2": "http://www.apple-pharmacy.jp", "内容": "アップル調剤薬局　津田店【5:薬局】徳島県徳島市津田西町１丁目６０－６" }, "geometry": { "type": "Point", "coordinates": [ 134.576651, 34.051351 ] } },
{ "type": "Feature", "properties": { "ID": "365199901", "正式名称": "アップル調剤薬局　徳大店", "機関区分": 5, "都道府県コード": 36, "市区町村コード": 201, "所在地": "徳島県徳島市蔵本町２丁目２０ー１", "緯度": 34.077521, "経度": 134.519011, "url": "https://www.iryou.teikyouseido.mhlw.go.jp/znk-web/juminkanja/S2430/initialize?prefCd=36&kikanCd=199901&kikanKbn=5", "url2": "http://www.apple-pharmacy.jp", "内容": "アップル調剤薬局　徳大店【5:薬局】徳島県徳島市蔵本町２丁目２０ー１" }, "geometry": { "type": "Point", "coordinates": [ 134.519011, 34.077521 ] } },
{ "type": "Feature", "properties": { "ID": "3653640146696", "正式名称": "ププレひまわり薬局　鮎喰店", "機関区分": 5, "都道府県コード": 36, "市区町村コード": 201, "所在地": "徳島県徳島市鮎喰町１丁目３８番１", "緯度": 34.072535, "経度": 134.503836, "url": "https://www.iryou.teikyouseido.mhlw.go.jp/znk-web/juminkanja/S2430/initialize?prefCd=36&kikanCd=3640146696&kikanKbn=5", "url2": null, "内容": "ププレひまわり薬局　鮎喰店【5:薬局】徳島県徳島市鮎喰町１丁目３８番１" }, "geometry": { "type": "Point", "coordinates": [ 134.503836, 34.072535 ] } }
]
}
