{
"type": "FeatureCollection",
"name": "geo_36_3",
"crs": { "type": "name", "properties": { "name": "urn:ogc:def:crs:OGC:1.3:CRS84" } },
"features": [
{ "type": "Feature", "properties": { "ID": 3632365201180, "正式名称": "日下歯科医院", "機関区分": 3, "都道府県コード": 36, "市区町村コード": 202, "所在地": "徳島県鳴門市撫養町南浜字東浜２７１番地", "緯度": 34.174992, "経度": 134.609132, "url": "https://www.iryou.teikyouseido.mhlw.go.jp/znk-web/juminkanja/S2430/initialize?prefCd=36&kikanCd=2365201180&kikanKbn=3", "url2": "http://www.tda.or.jp/0886866360/", "内容": "日下歯科医院【3:歯科】徳島県鳴門市撫養町南浜字東浜２７１番地" }, "geometry": { "type": "Point", "coordinates": [ 134.609132, 34.174992 ] } },
{ "type": "Feature", "properties": { "ID": 3633365100150, "正式名称": "石橋歯科医院", "機関区分": 3, "都道府県コード": 36, "市区町村コード": 201, "所在地": "徳島県徳島市大道２丁目３５－１", "緯度": 34.06465, "経度": 134.547061, "url": "https://www.iryou.teikyouseido.mhlw.go.jp/znk-web/juminkanja/S2430/initialize?prefCd=36&kikanCd=3365100150&kikanKbn=3", "url2": "https://1484dc.com/", "内容": "石橋歯科医院【3:歯科】徳島県徳島市大道２丁目３５－１" }, "geometry": { "type": "Point", "coordinates": [ 134.547061, 34.06465 ] } },
{ "type": "Feature", "properties": { "ID": 3633365100730, "正式名称": "大西歯科", "機関区分": 3, "都道府県コード": 36, "市区町村コード": 201, "所在地": "徳島県徳島市国府町府中７２－１", "緯度": 34.071769, "経度": 134.482806, "url": "https://www.iryou.teikyouseido.mhlw.go.jp/znk-web/juminkanja/S2430/initialize?prefCd=36&kikanCd=3365100730&kikanKbn=3", "url2": null, "内容": "大西歯科【3:歯科】徳島県徳島市国府町府中７２－１" }, "geometry": { "type": "Point", "coordinates": [ 134.482806, 34.071769 ] } },
{ "type": "Feature", "properties": { "ID": 3633365101610, "正式名称": "小積歯科医院", "機関区分": 3, "都道府県コード": 36, "市区町村コード": 201, "所在地": "徳島県徳島市応神町古川字戎子野２１７－１", "緯度": 34.103277, "経度": 134.555612, "url": "https://www.iryou.teikyouseido.mhlw.go.jp/znk-web/juminkanja/S2430/initialize?prefCd=36&kikanCd=3365101610&kikanKbn=3", "url2": "http://kozumidental.com/", "内容": "小積歯科医院【3:歯科】徳島県徳島市応神町古川字戎子野２１７－１" }, "geometry": { "type": "Point", "coordinates": [ 134.555612, 34.103277 ] } },
{ "type": "Feature", "properties": { "ID": 3633365101740, "正式名称": "さいか歯科医院", "機関区分": 3, "都道府県コード": 36, "市区町村コード": 201, "所在地": "徳島県徳島市中吉野町３丁目２７－１", "緯度": 34.085805, "経度": 134.553874, "url": "https://www.iryou.teikyouseido.mhlw.go.jp/znk-web/juminkanja/S2430/initialize?prefCd=36&kikanCd=3365101740&kikanKbn=3", "url2": "http://tda.or.jp/0886520066/", "内容": "さいか歯科医院【3:歯科】徳島県徳島市中吉野町３丁目２７－１" }, "geometry": { "type": "Point", "coordinates": [ 134.553874, 34.085805 ] } },
{ "type": "Feature", "properties": { "ID": 3633365101900, "正式名称": "佐藤歯科医院", "機関区分": 3, "都道府県コード": 36, "市区町村コード": 201, "所在地": "徳島県徳島市幟町２丁目１２番地の１", "緯度": 34.065317, "経度": 134.54675, "url": "https://www.iryou.teikyouseido.mhlw.go.jp/znk-web/juminkanja/S2430/initialize?prefCd=36&kikanCd=3365101900&kikanKbn=3", "url2": null, "内容": "佐藤歯科医院【3:歯科】徳島県徳島市幟町２丁目１２番地の１" }, "geometry": { "type": "Point", "coordinates": [ 134.54675, 34.065317 ] } },
{ "type": "Feature", "properties": { "ID": 3633365102040, "正式名称": "白神歯科", "機関区分": 3, "都道府県コード": 36, "市区町村コード": 201, "所在地": "徳島県徳島市八百屋町３丁目７", "緯度": 34.071875, "経度": 134.550848, "url": "https://www.iryou.teikyouseido.mhlw.go.jp/znk-web/juminkanja/S2430/initialize?prefCd=36&kikanCd=3365102040&kikanKbn=3", "url2": null, "内容": "白神歯科【3:歯科】徳島県徳島市八百屋町３丁目７" }, "geometry": { "type": "Point", "coordinates": [ 134.550848, 34.071875 ] } },
{ "type": "Feature", "properties": { "ID": 3633365102170, "正式名称": "杉本歯科医院", "機関区分": 3, "都道府県コード": 36, "市区町村コード": 201, "所在地": "徳島県徳島市津田本町１－２－２６", "緯度": 34.051097, "経度": 134.577748, "url": "https://www.iryou.teikyouseido.mhlw.go.jp/znk-web/juminkanja/S2430/initialize?prefCd=36&kikanCd=3365102170&kikanKbn=3", "url2": null, "内容": "杉本歯科医院【3:歯科】徳島県徳島市津田本町１－２－２６" }, "geometry": { "type": "Point", "coordinates": [ 134.577748, 34.051097 ] } },
{ "type": "Feature", "properties": { "ID": 3633365102460, "正式名称": "竹田歯科医院", "機関区分": 3, "都道府県コード": 36, "市区町村コード": 201, "所在地": "徳島県徳島市佐古五番町９番１２号", "緯度": 34.079243, "経度": 134.530302, "url": "https://www.iryou.teikyouseido.mhlw.go.jp/znk-web/juminkanja/S2430/initialize?prefCd=36&kikanCd=3365102460&kikanKbn=3", "url2": "http://www.tda.or.jp/0886520090/", "内容": "竹田歯科医院【3:歯科】徳島県徳島市佐古五番町９番１２号" }, "geometry": { "type": "Point", "coordinates": [ 134.530302, 34.079243 ] } },
{ "type": "Feature", "properties": { "ID": 3633365102590, "正式名称": "津田歯科医院", "機関区分": 3, "都道府県コード": 36, "市区町村コード": 201, "所在地": "徳島県徳島市助任本町４丁目１３番地", "緯度": 34.081517, "経度": 134.558508, "url": "https://www.iryou.teikyouseido.mhlw.go.jp/znk-web/juminkanja/S2430/initialize?prefCd=36&kikanCd=3365102590&kikanKbn=3", "url2": "http://tda.or.jp/0886545021/", "内容": "津田歯科医院【3:歯科】徳島県徳島市助任本町４丁目１３番地" }, "geometry": { "type": "Point", "coordinates": [ 134.558508, 34.081517 ] } },
{ "type": "Feature", "properties": { "ID": 3633365103630, "正式名称": "マキ歯科医院", "機関区分": 3, "都道府県コード": 36, "市区町村コード": 201, "所在地": "徳島県徳島市不動本町１丁目２５１番地", "緯度": 34.092393, "経度": 134.5079, "url": "https://www.iryou.teikyouseido.mhlw.go.jp/znk-web/juminkanja/S2430/initialize?prefCd=36&kikanCd=3365103630&kikanKbn=3", "url2": "http://makishika.jp/fudou/index.html", "内容": "マキ歯科医院【3:歯科】徳島県徳島市不動本町１丁目２５１番地" }, "geometry": { "type": "Point", "coordinates": [ 134.5079, 34.092393 ] } },
{ "type": "Feature", "properties": { "ID": 3633365104190, "正式名称": "宮井歯科医院", "機関区分": 3, "都道府県コード": 36, "市区町村コード": 201, "所在地": "徳島県徳島市中通町３丁目８の１", "緯度": 34.071111, "経度": 134.550081, "url": "https://www.iryou.teikyouseido.mhlw.go.jp/znk-web/juminkanja/S2430/initialize?prefCd=36&kikanCd=3365104190&kikanKbn=3", "url2": "http://www.tda.or.jp/0886233810/", "内容": "宮井歯科医院【3:歯科】徳島県徳島市中通町３丁目８の１" }, "geometry": { "type": "Point", "coordinates": [ 134.550081, 34.071111 ] } },
{ "type": "Feature", "properties": { "ID": 3633365104350, "正式名称": "村田歯科医院", "機関区分": 3, "都道府県コード": 36, "市区町村コード": 201, "所在地": "徳島県徳島市蔵本町１丁目１２番地", "緯度": 34.077856, "経度": 134.519541, "url": "https://www.iryou.teikyouseido.mhlw.go.jp/znk-web/juminkanja/S2430/initialize?prefCd=36&kikanCd=3365104350&kikanKbn=3", "url2": null, "内容": "村田歯科医院【3:歯科】徳島県徳島市蔵本町１丁目１２番地" }, "geometry": { "type": "Point", "coordinates": [ 134.519541, 34.077856 ] } },
{ "type": "Feature", "properties": { "ID": 3633365104640, "正式名称": "横山歯科医院", "機関区分": 3, "都道府県コード": 36, "市区町村コード": 201, "所在地": "徳島県徳島市佐古七番町２−２６", "緯度": 34.076888, "経度": 134.524305, "url": "https://www.iryou.teikyouseido.mhlw.go.jp/znk-web/juminkanja/S2430/initialize?prefCd=36&kikanCd=3365104640&kikanKbn=3", "url2": "https://yokoyama-shikaiin.com", "内容": "横山歯科医院【3:歯科】徳島県徳島市佐古七番町２−２６" }, "geometry": { "type": "Point", "coordinates": [ 134.524305, 34.076888 ] } },
{ "type": "Feature", "properties": { "ID": 3633365104930, "正式名称": "大塚歯科", "機関区分": 3, "都道府県コード": 36, "市区町村コード": 201, "所在地": "徳島県徳島市通町２－１４－１", "緯度": 34.071311, "経度": 134.55124, "url": "https://www.iryou.teikyouseido.mhlw.go.jp/znk-web/juminkanja/S2430/initialize?prefCd=36&kikanCd=3365104930&kikanKbn=3", "url2": null, "内容": "大塚歯科【3:歯科】徳島県徳島市通町２－１４－１" }, "geometry": { "type": "Point", "coordinates": [ 134.55124, 34.071311 ] } },
{ "type": "Feature", "properties": { "ID": 3633365105360, "正式名称": "おりはら歯科医院", "機関区分": 3, "都道府県コード": 36, "市区町村コード": 201, "所在地": "徳島県徳島市佐古四番町５－２２", "緯度": 34.078087, "経度": 134.534186, "url": "https://www.iryou.teikyouseido.mhlw.go.jp/znk-web/juminkanja/S2430/initialize?prefCd=36&kikanCd=3365105360&kikanKbn=3", "url2": "http://www.ponpoko.ne.jp/orihara/index.html", "内容": "おりはら歯科医院【3:歯科】徳島県徳島市佐古四番町５－２２" }, "geometry": { "type": "Point", "coordinates": [ 134.534186, 34.078087 ] } },
{ "type": "Feature", "properties": { "ID": 3633365105490, "正式名称": "ア歯科島田診療所", "機関区分": 3, "都道府県コード": 36, "市区町村コード": 201, "所在地": "徳島県徳島市北常三島町１－１３－１", "緯度": 34.080531, "経度": 134.561429, "url": "https://www.iryou.teikyouseido.mhlw.go.jp/znk-web/juminkanja/S2430/initialize?prefCd=36&kikanCd=3365105490&kikanKbn=3", "url2": "http://www.tda.or.jp/0886250551/", "内容": "ア歯科島田診療所【3:歯科】徳島県徳島市北常三島町１－１３－１" }, "geometry": { "type": "Point", "coordinates": [ 134.561429, 34.080531 ] } },
{ "type": "Feature", "properties": { "ID": 3633365105650, "正式名称": "坂東歯科医院", "機関区分": 3, "都道府県コード": 36, "市区町村コード": 201, "所在地": "徳島県徳島市吉野本町３丁目２２", "緯度": 34.082735, "経度": 134.551663, "url": "https://www.iryou.teikyouseido.mhlw.go.jp/znk-web/juminkanja/S2430/initialize?prefCd=36&kikanCd=3365105650&kikanKbn=3", "url2": "http://www.citydo.com/prf/tokushima/guide/sg/810001428", "内容": "坂東歯科医院【3:歯科】徳島県徳島市吉野本町３丁目２２" }, "geometry": { "type": "Point", "coordinates": [ 134.551663, 34.082735 ] } },
{ "type": "Feature", "properties": { "ID": 3633365106400, "正式名称": "斎藤歯科", "機関区分": 3, "都道府県コード": 36, "市区町村コード": 201, "所在地": "徳島県徳島市城南町２丁目８番２８号", "緯度": 34.054722, "経度": 134.538, "url": "https://www.iryou.teikyouseido.mhlw.go.jp/znk-web/juminkanja/S2430/initialize?prefCd=36&kikanCd=3365106400&kikanKbn=3", "url2": null, "内容": "斎藤歯科【3:歯科】徳島県徳島市城南町２丁目８番２８号" }, "geometry": { "type": "Point", "coordinates": [ 134.538, 34.054722 ] } },
{ "type": "Feature", "properties": { "ID": 3633365106950, "正式名称": "サイカ歯科医院", "機関区分": 3, "都道府県コード": 36, "市区町村コード": 201, "所在地": "徳島県徳島市佐古二番町８番８号", "緯度": 34.078036, "経度": 134.538671, "url": "https://www.iryou.teikyouseido.mhlw.go.jp/znk-web/juminkanja/S2430/initialize?prefCd=36&kikanCd=3365106950&kikanKbn=3", "url2": "http://www.saikadc.com", "内容": "サイカ歯科医院【3:歯科】徳島県徳島市佐古二番町８番８号" }, "geometry": { "type": "Point", "coordinates": [ 134.538671, 34.078036 ] } },
{ "type": "Feature", "properties": { "ID": 3633365107120, "正式名称": "藤谷歯科", "機関区分": 3, "都道府県コード": 36, "市区町村コード": 201, "所在地": "徳島県徳島市佐古五番町９番１７号", "緯度": 34.079041, "経度": 134.530726, "url": "https://www.iryou.teikyouseido.mhlw.go.jp/znk-web/juminkanja/S2430/initialize?prefCd=36&kikanCd=3365107120&kikanKbn=3", "url2": "http://tda.or.jp/0886261781", "内容": "藤谷歯科【3:歯科】徳島県徳島市佐古五番町９番１７号" }, "geometry": { "type": "Point", "coordinates": [ 134.530726, 34.079041 ] } },
{ "type": "Feature", "properties": { "ID": 3633365107410, "正式名称": "松村歯科医院", "機関区分": 3, "都道府県コード": 36, "市区町村コード": 201, "所在地": "徳島県徳島市一番町３－１８", "緯度": 34.072817, "経度": 134.550687, "url": "https://www.iryou.teikyouseido.mhlw.go.jp/znk-web/juminkanja/S2430/initialize?prefCd=36&kikanCd=3365107410&kikanKbn=3", "url2": null, "内容": "松村歯科医院【3:歯科】徳島県徳島市一番町３－１８" }, "geometry": { "type": "Point", "coordinates": [ 134.550687, 34.072817 ] } },
{ "type": "Feature", "properties": { "ID": 3633365107540, "正式名称": "井川歯科医院", "機関区分": 3, "都道府県コード": 36, "市区町村コード": 201, "所在地": "徳島県徳島市北田宮二丁目３番６号", "緯度": 34.086947, "経度": 134.540859, "url": "https://www.iryou.teikyouseido.mhlw.go.jp/znk-web/juminkanja/S2430/initialize?prefCd=36&kikanCd=3365107540&kikanKbn=3", "url2": null, "内容": "井川歯科医院【3:歯科】徳島県徳島市北田宮二丁目３番６号" }, "geometry": { "type": "Point", "coordinates": [ 134.540859, 34.086947 ] } },
{ "type": "Feature", "properties": { "ID": 3633365107830, "正式名称": "盛デンタルオフィス", "機関区分": 3, "都道府県コード": 36, "市区町村コード": 201, "所在地": "徳島県徳島市国府町和田字居内２７番地", "緯度": 34.07196, "経度": 134.492832, "url": "https://www.iryou.teikyouseido.mhlw.go.jp/znk-web/juminkanja/S2430/initialize?prefCd=36&kikanCd=3365107830&kikanKbn=3", "url2": "http://blog.goo.ne.jp/moridental/", "内容": "盛デンタルオフィス【3:歯科】徳島県徳島市国府町和田字居内２７番地" }, "geometry": { "type": "Point", "coordinates": [ 134.492832, 34.07196 ] } },
{ "type": "Feature", "properties": { "ID": 3633365108130, "正式名称": "藤島歯科医院", "機関区分": 3, "都道府県コード": 36, "市区町村コード": 201, "所在地": "徳島県徳島市津田町４丁目１ー６４", "緯度": 34.045228, "経度": 134.579086, "url": "https://www.iryou.teikyouseido.mhlw.go.jp/znk-web/juminkanja/S2430/initialize?prefCd=36&kikanCd=3365108130&kikanKbn=3", "url2": null, "内容": "藤島歯科医院【3:歯科】徳島県徳島市津田町４丁目１ー６４" }, "geometry": { "type": "Point", "coordinates": [ 134.579086, 34.045228 ] } },
{ "type": "Feature", "properties": { "ID": 3633365108260, "正式名称": "中田歯科医院", "機関区分": 3, "都道府県コード": 36, "市区町村コード": 201, "所在地": "徳島県徳島市川内町加賀須野４６０－５", "緯度": 34.125243, "経度": 134.576855, "url": "https://www.iryou.teikyouseido.mhlw.go.jp/znk-web/juminkanja/S2430/initialize?prefCd=36&kikanCd=3365108260&kikanKbn=3", "url2": null, "内容": "中田歯科医院【3:歯科】徳島県徳島市川内町加賀須野４６０－５" }, "geometry": { "type": "Point", "coordinates": [ 134.576855, 34.125243 ] } },
{ "type": "Feature", "properties": { "ID": 3633365108550, "正式名称": "井上歯科診療所", "機関区分": 3, "都道府県コード": 36, "市区町村コード": 201, "所在地": "徳島県徳島市南昭和町５丁目６１番地", "緯度": 34.056482, "経度": 134.561394, "url": "https://www.iryou.teikyouseido.mhlw.go.jp/znk-web/juminkanja/S2430/initialize?prefCd=36&kikanCd=3365108550&kikanKbn=3", "url2": "http://www.inoueshika-t.jp", "内容": "井上歯科診療所【3:歯科】徳島県徳島市南昭和町５丁目６１番地" }, "geometry": { "type": "Point", "coordinates": [ 134.561394, 34.056482 ] } },
{ "type": "Feature", "properties": { "ID": 3633365108710, "正式名称": "ナカ歯科医院", "機関区分": 3, "都道府県コード": 36, "市区町村コード": 201, "所在地": "徳島県徳島市徳島本町３丁目１３", "緯度": 34.071613, "経度": 134.561706, "url": "https://www.iryou.teikyouseido.mhlw.go.jp/znk-web/juminkanja/S2430/initialize?prefCd=36&kikanCd=3365108710&kikanKbn=3", "url2": null, "内容": "ナカ歯科医院【3:歯科】徳島県徳島市徳島本町３丁目１３" }, "geometry": { "type": "Point", "coordinates": [ 134.561706, 34.071613 ] } },
{ "type": "Feature", "properties": { "ID": 3633365108970, "正式名称": "宮井歯科昭和町診療所", "機関区分": 3, "都道府県コード": 36, "市区町村コード": 201, "所在地": "徳島県徳島市昭和町８丁目５７－３", "緯度": 34.056757, "経度": 134.568003, "url": "https://www.iryou.teikyouseido.mhlw.go.jp/znk-web/juminkanja/S2430/initialize?prefCd=36&kikanCd=3365108970&kikanKbn=3", "url2": "http://www.geocities.jp/miyai_shika/index.html", "内容": "宮井歯科昭和町診療所【3:歯科】徳島県徳島市昭和町８丁目５７－３" }, "geometry": { "type": "Point", "coordinates": [ 134.568003, 34.056757 ] } },
{ "type": "Feature", "properties": { "ID": 3633365109010, "正式名称": "島歯科医院", "機関区分": 3, "都道府県コード": 36, "市区町村コード": 201, "所在地": "徳島県徳島市安宅１－１０－２８", "緯度": 34.069274, "経度": 134.572654, "url": "https://www.iryou.teikyouseido.mhlw.go.jp/znk-web/juminkanja/S2430/initialize?prefCd=36&kikanCd=3365109010&kikanKbn=3", "url2": "shimaｰshikaiinn,net", "内容": "島歯科医院【3:歯科】徳島県徳島市安宅１－１０－２８" }, "geometry": { "type": "Point", "coordinates": [ 134.572654, 34.069274 ] } },
{ "type": "Feature", "properties": { "ID": 3633365109430, "正式名称": "三好歯科", "機関区分": 3, "都道府県コード": 36, "市区町村コード": 201, "所在地": "徳島県徳島市国府町芝原字天神屋敷８６－１", "緯度": 34.092047, "経度": 134.458108, "url": "https://www.iryou.teikyouseido.mhlw.go.jp/znk-web/juminkanja/S2430/initialize?prefCd=36&kikanCd=3365109430&kikanKbn=3", "url2": null, "内容": "三好歯科【3:歯科】徳島県徳島市国府町芝原字天神屋敷８６－１" }, "geometry": { "type": "Point", "coordinates": [ 134.458108, 34.092047 ] } },
{ "type": "Feature", "properties": { "ID": 3633365109720, "正式名称": "浜口歯科", "機関区分": 3, "都道府県コード": 36, "市区町村コード": 201, "所在地": "徳島県徳島市二軒屋町１－２６", "緯度": 34.059308, "経度": 134.547608, "url": "https://www.iryou.teikyouseido.mhlw.go.jp/znk-web/juminkanja/S2430/initialize?prefCd=36&kikanCd=3365109720&kikanKbn=3", "url2": "http://hamaguchi-dental.com", "内容": "浜口歯科【3:歯科】徳島県徳島市二軒屋町１－２６" }, "geometry": { "type": "Point", "coordinates": [ 134.547608, 34.059308 ] } },
{ "type": "Feature", "properties": { "ID": 3633365110120, "正式名称": "島田歯科医院", "機関区分": 3, "都道府県コード": 36, "市区町村コード": 201, "所在地": "徳島県徳島市藍場町２丁目５番地", "緯度": 34.074417, "経度": 134.547629, "url": "https://www.iryou.teikyouseido.mhlw.go.jp/znk-web/juminkanja/S2430/initialize?prefCd=36&kikanCd=3365110120&kikanKbn=3", "url2": null, "内容": "島田歯科医院【3:歯科】徳島県徳島市藍場町２丁目５番地" }, "geometry": { "type": "Point", "coordinates": [ 134.547629, 34.074417 ] } },
{ "type": "Feature", "properties": { "ID": 3633365110670, "正式名称": "青木歯科医院", "機関区分": 3, "都道府県コード": 36, "市区町村コード": 201, "所在地": "徳島県徳島市西大工町５－１３－１", "緯度": 34.074808, "経度": 134.542834, "url": "https://www.iryou.teikyouseido.mhlw.go.jp/znk-web/juminkanja/S2430/initialize?prefCd=36&kikanCd=3365110670&kikanKbn=3", "url2": null, "内容": "青木歯科医院【3:歯科】徳島県徳島市西大工町５－１３－１" }, "geometry": { "type": "Point", "coordinates": [ 134.542834, 34.074808 ] } },
{ "type": "Feature", "properties": { "ID": 3633365110700, "正式名称": "大塚歯科医院", "機関区分": 3, "都道府県コード": 36, "市区町村コード": 201, "所在地": "徳島県徳島市大道３丁目２４", "緯度": 34.062544, "経度": 134.547458, "url": "https://www.iryou.teikyouseido.mhlw.go.jp/znk-web/juminkanja/S2430/initialize?prefCd=36&kikanCd=3365110700&kikanKbn=3", "url2": null, "内容": "大塚歯科医院【3:歯科】徳島県徳島市大道３丁目２４" }, "geometry": { "type": "Point", "coordinates": [ 134.547458, 34.062544 ] } },
{ "type": "Feature", "properties": { "ID": 3633365111000, "正式名称": "岡崎歯科医院", "機関区分": 3, "都道府県コード": 36, "市区町村コード": 201, "所在地": "徳島県徳島市城南町２丁目２－８５", "緯度": 34.055966, "経度": 134.542426, "url": "https://www.iryou.teikyouseido.mhlw.go.jp/znk-web/juminkanja/S2430/initialize?prefCd=36&kikanCd=3365111000&kikanKbn=3", "url2": "https://www.okazaki-shikaiin.net", "内容": "岡崎歯科医院【3:歯科】徳島県徳島市城南町２丁目２－８５" }, "geometry": { "type": "Point", "coordinates": [ 134.542426, 34.055966 ] } },
{ "type": "Feature", "properties": { "ID": 3633365111390, "正式名称": "松岡歯科医院", "機関区分": 3, "都道府県コード": 36, "市区町村コード": 341, "所在地": "徳島県名西郡石井町石井字石井４１９－３４５", "緯度": 34.069845, "経度": 134.444512, "url": "https://www.iryou.teikyouseido.mhlw.go.jp/znk-web/juminkanja/S2430/initialize?prefCd=36&kikanCd=3365111390&kikanKbn=3", "url2": null, "内容": "松岡歯科医院【3:歯科】徳島県名西郡石井町石井字石井４１９－３４５" }, "geometry": { "type": "Point", "coordinates": [ 134.444512, 34.069845 ] } },
{ "type": "Feature", "properties": { "ID": 3633365111550, "正式名称": "田村歯科医院", "機関区分": 3, "都道府県コード": 36, "市区町村コード": 341, "所在地": "徳島県名西郡石井町石井字石井４１２－１", "緯度": 34.069065, "経度": 134.44438, "url": "https://www.iryou.teikyouseido.mhlw.go.jp/znk-web/juminkanja/S2430/initialize?prefCd=36&kikanCd=3365111550&kikanKbn=3", "url2": null, "内容": "田村歯科医院【3:歯科】徳島県名西郡石井町石井字石井４１２－１" }, "geometry": { "type": "Point", "coordinates": [ 134.44438, 34.069065 ] } },
{ "type": "Feature", "properties": { "ID": 3633365111680, "正式名称": "高瀬歯科医院", "機関区分": 3, "都道府県コード": 36, "市区町村コード": 341, "所在地": "徳島県名西郡石井町浦庄字下浦６５７－３", "緯度": 34.066436, "経度": 134.421158, "url": "https://www.iryou.teikyouseido.mhlw.go.jp/znk-web/juminkanja/S2430/initialize?prefCd=36&kikanCd=3365111680&kikanKbn=3", "url2": null, "内容": "高瀬歯科医院【3:歯科】徳島県名西郡石井町浦庄字下浦６５７－３" }, "geometry": { "type": "Point", "coordinates": [ 134.421158, 34.066436 ] } },
{ "type": "Feature", "properties": { "ID": 3633365111840, "正式名称": "福田歯科医院", "機関区分": 3, "都道府県コード": 36, "市区町村コード": 342, "所在地": "徳島県名西郡神山町神領字本野間５５－１", "緯度": 33.96721, "経度": 134.349275, "url": "https://www.iryou.teikyouseido.mhlw.go.jp/znk-web/juminkanja/S2430/initialize?prefCd=36&kikanCd=3365111840&kikanKbn=3", "url2": "http://www.tda.or.jp/0886760328/", "内容": "福田歯科医院【3:歯科】徳島県名西郡神山町神領字本野間５５－１" }, "geometry": { "type": "Point", "coordinates": [ 134.349275, 33.96721 ] } },
{ "type": "Feature", "properties": { "ID": 3633365111970, "正式名称": "山田歯科医院", "機関区分": 3, "都道府県コード": 36, "市区町村コード": 342, "所在地": "徳島県名西郡神山町神領字中津６３－５", "緯度": 33.969428, "経度": 134.361929, "url": "https://www.iryou.teikyouseido.mhlw.go.jp/znk-web/juminkanja/S2430/initialize?prefCd=36&kikanCd=3365111970&kikanKbn=3", "url2": null, "内容": "山田歯科医院【3:歯科】徳島県名西郡神山町神領字中津６３－５" }, "geometry": { "type": "Point", "coordinates": [ 134.361929, 33.969428 ] } },
{ "type": "Feature", "properties": { "ID": 3633365112270, "正式名称": "齋賀歯科医院", "機関区分": 3, "都道府県コード": 36, "市区町村コード": 402, "所在地": "徳島県板野郡北島町中村字宮北裏１７－４", "緯度": 34.126016, "経度": 134.550848, "url": "https://www.iryou.teikyouseido.mhlw.go.jp/znk-web/juminkanja/S2430/initialize?prefCd=36&kikanCd=3365112270&kikanKbn=3", "url2": "https://dental-iiha.com/d0056927.html", "内容": "齋賀歯科医院【3:歯科】徳島県板野郡北島町中村字宮北裏１７－４" }, "geometry": { "type": "Point", "coordinates": [ 134.550848, 34.126016 ] } },
{ "type": "Feature", "properties": { "ID": 3633365112300, "正式名称": "村上歯科医院", "機関区分": 3, "都道府県コード": 36, "市区町村コード": 402, "所在地": "徳島県板野郡北島町北村字水神原４２－１", "緯度": 34.138263, "経度": 134.551696, "url": "https://www.iryou.teikyouseido.mhlw.go.jp/znk-web/juminkanja/S2430/initialize?prefCd=36&kikanCd=3365112300&kikanKbn=3", "url2": null, "内容": "村上歯科医院【3:歯科】徳島県板野郡北島町北村字水神原４２－１" }, "geometry": { "type": "Point", "coordinates": [ 134.551696, 34.138263 ] } },
{ "type": "Feature", "properties": { "ID": 3633365112560, "正式名称": "森歯科医院", "機関区分": 3, "都道府県コード": 36, "市区町村コード": 403, "所在地": "徳島県板野郡藍住町勝瑞字西勝地８６", "緯度": 34.132404, "経度": 134.517605, "url": "https://www.iryou.teikyouseido.mhlw.go.jp/znk-web/juminkanja/S2430/initialize?prefCd=36&kikanCd=3365112560&kikanKbn=3", "url2": null, "内容": "森歯科医院【3:歯科】徳島県板野郡藍住町勝瑞字西勝地８６" }, "geometry": { "type": "Point", "coordinates": [ 134.517605, 34.132404 ] } },
{ "type": "Feature", "properties": { "ID": 3633365112850, "正式名称": "三ツ井歯科医院", "機関区分": 3, "都道府県コード": 36, "市区町村コード": 201, "所在地": "徳島県徳島市伊月町１丁目５３番地", "緯度": 34.065428, "経度": 134.551358, "url": "https://www.iryou.teikyouseido.mhlw.go.jp/znk-web/juminkanja/S2430/initialize?prefCd=36&kikanCd=3365112850&kikanKbn=3", "url2": null, "内容": "三ツ井歯科医院【3:歯科】徳島県徳島市伊月町１丁目５３番地" }, "geometry": { "type": "Point", "coordinates": [ 134.551358, 34.065428 ] } },
{ "type": "Feature", "properties": { "ID": 3633365113280, "正式名称": "西歯科医院", "機関区分": 3, "都道府県コード": 36, "市区町村コード": 201, "所在地": "徳島県徳島市川内町大松１４３番地１４", "緯度": 34.114586, "経度": 134.574814, "url": "https://www.iryou.teikyouseido.mhlw.go.jp/znk-web/juminkanja/S2430/initialize?prefCd=36&kikanCd=3365113280&kikanKbn=3", "url2": null, "内容": "西歯科医院【3:歯科】徳島県徳島市川内町大松１４３番地１４" }, "geometry": { "type": "Point", "coordinates": [ 134.574814, 34.114586 ] } },
{ "type": "Feature", "properties": { "ID": 3633365113310, "正式名称": "さくら歯科クリニック", "機関区分": 3, "都道府県コード": 36, "市区町村コード": 201, "所在地": "徳島県徳島市八万町下福万１３９－１６", "緯度": 34.051006, "経度": 134.532952, "url": "https://www.iryou.teikyouseido.mhlw.go.jp/znk-web/juminkanja/S2430/initialize?prefCd=36&kikanCd=3365113310&kikanKbn=3", "url2": "http://www.nmt.ne.jp/~cosmos99/", "内容": "さくら歯科クリニック【3:歯科】徳島県徳島市八万町下福万１３９－１６" }, "geometry": { "type": "Point", "coordinates": [ 134.532952, 34.051006 ] } },
{ "type": "Feature", "properties": { "ID": 3633365113440, "正式名称": "勝瀬歯科医院", "機関区分": 3, "都道府県コード": 36, "市区町村コード": 201, "所在地": "徳島県徳島市徳島町城内６－８３", "緯度": 34.077412, "経度": 134.549314, "url": "https://www.iryou.teikyouseido.mhlw.go.jp/znk-web/juminkanja/S2430/initialize?prefCd=36&kikanCd=3365113440&kikanKbn=3", "url2": "http://www.katsusedc.jp/", "内容": "勝瀬歯科医院【3:歯科】徳島県徳島市徳島町城内６－８３" }, "geometry": { "type": "Point", "coordinates": [ 134.549314, 34.077412 ] } },
{ "type": "Feature", "properties": { "ID": 3633365113570, "正式名称": "高畑歯科医院", "機関区分": 3, "都道府県コード": 36, "市区町村コード": 201, "所在地": "徳島県徳島市庄町３丁目２１－３", "緯度": 34.074444, "経度": 134.510846, "url": "https://www.iryou.teikyouseido.mhlw.go.jp/znk-web/juminkanja/S2430/initialize?prefCd=36&kikanCd=3365113570&kikanKbn=3", "url2": null, "内容": "高畑歯科医院【3:歯科】徳島県徳島市庄町３丁目２１－３" }, "geometry": { "type": "Point", "coordinates": [ 134.510846, 34.074444 ] } },
{ "type": "Feature", "properties": { "ID": 3633365114160, "正式名称": "うやま歯科", "機関区分": 3, "都道府県コード": 36, "市区町村コード": 201, "所在地": "徳島県徳島市西大工町１丁目８", "緯度": 34.070969, "経度": 134.545741, "url": "https://www.iryou.teikyouseido.mhlw.go.jp/znk-web/juminkanja/S2430/initialize?prefCd=36&kikanCd=3365114160&kikanKbn=3", "url2": null, "内容": "うやま歯科【3:歯科】徳島県徳島市西大工町１丁目８" }, "geometry": { "type": "Point", "coordinates": [ 134.545741, 34.070969 ] } },
{ "type": "Feature", "properties": { "ID": 3633365114290, "正式名称": "大北歯科医院", "機関区分": 3, "都道府県コード": 36, "市区町村コード": 201, "所在地": "徳島県徳島市八万町大坪９９－８", "緯度": 34.045406, "経度": 134.527073, "url": "https://www.iryou.teikyouseido.mhlw.go.jp/znk-web/juminkanja/S2430/initialize?prefCd=36&kikanCd=3365114290&kikanKbn=3", "url2": null, "内容": "大北歯科医院【3:歯科】徳島県徳島市八万町大坪９９－８" }, "geometry": { "type": "Point", "coordinates": [ 134.527073, 34.045406 ] } },
{ "type": "Feature", "properties": { "ID": 3633365114320, "正式名称": "島田歯科", "機関区分": 3, "都道府県コード": 36, "市区町村コード": 201, "所在地": "徳島県徳島市川内町竹須賀１５７－６", "緯度": 34.107594, "経度": 134.574816, "url": "https://www.iryou.teikyouseido.mhlw.go.jp/znk-web/juminkanja/S2430/initialize?prefCd=36&kikanCd=3365114320&kikanKbn=3", "url2": null, "内容": "島田歯科【3:歯科】徳島県徳島市川内町竹須賀１５７－６" }, "geometry": { "type": "Point", "coordinates": [ 134.574816, 34.107594 ] } },
{ "type": "Feature", "properties": { "ID": 3633365114450, "正式名称": "早雲歯科医院", "機関区分": 3, "都道府県コード": 36, "市区町村コード": 201, "所在地": "徳島県徳島市北矢三町２－２－４", "緯度": 34.085365, "経度": 134.523994, "url": "https://www.iryou.teikyouseido.mhlw.go.jp/znk-web/juminkanja/S2430/initialize?prefCd=36&kikanCd=3365114450&kikanKbn=3", "url2": null, "内容": "早雲歯科医院【3:歯科】徳島県徳島市北矢三町２－２－４" }, "geometry": { "type": "Point", "coordinates": [ 134.523994, 34.085365 ] } },
{ "type": "Feature", "properties": { "ID": 3633365114900, "正式名称": "益田歯科医院", "機関区分": 3, "都道府県コード": 36, "市区町村コード": 201, "所在地": "徳島県徳島市西須賀町下中須１３番地の４８", "緯度": 34.029909, "経度": 134.549839, "url": "https://www.iryou.teikyouseido.mhlw.go.jp/znk-web/juminkanja/S2430/initialize?prefCd=36&kikanCd=3365114900&kikanKbn=3", "url2": "http://www.masuda-shika.or.jp", "内容": "益田歯科医院【3:歯科】徳島県徳島市西須賀町下中須１３番地の４８" }, "geometry": { "type": "Point", "coordinates": [ 134.549839, 34.029909 ] } },
{ "type": "Feature", "properties": { "ID": 3633365115040, "正式名称": "猪子歯科", "機関区分": 3, "都道府県コード": 36, "市区町村コード": 403, "所在地": "徳島県板野郡藍住町徳命字前須東１６３－１", "緯度": 34.118129, "経度": 134.487827, "url": "https://www.iryou.teikyouseido.mhlw.go.jp/znk-web/juminkanja/S2430/initialize?prefCd=36&kikanCd=3365115040&kikanKbn=3", "url2": null, "内容": "猪子歯科【3:歯科】徳島県板野郡藍住町徳命字前須東１６３－１" }, "geometry": { "type": "Point", "coordinates": [ 134.487827, 34.118129 ] } },
{ "type": "Feature", "properties": { "ID": 3633365115460, "正式名称": "のぞむ歯科", "機関区分": 3, "都道府県コード": 36, "市区町村コード": 201, "所在地": "徳島県徳島市佐古三番町１－１３", "緯度": 34.076679, "経度": 134.536048, "url": "https://www.iryou.teikyouseido.mhlw.go.jp/znk-web/juminkanja/S2430/initialize?prefCd=36&kikanCd=3365115460&kikanKbn=3", "url2": null, "内容": "のぞむ歯科【3:歯科】徳島県徳島市佐古三番町１－１３" }, "geometry": { "type": "Point", "coordinates": [ 134.536048, 34.076679 ] } },
{ "type": "Feature", "properties": { "ID": 3633365115620, "正式名称": "椋本歯科医院", "機関区分": 3, "都道府県コード": 36, "市区町村コード": 201, "所在地": "徳島県徳島市中前川町４丁目１２番地", "緯度": 34.080104, "経度": 134.549453, "url": "https://www.iryou.teikyouseido.mhlw.go.jp/znk-web/juminkanja/S2430/initialize?prefCd=36&kikanCd=3365115620&kikanKbn=3", "url2": null, "内容": "椋本歯科医院【3:歯科】徳島県徳島市中前川町４丁目１２番地" }, "geometry": { "type": "Point", "coordinates": [ 134.549453, 34.080104 ] } },
{ "type": "Feature", "properties": { "ID": 3633365115750, "正式名称": "厚見歯科医院", "機関区分": 3, "都道府県コード": 36, "市区町村コード": 201, "所在地": "徳島県徳島市佐古１番町７－８", "緯度": 34.07677, "経度": 134.541382, "url": "https://www.iryou.teikyouseido.mhlw.go.jp/znk-web/juminkanja/S2430/initialize?prefCd=36&kikanCd=3365115750&kikanKbn=3", "url2": null, "内容": "厚見歯科医院【3:歯科】徳島県徳島市佐古１番町７－８" }, "geometry": { "type": "Point", "coordinates": [ 134.541382, 34.07677 ] } },
{ "type": "Feature", "properties": { "ID": 3633365115880, "正式名称": "カマタ歯科クリニック", "機関区分": 3, "都道府県コード": 36, "市区町村コード": 201, "所在地": "徳島県徳島市両国橋５－２", "緯度": 34.068041, "経度": 134.550295, "url": "https://www.iryou.teikyouseido.mhlw.go.jp/znk-web/juminkanja/S2430/initialize?prefCd=36&kikanCd=3365115880&kikanKbn=3", "url2": "https://www.kamata-dc.com/", "内容": "カマタ歯科クリニック【3:歯科】徳島県徳島市両国橋５－２" }, "geometry": { "type": "Point", "coordinates": [ 134.550295, 34.068041 ] } },
{ "type": "Feature", "properties": { "ID": 3633365116050, "正式名称": "徳島市歯科医師会休日救急等診療所", "機関区分": 3, "都道府県コード": 36, "市区町村コード": 201, "所在地": "徳島県徳島市北田宮１丁目８番６５号", "緯度": 34.090292, "経度": 134.547251, "url": "https://www.iryou.teikyouseido.mhlw.go.jp/znk-web/juminkanja/S2430/initialize?prefCd=36&kikanCd=3365116050&kikanKbn=3", "url2": "http://www.tda.or.jp/museum/20070918220144.html", "内容": "徳島市歯科医師会休日救急等診療所【3:歯科】徳島県徳島市北田宮１丁目８番６５号" }, "geometry": { "type": "Point", "coordinates": [ 134.547251, 34.090292 ] } },
{ "type": "Feature", "properties": { "ID": 3633365116180, "正式名称": "徳島県歯科医師会口腔保健センター", "機関区分": 3, "都道府県コード": 36, "市区町村コード": 201, "所在地": "徳島県徳島市北田宮１丁目８－６５", "緯度": 34.090412, "経度": 134.547189, "url": "https://www.iryou.teikyouseido.mhlw.go.jp/znk-web/juminkanja/S2430/initialize?prefCd=36&kikanCd=3365116180&kikanKbn=3", "url2": "http://www.tda.or.jp/museum/20070912130046.html", "内容": "徳島県歯科医師会口腔保健センター【3:歯科】徳島県徳島市北田宮１丁目８－６５" }, "geometry": { "type": "Point", "coordinates": [ 134.547189, 34.090412 ] } },
{ "type": "Feature", "properties": { "ID": 3633365116630, "正式名称": "かねまつ歯科医院", "機関区分": 3, "都道府県コード": 36, "市区町村コード": 201, "所在地": "徳島県徳島市北沖洲１丁目１４番２１号", "緯度": 34.072542, "経度": 134.582262, "url": "https://www.iryou.teikyouseido.mhlw.go.jp/znk-web/juminkanja/S2430/initialize?prefCd=36&kikanCd=3365116630&kikanKbn=3", "url2": null, "内容": "かねまつ歯科医院【3:歯科】徳島県徳島市北沖洲１丁目１４番２１号" }, "geometry": { "type": "Point", "coordinates": [ 134.582262, 34.072542 ] } },
{ "type": "Feature", "properties": { "ID": 3633365116760, "正式名称": "水口歯科クリニック", "機関区分": 3, "都道府県コード": 36, "市区町村コード": 201, "所在地": "徳島県徳島市大道１８－１", "緯度": 34.061364, "経度": 134.54756, "url": "https://www.iryou.teikyouseido.mhlw.go.jp/znk-web/juminkanja/S2430/initialize?prefCd=36&kikanCd=3365116760&kikanKbn=3", "url2": null, "内容": "水口歯科クリニック【3:歯科】徳島県徳島市大道１８－１" }, "geometry": { "type": "Point", "coordinates": [ 134.54756, 34.061364 ] } },
{ "type": "Feature", "properties": { "ID": 3633365116920, "正式名称": "武田歯科", "機関区分": 3, "都道府県コード": 36, "市区町村コード": 201, "所在地": "徳島県徳島市上八万町西山７４０", "緯度": 34.030825, "経度": 134.492569, "url": "https://www.iryou.teikyouseido.mhlw.go.jp/znk-web/juminkanja/S2430/initialize?prefCd=36&kikanCd=3365116920&kikanKbn=3", "url2": null, "内容": "武田歯科【3:歯科】徳島県徳島市上八万町西山７４０" }, "geometry": { "type": "Point", "coordinates": [ 134.492569, 34.030825 ] } },
{ "type": "Feature", "properties": { "ID": 3633365117350, "正式名称": "三木歯科", "機関区分": 3, "都道府県コード": 36, "市区町村コード": 201, "所在地": "徳島県徳島市川内町榎瀬７８４－１", "緯度": 34.106026, "経度": 134.556338, "url": "https://www.iryou.teikyouseido.mhlw.go.jp/znk-web/juminkanja/S2430/initialize?prefCd=36&kikanCd=3365117350&kikanKbn=3", "url2": null, "内容": "三木歯科【3:歯科】徳島県徳島市川内町榎瀬７８４－１" }, "geometry": { "type": "Point", "coordinates": [ 134.556338, 34.106026 ] } },
{ "type": "Feature", "properties": { "ID": 3633365117640, "正式名称": "東條歯科医院", "機関区分": 3, "都道府県コード": 36, "市区町村コード": 201, "所在地": "徳島県徳島市南昭和町４－７０－２", "緯度": 34.057353, "経度": 134.558272, "url": "https://www.iryou.teikyouseido.mhlw.go.jp/znk-web/juminkanja/S2430/initialize?prefCd=36&kikanCd=3365117640&kikanKbn=3", "url2": "https://tojo-d.com", "内容": "東條歯科医院【3:歯科】徳島県徳島市南昭和町４－７０－２" }, "geometry": { "type": "Point", "coordinates": [ 134.558272, 34.057353 ] } },
{ "type": "Feature", "properties": { "ID": 3633365117800, "正式名称": "福原歯科医院", "機関区分": 3, "都道府県コード": 36, "市区町村コード": 341, "所在地": "徳島県名西郡石井町石井字石井２６５－１", "緯度": 34.066916, "経度": 134.440298, "url": "https://www.iryou.teikyouseido.mhlw.go.jp/znk-web/juminkanja/S2430/initialize?prefCd=36&kikanCd=3365117800&kikanKbn=3", "url2": null, "内容": "福原歯科医院【3:歯科】徳島県名西郡石井町石井字石井２６５－１" }, "geometry": { "type": "Point", "coordinates": [ 134.440298, 34.066916 ] } },
{ "type": "Feature", "properties": { "ID": 3633365118100, "正式名称": "米沢歯科クリニック", "機関区分": 3, "都道府県コード": 36, "市区町村コード": 201, "所在地": "徳島県徳島市山城町東浜傍示番外１７", "緯度": 34.052891, "経度": 134.559973, "url": "https://www.iryou.teikyouseido.mhlw.go.jp/znk-web/juminkanja/S2430/initialize?prefCd=36&kikanCd=3365118100&kikanKbn=3", "url2": "https://yonezawa-dental-clinic.com/", "内容": "米沢歯科クリニック【3:歯科】徳島県徳島市山城町東浜傍示番外１７" }, "geometry": { "type": "Point", "coordinates": [ 134.559973, 34.052891 ] } },
{ "type": "Feature", "properties": { "ID": 3633365118360, "正式名称": "健生歯科", "機関区分": 3, "都道府県コード": 36, "市区町村コード": 201, "所在地": "徳島県徳島市北前川町５丁目１０", "緯度": 34.082113, "経度": 134.548879, "url": "https://www.iryou.teikyouseido.mhlw.go.jp/znk-web/juminkanja/S2430/initialize?prefCd=36&kikanCd=3365118360&kikanKbn=3", "url2": null, "内容": "健生歯科【3:歯科】徳島県徳島市北前川町５丁目１０" }, "geometry": { "type": "Point", "coordinates": [ 134.548879, 34.082113 ] } },
{ "type": "Feature", "properties": { "ID": 3633365118780, "正式名称": "清水歯科医院", "機関区分": 3, "都道府県コード": 36, "市区町村コード": 201, "所在地": "徳島県徳島市応神町吉成字有天５０－３", "緯度": 34.113199, "経度": 134.53203, "url": "https://www.iryou.teikyouseido.mhlw.go.jp/znk-web/juminkanja/S2430/initialize?prefCd=36&kikanCd=3365118780&kikanKbn=3", "url2": null, "内容": "清水歯科医院【3:歯科】徳島県徳島市応神町吉成字有天５０－３" }, "geometry": { "type": "Point", "coordinates": [ 134.53203, 34.113199 ] } },
{ "type": "Feature", "properties": { "ID": 3633365118940, "正式名称": "近藤歯科", "機関区分": 3, "都道府県コード": 36, "市区町村コード": 201, "所在地": "徳島県徳島市末広１－４－２２", "緯度": 34.065174, "経度": 134.571533, "url": "https://www.iryou.teikyouseido.mhlw.go.jp/znk-web/juminkanja/S2430/initialize?prefCd=36&kikanCd=3365118940&kikanKbn=3", "url2": null, "内容": "近藤歯科【3:歯科】徳島県徳島市末広１－４－２２" }, "geometry": { "type": "Point", "coordinates": [ 134.571533, 34.065174 ] } },
{ "type": "Feature", "properties": { "ID": 3633365119240, "正式名称": "今山歯科", "機関区分": 3, "都道府県コード": 36, "市区町村コード": 201, "所在地": "徳島県徳島市福島１丁目４番８号", "緯度": 34.071787, "経度": 134.562982, "url": "https://www.iryou.teikyouseido.mhlw.go.jp/znk-web/juminkanja/S2430/initialize?prefCd=36&kikanCd=3365119240&kikanKbn=3", "url2": null, "内容": "今山歯科【3:歯科】徳島県徳島市福島１丁目４番８号" }, "geometry": { "type": "Point", "coordinates": [ 134.562982, 34.071787 ] } },
{ "type": "Feature", "properties": { "ID": 3633365119660, "正式名称": "榊原歯科医院", "機関区分": 3, "都道府県コード": 36, "市区町村コード": 201, "所在地": "徳島県徳島市出来島本町１丁目３６", "緯度": 34.077274, "経度": 134.546337, "url": "https://www.iryou.teikyouseido.mhlw.go.jp/znk-web/juminkanja/S2430/initialize?prefCd=36&kikanCd=3365119660&kikanKbn=3", "url2": null, "内容": "榊原歯科医院【3:歯科】徳島県徳島市出来島本町１丁目３６" }, "geometry": { "type": "Point", "coordinates": [ 134.546337, 34.077274 ] } },
{ "type": "Feature", "properties": { "ID": 3633365119790, "正式名称": "小倉歯科診療所", "機関区分": 3, "都道府県コード": 36, "市区町村コード": 201, "所在地": "徳島県徳島市名東町１丁目２４０番１", "緯度": 34.067521, "経度": 134.50171, "url": "https://www.iryou.teikyouseido.mhlw.go.jp/znk-web/juminkanja/S2430/initialize?prefCd=36&kikanCd=3365119790&kikanKbn=3", "url2": "http://www.ogura-dental.com/", "内容": "小倉歯科診療所【3:歯科】徳島県徳島市名東町１丁目２４０番１" }, "geometry": { "type": "Point", "coordinates": [ 134.50171, 34.067521 ] } },
{ "type": "Feature", "properties": { "ID": 3633365119950, "正式名称": "長岡歯科クリニック", "機関区分": 3, "都道府県コード": 36, "市区町村コード": 201, "所在地": "徳島県徳島市上八万町西山１１２－１６３", "緯度": 34.033421, "経度": 134.491163, "url": "https://www.iryou.teikyouseido.mhlw.go.jp/znk-web/juminkanja/S2430/initialize?prefCd=36&kikanCd=3365119950&kikanKbn=3", "url2": null, "内容": "長岡歯科クリニック【3:歯科】徳島県徳島市上八万町西山１１２－１６３" }, "geometry": { "type": "Point", "coordinates": [ 134.491163, 34.033421 ] } },
{ "type": "Feature", "properties": { "ID": 3633365120190, "正式名称": "岡歯科クリニック", "機関区分": 3, "都道府県コード": 36, "市区町村コード": 201, "所在地": "徳島県徳島市津田町４丁目１番３６号", "緯度": 34.044321, "経度": 134.579427, "url": "https://www.iryou.teikyouseido.mhlw.go.jp/znk-web/juminkanja/S2430/initialize?prefCd=36&kikanCd=3365120190&kikanKbn=3", "url2": null, "内容": "岡歯科クリニック【3:歯科】徳島県徳島市津田町４丁目１番３６号" }, "geometry": { "type": "Point", "coordinates": [ 134.579427, 34.044321 ] } },
{ "type": "Feature", "properties": { "ID": 3633365120350, "正式名称": "小笠歯科診療所", "機関区分": 3, "都道府県コード": 36, "市区町村コード": 201, "所在地": "徳島県徳島市藍場町１丁目３２番地津田内科ビル２階", "緯度": 34.073635, "経度": 134.548488, "url": "https://www.iryou.teikyouseido.mhlw.go.jp/znk-web/juminkanja/S2430/initialize?prefCd=36&kikanCd=3365120350&kikanKbn=3", "url2": null, "内容": "小笠歯科診療所【3:歯科】徳島県徳島市藍場町１丁目３２番地津田内科ビル２階" }, "geometry": { "type": "Point", "coordinates": [ 134.548488, 34.073635 ] } },
{ "type": "Feature", "properties": { "ID": 3633365120510, "正式名称": "こうだ歯科", "機関区分": 3, "都道府県コード": 36, "市区町村コード": 201, "所在地": "徳島県徳島市寺島本町西１丁目１０番地", "緯度": 34.073946, "経度": 134.549394, "url": "https://www.iryou.teikyouseido.mhlw.go.jp/znk-web/juminkanja/S2430/initialize?prefCd=36&kikanCd=3365120510&kikanKbn=3", "url2": "http://kodadental.com", "内容": "こうだ歯科【3:歯科】徳島県徳島市寺島本町西１丁目１０番地" }, "geometry": { "type": "Point", "coordinates": [ 134.549394, 34.073946 ] } },
{ "type": "Feature", "properties": { "ID": 3633365120770, "正式名称": "倉橋歯科医院", "機関区分": 3, "都道府県コード": 36, "市区町村コード": 402, "所在地": "徳島県板野郡北島町北村字大黒２２番４", "緯度": 34.138311, "経度": 134.5575, "url": "https://www.iryou.teikyouseido.mhlw.go.jp/znk-web/juminkanja/S2430/initialize?prefCd=36&kikanCd=3365120770&kikanKbn=3", "url2": "https://www.kurahashika.com/", "内容": "倉橋歯科医院【3:歯科】徳島県板野郡北島町北村字大黒２２番４" }, "geometry": { "type": "Point", "coordinates": [ 134.5575, 34.138311 ] } },
{ "type": "Feature", "properties": { "ID": 3633365120800, "正式名称": "佐久間歯科医院", "機関区分": 3, "都道府県コード": 36, "市区町村コード": 341, "所在地": "徳島県名西郡石井町高川原字高川原１４１７－１", "緯度": 34.076163, "経度": 134.450678, "url": "https://www.iryou.teikyouseido.mhlw.go.jp/znk-web/juminkanja/S2430/initialize?prefCd=36&kikanCd=3365120800&kikanKbn=3", "url2": null, "内容": "佐久間歯科医院【3:歯科】徳島県名西郡石井町高川原字高川原１４１７－１" }, "geometry": { "type": "Point", "coordinates": [ 134.450678, 34.076163 ] } },
{ "type": "Feature", "properties": { "ID": 3633365120930, "正式名称": "高田歯科クリニック", "機関区分": 3, "都道府県コード": 36, "市区町村コード": 402, "所在地": "徳島県板野郡北島町鯛浜字西ノ須３４－４フロ－ラルハイツ２", "緯度": 34.114645, "経度": 134.548477, "url": "https://www.iryou.teikyouseido.mhlw.go.jp/znk-web/juminkanja/S2430/initialize?prefCd=36&kikanCd=3365120930&kikanKbn=3", "url2": "http://takata-dc.com/", "内容": "高田歯科クリニック【3:歯科】徳島県板野郡北島町鯛浜字西ノ須３４－４フロ－ラルハイツ２" }, "geometry": { "type": "Point", "coordinates": [ 134.548477, 34.114645 ] } },
{ "type": "Feature", "properties": { "ID": 3633365121230, "正式名称": "歯科宮上クリニック", "機関区分": 3, "都道府県コード": 36, "市区町村コード": 201, "所在地": "徳島県徳島市上八万町下中筋５３８－１", "緯度": 34.038206, "経度": 134.507421, "url": "https://www.iryou.teikyouseido.mhlw.go.jp/znk-web/juminkanja/S2430/initialize?prefCd=36&kikanCd=3365121230&kikanKbn=3", "url2": null, "内容": "歯科宮上クリニック【3:歯科】徳島県徳島市上八万町下中筋５３８－１" }, "geometry": { "type": "Point", "coordinates": [ 134.507421, 34.038206 ] } },
{ "type": "Feature", "properties": { "ID": 3633365121490, "正式名称": "四国セント歯科", "機関区分": 3, "都道府県コード": 36, "市区町村コード": 201, "所在地": "徳島県徳島市勝占町外敷地１６－３６", "緯度": 34.014984, "経度": 134.556604, "url": "https://www.iryou.teikyouseido.mhlw.go.jp/znk-web/juminkanja/S2430/initialize?prefCd=36&kikanCd=3365121490&kikanKbn=3", "url2": "https://cent-dental.com/", "内容": "四国セント歯科【3:歯科】徳島県徳島市勝占町外敷地１６－３６" }, "geometry": { "type": "Point", "coordinates": [ 134.556604, 34.014984 ] } },
{ "type": "Feature", "properties": { "ID": 3633365121650, "正式名称": "井上歯科医院", "機関区分": 3, "都道府県コード": 36, "市区町村コード": 341, "所在地": "徳島県名西郡石井町石井字石井５０９番地５", "緯度": 34.069311, "経度": 134.448318, "url": "https://www.iryou.teikyouseido.mhlw.go.jp/znk-web/juminkanja/S2430/initialize?prefCd=36&kikanCd=3365121650&kikanKbn=3", "url2": "https://inoue-shika-iin.com/", "内容": "井上歯科医院【3:歯科】徳島県名西郡石井町石井字石井５０９番地５" }, "geometry": { "type": "Point", "coordinates": [ 134.448318, 34.069311 ] } },
{ "type": "Feature", "properties": { "ID": 3633365121780, "正式名称": "カンガルー歯科", "機関区分": 3, "都道府県コード": 36, "市区町村コード": 201, "所在地": "徳島県徳島市国府町芝原字天満１６－５", "緯度": 34.100576, "経度": 134.46034, "url": "https://www.iryou.teikyouseido.mhlw.go.jp/znk-web/juminkanja/S2430/initialize?prefCd=36&kikanCd=3365121780&kikanKbn=3", "url2": "http://www2s.biglobe.ne.jp/kangaroo/", "内容": "カンガルー歯科【3:歯科】徳島県徳島市国府町芝原字天満１６－５" }, "geometry": { "type": "Point", "coordinates": [ 134.46034, 34.100576 ] } },
{ "type": "Feature", "properties": { "ID": 3633365121940, "正式名称": "おおさわ歯科医院", "機関区分": 3, "都道府県コード": 36, "市区町村コード": 403, "所在地": "徳島県板野郡藍住町勝瑞字幸島１１６－７１", "緯度": 34.125057, "経度": 134.516859, "url": "https://www.iryou.teikyouseido.mhlw.go.jp/znk-web/juminkanja/S2430/initialize?prefCd=36&kikanCd=3365121940&kikanKbn=3", "url2": "http://www.osawa-dc.com/", "内容": "おおさわ歯科医院【3:歯科】徳島県板野郡藍住町勝瑞字幸島１１６－７１" }, "geometry": { "type": "Point", "coordinates": [ 134.516859, 34.125057 ] } },
{ "type": "Feature", "properties": { "ID": 3633365122110, "正式名称": "宮本歯科", "機関区分": 3, "都道府県コード": 36, "市区町村コード": 341, "所在地": "徳島県名西郡石井町石井３８８－２５", "緯度": 34.068778, "経度": 134.445451, "url": "https://www.iryou.teikyouseido.mhlw.go.jp/znk-web/juminkanja/S2430/initialize?prefCd=36&kikanCd=3365122110&kikanKbn=3", "url2": null, "内容": "宮本歯科【3:歯科】徳島県名西郡石井町石井３８８－２５" }, "geometry": { "type": "Point", "coordinates": [ 134.445451, 34.068778 ] } },
{ "type": "Feature", "properties": { "ID": 3633365122240, "正式名称": "さいじょう歯科", "機関区分": 3, "都道府県コード": 36, "市区町村コード": 403, "所在地": "徳島県板野郡藍住町奥野字和田１２２－６", "緯度": 34.121096, "経度": 134.495037, "url": "https://www.iryou.teikyouseido.mhlw.go.jp/znk-web/juminkanja/S2430/initialize?prefCd=36&kikanCd=3365122240&kikanKbn=3", "url2": "http://www.citydo.com/prf/tokushima/guide/sg/810000757.html", "内容": "さいじょう歯科【3:歯科】徳島県板野郡藍住町奥野字和田１２２－６" }, "geometry": { "type": "Point", "coordinates": [ 134.495037, 34.121096 ] } },
{ "type": "Feature", "properties": { "ID": 3633365122530, "正式名称": "尾形歯科", "機関区分": 3, "都道府県コード": 36, "市区町村コード": 201, "所在地": "徳島県徳島市南二軒屋町２丁目３番２５号", "緯度": 34.052891, "経度": 134.544647, "url": "https://www.iryou.teikyouseido.mhlw.go.jp/znk-web/juminkanja/S2430/initialize?prefCd=36&kikanCd=3365122530&kikanKbn=3", "url2": "http://www.ogata-shika.jp", "内容": "尾形歯科【3:歯科】徳島県徳島市南二軒屋町２丁目３番２５号" }, "geometry": { "type": "Point", "coordinates": [ 134.544647, 34.052891 ] } },
{ "type": "Feature", "properties": { "ID": 3633365122660, "正式名称": "佐々木歯科医院", "機関区分": 3, "都道府県コード": 36, "市区町村コード": 201, "所在地": "徳島県徳島市鮎喰町２－１０６－７", "緯度": 34.073493, "経度": 134.501817, "url": "https://www.iryou.teikyouseido.mhlw.go.jp/znk-web/juminkanja/S2430/initialize?prefCd=36&kikanCd=3365122660&kikanKbn=3", "url2": null, "内容": "佐々木歯科医院【3:歯科】徳島県徳島市鮎喰町２－１０６－７" }, "geometry": { "type": "Point", "coordinates": [ 134.501817, 34.073493 ] } },
{ "type": "Feature", "properties": { "ID": 3633365122790, "正式名称": "あい歯科", "機関区分": 3, "都道府県コード": 36, "市区町村コード": 403, "所在地": "徳島県板野郡藍住町矢上字北分６４番地３", "緯度": 34.135654, "経度": 134.49461, "url": "https://www.iryou.teikyouseido.mhlw.go.jp/znk-web/juminkanja/S2430/initialize?prefCd=36&kikanCd=3365122790&kikanKbn=3", "url2": "http://www.ai-sika.com", "内容": "あい歯科【3:歯科】徳島県板野郡藍住町矢上字北分６４番地３" }, "geometry": { "type": "Point", "coordinates": [ 134.49461, 34.135654 ] } },
{ "type": "Feature", "properties": { "ID": 3633365122950, "正式名称": "かさい歯科医院", "機関区分": 3, "都道府県コード": 36, "市区町村コード": 341, "所在地": "徳島県名西郡石井町高原字関１０５", "緯度": 34.07998, "経度": 134.40028, "url": "https://www.iryou.teikyouseido.mhlw.go.jp/znk-web/juminkanja/S2430/initialize?prefCd=36&kikanCd=3365122950&kikanKbn=3", "url2": "https://kasaidentalclinic.com/", "内容": "かさい歯科医院【3:歯科】徳島県名西郡石井町高原字関１０５" }, "geometry": { "type": "Point", "coordinates": [ 134.40028, 34.07998 ] } },
{ "type": "Feature", "properties": { "ID": 3633365123090, "正式名称": "石本歯科医院", "機関区分": 3, "都道府県コード": 36, "市区町村コード": 201, "所在地": "徳島県徳島市国府町府中７１３番地の６", "緯度": 34.070591, "経度": 134.477597, "url": "https://www.iryou.teikyouseido.mhlw.go.jp/znk-web/juminkanja/S2430/initialize?prefCd=36&kikanCd=3365123090&kikanKbn=3", "url2": "http://www.tda.or.jp/0886428850/index.html", "内容": "石本歯科医院【3:歯科】徳島県徳島市国府町府中７１３番地の６" }, "geometry": { "type": "Point", "coordinates": [ 134.477597, 34.070591 ] } },
{ "type": "Feature", "properties": { "ID": 3633365123120, "正式名称": "クレメント矯正歯科", "機関区分": 3, "都道府県コード": 36, "市区町村コード": 201, "所在地": "徳島県徳島市寺島本町西１の６１徳島クレメントプラザ３Ｆ", "緯度": 34.074737, "経度": 134.551792, "url": "https://www.iryou.teikyouseido.mhlw.go.jp/znk-web/juminkanja/S2430/initialize?prefCd=36&kikanCd=3365123120&kikanKbn=3", "url2": "http://www.clement.jp", "内容": "クレメント矯正歯科【3:歯科】徳島県徳島市寺島本町西１の６１徳島クレメントプラザ３Ｆ" }, "geometry": { "type": "Point", "coordinates": [ 134.551792, 34.074737 ] } },
{ "type": "Feature", "properties": { "ID": 3633365123380, "正式名称": "加地歯科医院", "機関区分": 3, "都道府県コード": 36, "市区町村コード": 402, "所在地": "徳島県板野郡北島町江尻字松堂４５－８", "緯度": 34.122637, "経度": 134.548402, "url": "https://www.iryou.teikyouseido.mhlw.go.jp/znk-web/juminkanja/S2430/initialize?prefCd=36&kikanCd=3365123380&kikanKbn=3", "url2": "http://www.tda.or.jp/0886981522/", "内容": "加地歯科医院【3:歯科】徳島県板野郡北島町江尻字松堂４５－８" }, "geometry": { "type": "Point", "coordinates": [ 134.548402, 34.122637 ] } },
{ "type": "Feature", "properties": { "ID": 3633365123540, "正式名称": "しまだ歯科", "機関区分": 3, "都道府県コード": 36, "市区町村コード": 201, "所在地": "徳島県徳島市徳島町２丁目３５", "緯度": 34.074237, "経度": 134.557363, "url": "https://www.iryou.teikyouseido.mhlw.go.jp/znk-web/juminkanja/S2430/initialize?prefCd=36&kikanCd=3365123540&kikanKbn=3", "url2": null, "内容": "しまだ歯科【3:歯科】徳島県徳島市徳島町２丁目３５" }, "geometry": { "type": "Point", "coordinates": [ 134.557363, 34.074237 ] } },
{ "type": "Feature", "properties": { "ID": 3633365123670, "正式名称": "つばさ歯科クリニック", "機関区分": 3, "都道府県コード": 36, "市区町村コード": 201, "所在地": "徳島県徳島市末広４丁目５－１３", "緯度": 34.06623, "経度": 134.580189, "url": "https://www.iryou.teikyouseido.mhlw.go.jp/znk-web/juminkanja/S2430/initialize?prefCd=36&kikanCd=3365123670&kikanKbn=3", "url2": null, "内容": "つばさ歯科クリニック【3:歯科】徳島県徳島市末広４丁目５－１３" }, "geometry": { "type": "Point", "coordinates": [ 134.580189, 34.06623 ] } },
{ "type": "Feature", "properties": { "ID": 3633365123700, "正式名称": "しみず歯科医院", "機関区分": 3, "都道府県コード": 36, "市区町村コード": 201, "所在地": "徳島県徳島市川内町大松７９７－４", "緯度": 34.121717, "経度": 134.575438, "url": "https://www.iryou.teikyouseido.mhlw.go.jp/znk-web/juminkanja/S2430/initialize?prefCd=36&kikanCd=3365123700&kikanKbn=3", "url2": null, "内容": "しみず歯科医院【3:歯科】徳島県徳島市川内町大松７９７－４" }, "geometry": { "type": "Point", "coordinates": [ 134.575438, 34.121717 ] } },
{ "type": "Feature", "properties": { "ID": 3633365123830, "正式名称": "あべ歯科医院", "機関区分": 3, "都道府県コード": 36, "市区町村コード": 201, "所在地": "徳島県徳島市国府町竜王６－２９", "緯度": 34.093055, "経度": 134.453387, "url": "https://www.iryou.teikyouseido.mhlw.go.jp/znk-web/juminkanja/S2430/initialize?prefCd=36&kikanCd=3365123830&kikanKbn=3", "url2": "https://abe-dc.jp/", "内容": "あべ歯科医院【3:歯科】徳島県徳島市国府町竜王６－２９" }, "geometry": { "type": "Point", "coordinates": [ 134.453387, 34.093055 ] } },
{ "type": "Feature", "properties": { "ID": 3633365123960, "正式名称": "寺井歯科医院", "機関区分": 3, "都道府県コード": 36, "市区町村コード": 201, "所在地": "徳島県徳島市北沖洲１丁目１３－５", "緯度": 34.071947, "経度": 134.5837, "url": "https://www.iryou.teikyouseido.mhlw.go.jp/znk-web/juminkanja/S2430/initialize?prefCd=36&kikanCd=3365123960&kikanKbn=3", "url2": null, "内容": "寺井歯科医院【3:歯科】徳島県徳島市北沖洲１丁目１３－５" }, "geometry": { "type": "Point", "coordinates": [ 134.5837, 34.071947 ] } },
{ "type": "Feature", "properties": { "ID": 3633365124000, "正式名称": "原歯科医院", "機関区分": 3, "都道府県コード": 36, "市区町村コード": 201, "所在地": "徳島県徳島市末広四丁目八番五号", "緯度": 34.067323, "経度": 134.581109, "url": "https://www.iryou.teikyouseido.mhlw.go.jp/znk-web/juminkanja/S2430/initialize?prefCd=36&kikanCd=3365124000&kikanKbn=3", "url2": null, "内容": "原歯科医院【3:歯科】徳島県徳島市末広四丁目八番五号" }, "geometry": { "type": "Point", "coordinates": [ 134.581109, 34.067323 ] } },
{ "type": "Feature", "properties": { "ID": 3633365124130, "正式名称": "きしだ歯科", "機関区分": 3, "都道府県コード": 36, "市区町村コード": 201, "所在地": "徳島県徳島市佐古二番町１０の１２", "緯度": 34.078387, "経度": 134.538201, "url": "https://www.iryou.teikyouseido.mhlw.go.jp/znk-web/juminkanja/S2430/initialize?prefCd=36&kikanCd=3365124130&kikanKbn=3", "url2": null, "内容": "きしだ歯科【3:歯科】徳島県徳島市佐古二番町１０の１２" }, "geometry": { "type": "Point", "coordinates": [ 134.538201, 34.078387 ] } },
{ "type": "Feature", "properties": { "ID": 3633365124260, "正式名称": "西田歯科医院", "機関区分": 3, "都道府県コード": 36, "市区町村コード": 201, "所在地": "徳島県徳島市津田本町３丁目１－７８", "緯度": 34.049024, "経度": 134.576643, "url": "https://www.iryou.teikyouseido.mhlw.go.jp/znk-web/juminkanja/S2430/initialize?prefCd=36&kikanCd=3365124260&kikanKbn=3", "url2": null, "内容": "西田歯科医院【3:歯科】徳島県徳島市津田本町３丁目１－７８" }, "geometry": { "type": "Point", "coordinates": [ 134.576643, 34.049024 ] } },
{ "type": "Feature", "properties": { "ID": 3633365124420, "正式名称": "ア歯科横田クリニック", "機関区分": 3, "都道府県コード": 36, "市区町村コード": 201, "所在地": "徳島県徳島市富田橋２丁目４番地", "緯度": 34.063634, "経度": 134.552991, "url": "https://www.iryou.teikyouseido.mhlw.go.jp/znk-web/juminkanja/S2430/initialize?prefCd=36&kikanCd=3365124420&kikanKbn=3", "url2": "http://www2.tcn.ne.jp/~ashika/iinannai.html", "内容": "ア歯科横田クリニック【3:歯科】徳島県徳島市富田橋２丁目４番地" }, "geometry": { "type": "Point", "coordinates": [ 134.552991, 34.063634 ] } },
{ "type": "Feature", "properties": { "ID": 3633365124680, "正式名称": "まつき歯科医院", "機関区分": 3, "都道府県コード": 36, "市区町村コード": 201, "所在地": "徳島県徳島市南田宮１丁目３－４８", "緯度": 34.086579, "経度": 134.545169, "url": "https://www.iryou.teikyouseido.mhlw.go.jp/znk-web/juminkanja/S2430/initialize?prefCd=36&kikanCd=3365124680&kikanKbn=3", "url2": "http://matsuki.dental-net.jp/map/map.html", "内容": "まつき歯科医院【3:歯科】徳島県徳島市南田宮１丁目３－４８" }, "geometry": { "type": "Point", "coordinates": [ 134.545169, 34.086579 ] } },
{ "type": "Feature", "properties": { "ID": 3633365125270, "正式名称": "しばた歯科", "機関区分": 3, "都道府県コード": 36, "市区町村コード": 341, "所在地": "徳島県名西郡石井町高川原字加茂野４４１ー１", "緯度": 34.083383, "経度": 134.45703, "url": "https://www.iryou.teikyouseido.mhlw.go.jp/znk-web/juminkanja/S2430/initialize?prefCd=36&kikanCd=3365125270&kikanKbn=3", "url2": "http://www.tda.or.jp/0886747117/", "内容": "しばた歯科【3:歯科】徳島県名西郡石井町高川原字加茂野４４１ー１" }, "geometry": { "type": "Point", "coordinates": [ 134.45703, 34.083383 ] } },
{ "type": "Feature", "properties": { "ID": 3633365125300, "正式名称": "坂本歯科", "機関区分": 3, "都道府県コード": 36, "市区町村コード": 201, "所在地": "徳島県徳島市川内町宮島本浦１８１番地", "緯度": 34.091598, "経度": 134.58441, "url": "https://www.iryou.teikyouseido.mhlw.go.jp/znk-web/juminkanja/S2430/initialize?prefCd=36&kikanCd=3365125300&kikanKbn=3", "url2": null, "内容": "坂本歯科【3:歯科】徳島県徳島市川内町宮島本浦１８１番地" }, "geometry": { "type": "Point", "coordinates": [ 134.58441, 34.091598 ] } },
{ "type": "Feature", "properties": { "ID": 3633365125430, "正式名称": "中川歯科医院", "機関区分": 3, "都道府県コード": 36, "市区町村コード": 201, "所在地": "徳島県徳島市国府町府中５８０番地１", "緯度": 34.072195, "経度": 134.479566, "url": "https://www.iryou.teikyouseido.mhlw.go.jp/znk-web/juminkanja/S2430/initialize?prefCd=36&kikanCd=3365125430&kikanKbn=3", "url2": "https://www.nakagawa-dent.net", "内容": "中川歯科医院【3:歯科】徳島県徳島市国府町府中５８０番地１" }, "geometry": { "type": "Point", "coordinates": [ 134.479566, 34.072195 ] } },
{ "type": "Feature", "properties": { "ID": 3633365125720, "正式名称": "ほり歯科クリニック", "機関区分": 3, "都道府県コード": 36, "市区町村コード": 201, "所在地": "徳島県徳島市不動西町１丁目５５９－５", "緯度": 34.096693, "経度": 134.502236, "url": "https://www.iryou.teikyouseido.mhlw.go.jp/znk-web/juminkanja/S2430/initialize?prefCd=36&kikanCd=3365125720&kikanKbn=3", "url2": null, "内容": "ほり歯科クリニック【3:歯科】徳島県徳島市不動西町１丁目５５９－５" }, "geometry": { "type": "Point", "coordinates": [ 134.502236, 34.096693 ] } },
{ "type": "Feature", "properties": { "ID": 3633365125850, "正式名称": "新浜歯科医院", "機関区分": 3, "都道府県コード": 36, "市区町村コード": 201, "所在地": "徳島県徳島市新浜町３丁目２番地１９", "緯度": 34.048578, "経度": 134.566923, "url": "https://www.iryou.teikyouseido.mhlw.go.jp/znk-web/juminkanja/S2430/initialize?prefCd=36&kikanCd=3365125850&kikanKbn=3", "url2": null, "内容": "新浜歯科医院【3:歯科】徳島県徳島市新浜町３丁目２番地１９" }, "geometry": { "type": "Point", "coordinates": [ 134.566923, 34.048578 ] } },
{ "type": "Feature", "properties": { "ID": 3633365126020, "正式名称": "平田歯科医院", "機関区分": 3, "都道府県コード": 36, "市区町村コード": 341, "所在地": "徳島県名西郡石井町高川原字南島７０２－８", "緯度": 34.082664, "経度": 134.431586, "url": "https://www.iryou.teikyouseido.mhlw.go.jp/znk-web/juminkanja/S2430/initialize?prefCd=36&kikanCd=3365126020&kikanKbn=3", "url2": null, "内容": "平田歯科医院【3:歯科】徳島県名西郡石井町高川原字南島７０２－８" }, "geometry": { "type": "Point", "coordinates": [ 134.431586, 34.082664 ] } },
{ "type": "Feature", "properties": { "ID": 3633365126150, "正式名称": "浜崎歯科医院", "機関区分": 3, "都道府県コード": 36, "市区町村コード": 341, "所在地": "徳島県名西郡石井町高川原字天神５９７－１", "緯度": 34.082877, "経度": 134.443688, "url": "https://www.iryou.teikyouseido.mhlw.go.jp/znk-web/juminkanja/S2430/initialize?prefCd=36&kikanCd=3365126150&kikanKbn=3", "url2": null, "内容": "浜崎歯科医院【3:歯科】徳島県名西郡石井町高川原字天神５９７－１" }, "geometry": { "type": "Point", "coordinates": [ 134.443688, 34.082877 ] } },
{ "type": "Feature", "properties": { "ID": 3633365126280, "正式名称": "北島歯科", "機関区分": 3, "都道府県コード": 36, "市区町村コード": 402, "所在地": "徳島県板野郡北島町中村字上地３１－２", "緯度": 34.125137, "経度": 134.547198, "url": "https://www.iryou.teikyouseido.mhlw.go.jp/znk-web/juminkanja/S2430/initialize?prefCd=36&kikanCd=3365126280&kikanKbn=3", "url2": null, "内容": "北島歯科【3:歯科】徳島県板野郡北島町中村字上地３１－２" }, "geometry": { "type": "Point", "coordinates": [ 134.547198, 34.125137 ] } },
{ "type": "Feature", "properties": { "ID": 3633365126440, "正式名称": "糸田川歯科医院", "機関区分": 3, "都道府県コード": 36, "市区町村コード": 201, "所在地": "徳島県徳島市蔵本町１丁目２５番地の５", "緯度": 34.078967, "経度": 134.519541, "url": "https://www.iryou.teikyouseido.mhlw.go.jp/znk-web/juminkanja/S2430/initialize?prefCd=36&kikanCd=3365126440&kikanKbn=3", "url2": "http://www.tda.or.jp/0886317487/", "内容": "糸田川歯科医院【3:歯科】徳島県徳島市蔵本町１丁目２５番地の５" }, "geometry": { "type": "Point", "coordinates": [ 134.519541, 34.078967 ] } },
{ "type": "Feature", "properties": { "ID": 3633365126730, "正式名称": "住友歯科医院", "機関区分": 3, "都道府県コード": 36, "市区町村コード": 201, "所在地": "徳島県徳島市かちどき橋１丁目６０－２", "緯度": 34.065103, "経度": 134.556427, "url": "https://www.iryou.teikyouseido.mhlw.go.jp/znk-web/juminkanja/S2430/initialize?prefCd=36&kikanCd=3365126730&kikanKbn=3", "url2": "http://www.tda.or.jp/0886223351/", "内容": "住友歯科医院【3:歯科】徳島県徳島市かちどき橋１丁目６０－２" }, "geometry": { "type": "Point", "coordinates": [ 134.556427, 34.065103 ] } },
{ "type": "Feature", "properties": { "ID": 3633365126860, "正式名称": "山口歯科クリニック", "機関区分": 3, "都道府県コード": 36, "市区町村コード": 201, "所在地": "徳島県徳島市津田本町４丁目２番５号", "緯度": 34.047148, "経度": 134.57561, "url": "https://www.iryou.teikyouseido.mhlw.go.jp/znk-web/juminkanja/S2430/initialize?prefCd=36&kikanCd=3365126860&kikanKbn=3", "url2": null, "内容": "山口歯科クリニック【3:歯科】徳島県徳島市津田本町４丁目２番５号" }, "geometry": { "type": "Point", "coordinates": [ 134.57561, 34.047148 ] } },
{ "type": "Feature", "properties": { "ID": 3633365126990, "正式名称": "ひろせ歯科医院", "機関区分": 3, "都道府県コード": 36, "市区町村コード": 404, "所在地": "徳島県板野郡板野町羅漢字吉田２－２", "緯度": 34.133192, "経度": 134.433131, "url": "https://www.iryou.teikyouseido.mhlw.go.jp/znk-web/juminkanja/S2430/initialize?prefCd=36&kikanCd=3365126990&kikanKbn=3", "url2": null, "内容": "ひろせ歯科医院【3:歯科】徳島県板野郡板野町羅漢字吉田２－２" }, "geometry": { "type": "Point", "coordinates": [ 134.433131, 34.133192 ] } },
{ "type": "Feature", "properties": { "ID": 3633365127160, "正式名称": "徳元歯科医院", "機関区分": 3, "都道府県コード": 36, "市区町村コード": 202, "所在地": "徳島県鳴門市撫養町斎田字北浜１０３", "緯度": 34.180086, "経度": 134.604653, "url": "https://www.iryou.teikyouseido.mhlw.go.jp/znk-web/juminkanja/S2430/initialize?prefCd=36&kikanCd=3365127160&kikanKbn=3", "url2": null, "内容": "徳元歯科医院【3:歯科】徳島県鳴門市撫養町斎田字北浜１０３" }, "geometry": { "type": "Point", "coordinates": [ 134.604653, 34.180086 ] } },
{ "type": "Feature", "properties": { "ID": 3633365127450, "正式名称": "冨永歯科医院", "機関区分": 3, "都道府県コード": 36, "市区町村コード": 201, "所在地": "徳島県徳島市北沖洲２丁目８－４４", "緯度": 34.068561, "経度": 134.588174, "url": "https://www.iryou.teikyouseido.mhlw.go.jp/znk-web/juminkanja/S2430/initialize?prefCd=36&kikanCd=3365127450&kikanKbn=3", "url2": "http://www.tda.or.jp/0886648055/", "内容": "冨永歯科医院【3:歯科】徳島県徳島市北沖洲２丁目８－４４" }, "geometry": { "type": "Point", "coordinates": [ 134.588174, 34.068561 ] } },
{ "type": "Feature", "properties": { "ID": 3633365127610, "正式名称": "山口歯科", "機関区分": 3, "都道府県コード": 36, "市区町村コード": 341, "所在地": "徳島県名西郡石井町浦庄字下浦３６８の３", "緯度": 34.067823, "経度": 134.412607, "url": "https://www.iryou.teikyouseido.mhlw.go.jp/znk-web/juminkanja/S2430/initialize?prefCd=36&kikanCd=3365127610&kikanKbn=3", "url2": null, "内容": "山口歯科【3:歯科】徳島県名西郡石井町浦庄字下浦３６８の３" }, "geometry": { "type": "Point", "coordinates": [ 134.412607, 34.067823 ] } },
{ "type": "Feature", "properties": { "ID": 3633365127870, "正式名称": "仁歯科", "機関区分": 3, "都道府県コード": 36, "市区町村コード": 201, "所在地": "徳島県徳島市佐古四番町６番８－２号", "緯度": 34.078209, "経度": 134.532732, "url": "https://www.iryou.teikyouseido.mhlw.go.jp/znk-web/juminkanja/S2430/initialize?prefCd=36&kikanCd=3365127870&kikanKbn=3", "url2": "http://www.dr-navi.jp/top/detail.php?kid=36&cid=2430", "内容": "仁歯科【3:歯科】徳島県徳島市佐古四番町６番８－２号" }, "geometry": { "type": "Point", "coordinates": [ 134.532732, 34.078209 ] } },
{ "type": "Feature", "properties": { "ID": 3633365127900, "正式名称": "はやし歯科口腔外科クリニック", "機関区分": 3, "都道府県コード": 36, "市区町村コード": 201, "所在地": "徳島県徳島市中吉野町１丁目５８－１", "緯度": 34.084183, "経度": 134.559072, "url": "https://www.iryou.teikyouseido.mhlw.go.jp/znk-web/juminkanja/S2430/initialize?prefCd=36&kikanCd=3365127900&kikanKbn=3", "url2": null, "内容": "はやし歯科口腔外科クリニック【3:歯科】徳島県徳島市中吉野町１丁目５８－１" }, "geometry": { "type": "Point", "coordinates": [ 134.559072, 34.084183 ] } },
{ "type": "Feature", "properties": { "ID": 3633365128040, "正式名称": "マキ歯科新町診療所", "機関区分": 3, "都道府県コード": 36, "市区町村コード": 201, "所在地": "徳島県徳島市新町橋２丁目２２番地", "緯度": 34.070449, "経度": 134.545269, "url": "https://www.iryou.teikyouseido.mhlw.go.jp/znk-web/juminkanja/S2430/initialize?prefCd=36&kikanCd=3365128040&kikanKbn=3", "url2": "http://makishika.jp/shinmachi/", "内容": "マキ歯科新町診療所【3:歯科】徳島県徳島市新町橋２丁目２２番地" }, "geometry": { "type": "Point", "coordinates": [ 134.545269, 34.070449 ] } },
{ "type": "Feature", "properties": { "ID": 3633365128200, "正式名称": "鎌田歯科", "機関区分": 3, "都道府県コード": 36, "市区町村コード": 201, "所在地": "徳島県徳島市二軒屋町３丁目２９－１", "緯度": 34.057495, "経度": 134.546256, "url": "https://www.iryou.teikyouseido.mhlw.go.jp/znk-web/juminkanja/S2430/initialize?prefCd=36&kikanCd=3365128200&kikanKbn=3", "url2": null, "内容": "鎌田歯科【3:歯科】徳島県徳島市二軒屋町３丁目２９－１" }, "geometry": { "type": "Point", "coordinates": [ 134.546256, 34.057495 ] } },
{ "type": "Feature", "properties": { "ID": 3633365128330, "正式名称": "大杉歯科診療所", "機関区分": 3, "都道府県コード": 36, "市区町村コード": 201, "所在地": "徳島県徳島市南末広町２－６２カサレコルソ６号", "緯度": 34.061264, "経度": 134.571834, "url": "https://www.iryou.teikyouseido.mhlw.go.jp/znk-web/juminkanja/S2430/initialize?prefCd=36&kikanCd=3365128330&kikanKbn=3", "url2": "http://www.ohsugi-dental.com", "内容": "大杉歯科診療所【3:歯科】徳島県徳島市南末広町２－６２カサレコルソ６号" }, "geometry": { "type": "Point", "coordinates": [ 134.571834, 34.061264 ] } },
{ "type": "Feature", "properties": { "ID": 3633365128460, "正式名称": "みきゅう歯科", "機関区分": 3, "都道府県コード": 36, "市区町村コード": 201, "所在地": "徳島県徳島市西須賀町下中須８３－１５", "緯度": 34.032751, "経度": 134.546892, "url": "https://www.iryou.teikyouseido.mhlw.go.jp/znk-web/juminkanja/S2430/initialize?prefCd=36&kikanCd=3365128460&kikanKbn=3", "url2": null, "内容": "みきゅう歯科【3:歯科】徳島県徳島市西須賀町下中須８３－１５" }, "geometry": { "type": "Point", "coordinates": [ 134.546892, 34.032751 ] } },
{ "type": "Feature", "properties": { "ID": 3633365128590, "正式名称": "三木歯科医院", "機関区分": 3, "都道府県コード": 36, "市区町村コード": 201, "所在地": "徳島県徳島市中昭和町４丁目７６－１１", "緯度": 34.059921, "経度": 134.561974, "url": "https://www.iryou.teikyouseido.mhlw.go.jp/znk-web/juminkanja/S2430/initialize?prefCd=36&kikanCd=3365128590&kikanKbn=3", "url2": null, "内容": "三木歯科医院【3:歯科】徳島県徳島市中昭和町４丁目７６－１１" }, "geometry": { "type": "Point", "coordinates": [ 134.561974, 34.059921 ] } },
{ "type": "Feature", "properties": { "ID": 3633365128750, "正式名称": "ぬまたデンタルクリニック", "機関区分": 3, "都道府県コード": 36, "市区町村コード": 402, "所在地": "徳島県板野郡北島町中村字東堤ノ内１７－６", "緯度": 34.127508, "経度": 134.5603, "url": "https://www.iryou.teikyouseido.mhlw.go.jp/znk-web/juminkanja/S2430/initialize?prefCd=36&kikanCd=3365128750&kikanKbn=3", "url2": "https://www.numata-dc.jp/", "内容": "ぬまたデンタルクリニック【3:歯科】徳島県板野郡北島町中村字東堤ノ内１７－６" }, "geometry": { "type": "Point", "coordinates": [ 134.5603, 34.127508 ] } },
{ "type": "Feature", "properties": { "ID": 3633365128910, "正式名称": "とみなが歯科医院", "機関区分": 3, "都道府県コード": 36, "市区町村コード": 202, "所在地": "徳島県鳴門市瀬戸町明神字下本条１９７番地３", "緯度": 34.209495, "経度": 134.581211, "url": "https://www.iryou.teikyouseido.mhlw.go.jp/znk-web/juminkanja/S2430/initialize?prefCd=36&kikanCd=3365128910&kikanKbn=3", "url2": "http://hope-tominaga-shika.com", "内容": "とみなが歯科医院【3:歯科】徳島県鳴門市瀬戸町明神字下本条１９７番地３" }, "geometry": { "type": "Point", "coordinates": [ 134.581211, 34.209495 ] } },
{ "type": "Feature", "properties": { "ID": 3633365129180, "正式名称": "伊藤歯科医院", "機関区分": 3, "都道府県コード": 36, "市区町村コード": 201, "所在地": "徳島県徳島市伊月町６丁目６－１", "緯度": 34.058535, "経度": 134.549582, "url": "https://www.iryou.teikyouseido.mhlw.go.jp/znk-web/juminkanja/S2430/initialize?prefCd=36&kikanCd=3365129180&kikanKbn=3", "url2": "http://itoshika-tokushima.com/", "内容": "伊藤歯科医院【3:歯科】徳島県徳島市伊月町６丁目６－１" }, "geometry": { "type": "Point", "coordinates": [ 134.549582, 34.058535 ] } },
{ "type": "Feature", "properties": { "ID": 3633365129340, "正式名称": "たなか歯科矯正クリニック", "機関区分": 3, "都道府県コード": 36, "市区町村コード": 201, "所在地": "徳島県徳島市八万町橋本９２－９", "緯度": 34.04297, "経度": 134.530635, "url": "https://www.iryou.teikyouseido.mhlw.go.jp/znk-web/juminkanja/S2430/initialize?prefCd=36&kikanCd=3365129340&kikanKbn=3", "url2": "http://wwwe.pikara.ne.jp/tanaka-dental/", "内容": "たなか歯科矯正クリニック【3:歯科】徳島県徳島市八万町橋本９２－９" }, "geometry": { "type": "Point", "coordinates": [ 134.530635, 34.04297 ] } },
{ "type": "Feature", "properties": { "ID": 3633365129470, "正式名称": "よしおか歯科", "機関区分": 3, "都道府県コード": 36, "市区町村コード": 401, "所在地": "徳島県板野郡松茂町広島字宮ノ後１７－３", "緯度": 34.133653, "経度": 134.571431, "url": "https://www.iryou.teikyouseido.mhlw.go.jp/znk-web/juminkanja/S2430/initialize?prefCd=36&kikanCd=3365129470&kikanKbn=3", "url2": null, "内容": "よしおか歯科【3:歯科】徳島県板野郡松茂町広島字宮ノ後１７－３" }, "geometry": { "type": "Point", "coordinates": [ 134.571431, 34.133653 ] } },
{ "type": "Feature", "properties": { "ID": 3633365129500, "正式名称": "安達歯科", "機関区分": 3, "都道府県コード": 36, "市区町村コード": 402, "所在地": "徳島県板野郡北島町高房字勝瑞境１３ー２", "緯度": 34.128524, "経度": 134.530251, "url": "https://www.iryou.teikyouseido.mhlw.go.jp/znk-web/juminkanja/S2430/initialize?prefCd=36&kikanCd=3365129500&kikanKbn=3", "url2": "adachi-dental,com", "内容": "安達歯科【3:歯科】徳島県板野郡北島町高房字勝瑞境１３ー２" }, "geometry": { "type": "Point", "coordinates": [ 134.530251, 34.128524 ] } },
{ "type": "Feature", "properties": { "ID": 3633365129630, "正式名称": "堺歯科医院", "機関区分": 3, "都道府県コード": 36, "市区町村コード": 402, "所在地": "徳島県板野郡北島町中村寺裏１６－２２", "緯度": 34.128849, "経度": 134.549721, "url": "https://www.iryou.teikyouseido.mhlw.go.jp/znk-web/juminkanja/S2430/initialize?prefCd=36&kikanCd=3365129630&kikanKbn=3", "url2": null, "内容": "堺歯科医院【3:歯科】徳島県板野郡北島町中村寺裏１６－２２" }, "geometry": { "type": "Point", "coordinates": [ 134.549721, 34.128849 ] } },
{ "type": "Feature", "properties": { "ID": 3633365129760, "正式名称": "エス・デンタルクリニック", "機関区分": 3, "都道府県コード": 36, "市区町村コード": 201, "所在地": "徳島県徳島市川内町鶴島１７３－５セイワビル５階", "緯度": 34.094117, "経度": 134.572145, "url": "https://www.iryou.teikyouseido.mhlw.go.jp/znk-web/juminkanja/S2430/initialize?prefCd=36&kikanCd=3365129760&kikanKbn=3", "url2": null, "内容": "エス・デンタルクリニック【3:歯科】徳島県徳島市川内町鶴島１７３－５セイワビル５階" }, "geometry": { "type": "Point", "coordinates": [ 134.572145, 34.094117 ] } },
{ "type": "Feature", "properties": { "ID": 3633365129890, "正式名称": "銀座みらい歯科医院", "機関区分": 3, "都道府県コード": 36, "市区町村コード": 201, "所在地": "徳島県徳島市銀座３３番", "緯度": 34.068527, "経度": 134.548571, "url": "https://www.iryou.teikyouseido.mhlw.go.jp/znk-web/juminkanja/S2430/initialize?prefCd=36&kikanCd=3365129890&kikanKbn=3", "url2": null, "内容": "銀座みらい歯科医院【3:歯科】徳島県徳島市銀座３３番" }, "geometry": { "type": "Point", "coordinates": [ 134.548571, 34.068527 ] } },
{ "type": "Feature", "properties": { "ID": 3633365129920, "正式名称": "さとう歯科", "機関区分": 3, "都道府県コード": 36, "市区町村コード": 341, "所在地": "徳島県名西郡石井町石井字白鳥２１６－６", "緯度": 34.070196, "経度": 134.45825, "url": "https://www.iryou.teikyouseido.mhlw.go.jp/znk-web/juminkanja/S2430/initialize?prefCd=36&kikanCd=3365129920&kikanKbn=3", "url2": null, "内容": "さとう歯科【3:歯科】徳島県名西郡石井町石井字白鳥２１６－６" }, "geometry": { "type": "Point", "coordinates": [ 134.45825, 34.070196 ] } },
{ "type": "Feature", "properties": { "ID": 3633365130160, "正式名称": "城ノ内みはら歯科", "機関区分": 3, "都道府県コード": 36, "市区町村コード": 201, "所在地": "徳島県徳島市北田宮２丁目１－５０", "緯度": 34.08772, "経度": 134.54469, "url": "https://www.iryou.teikyouseido.mhlw.go.jp/znk-web/juminkanja/S2430/initialize?prefCd=36&kikanCd=3365130160&kikanKbn=3", "url2": null, "内容": "城ノ内みはら歯科【3:歯科】徳島県徳島市北田宮２丁目１－５０" }, "geometry": { "type": "Point", "coordinates": [ 134.54469, 34.08772 ] } },
{ "type": "Feature", "properties": { "ID": 3633365130320, "正式名称": "山内歯科医院", "機関区分": 3, "都道府県コード": 36, "市区町村コード": 201, "所在地": "徳島県徳島市昭和町３丁目３３ー５", "緯度": 34.063561, "経度": 134.560295, "url": "https://www.iryou.teikyouseido.mhlw.go.jp/znk-web/juminkanja/S2430/initialize?prefCd=36&kikanCd=3365130320&kikanKbn=3", "url2": "https://yamauchid.jp/", "内容": "山内歯科医院【3:歯科】徳島県徳島市昭和町３丁目３３ー５" }, "geometry": { "type": "Point", "coordinates": [ 134.560295, 34.063561 ] } },
{ "type": "Feature", "properties": { "ID": 3633365130580, "正式名称": "やまざき歯科医院", "機関区分": 3, "都道府県コード": 36, "市区町村コード": 201, "所在地": "徳島県徳島市南田宮二丁目７－２４", "緯度": 34.081277, "経度": 134.543273, "url": "https://www.iryou.teikyouseido.mhlw.go.jp/znk-web/juminkanja/S2430/initialize?prefCd=36&kikanCd=3365130580&kikanKbn=3", "url2": null, "内容": "やまざき歯科医院【3:歯科】徳島県徳島市南田宮二丁目７－２４" }, "geometry": { "type": "Point", "coordinates": [ 134.543273, 34.081277 ] } },
{ "type": "Feature", "properties": { "ID": 3633365130610, "正式名称": "板東歯科医院南昭和オフィス", "機関区分": 3, "都道府県コード": 36, "市区町村コード": 201, "所在地": "徳島県徳島市南昭和町３丁目５０−１", "緯度": 34.057193, "経度": 134.557913, "url": "https://www.iryou.teikyouseido.mhlw.go.jp/znk-web/juminkanja/S2430/initialize?prefCd=36&kikanCd=3365130610&kikanKbn=3", "url2": "http://www.bandodental.jp/", "内容": "板東歯科医院南昭和オフィス【3:歯科】徳島県徳島市南昭和町３丁目５０−１" }, "geometry": { "type": "Point", "coordinates": [ 134.557913, 34.057193 ] } },
{ "type": "Feature", "properties": { "ID": 3633365130740, "正式名称": "富塚歯科", "機関区分": 3, "都道府県コード": 36, "市区町村コード": 201, "所在地": "徳島県徳島市八百屋町２丁目１２番地", "緯度": 34.071751, "経度": 134.551835, "url": "https://www.iryou.teikyouseido.mhlw.go.jp/znk-web/juminkanja/S2430/initialize?prefCd=36&kikanCd=3365130740&kikanKbn=3", "url2": "http://www.tomizukashika.com/", "内容": "富塚歯科【3:歯科】徳島県徳島市八百屋町２丁目１２番地" }, "geometry": { "type": "Point", "coordinates": [ 134.551835, 34.071751 ] } },
{ "type": "Feature", "properties": { "ID": 3633365130870, "正式名称": "ファミリーデンタルクリニック", "機関区分": 3, "都道府県コード": 36, "市区町村コード": 402, "所在地": "徳島県板野郡北島町高房字東中道１８－１０", "緯度": 34.125237, "経度": 134.542903, "url": "https://www.iryou.teikyouseido.mhlw.go.jp/znk-web/juminkanja/S2430/initialize?prefCd=36&kikanCd=3365130870&kikanKbn=3", "url2": null, "内容": "ファミリーデンタルクリニック【3:歯科】徳島県板野郡北島町高房字東中道１８－１０" }, "geometry": { "type": "Point", "coordinates": [ 134.542903, 34.125237 ] } },
{ "type": "Feature", "properties": { "ID": 3633365130900, "正式名称": "田渕歯科医院", "機関区分": 3, "都道府県コード": 36, "市区町村コード": 405, "所在地": "徳島県板野郡上板町西分字君ノ木２２－１", "緯度": 34.116175, "経度": 134.422832, "url": "https://www.iryou.teikyouseido.mhlw.go.jp/znk-web/juminkanja/S2430/initialize?prefCd=36&kikanCd=3365130900&kikanKbn=3", "url2": null, "内容": "田渕歯科医院【3:歯科】徳島県板野郡上板町西分字君ノ木２２－１" }, "geometry": { "type": "Point", "coordinates": [ 134.422832, 34.116175 ] } },
{ "type": "Feature", "properties": { "ID": 3633365131170, "正式名称": "川上矯正歯科クリニック", "機関区分": 3, "都道府県コード": 36, "市区町村コード": 201, "所在地": "徳島県徳島市北佐古二番町１－１５－２", "緯度": 34.081917, "経度": 134.536128, "url": "https://www.iryou.teikyouseido.mhlw.go.jp/znk-web/juminkanja/S2430/initialize?prefCd=36&kikanCd=3365131170&kikanKbn=3", "url2": "https://kawakami-ortho.info/", "内容": "川上矯正歯科クリニック【3:歯科】徳島県徳島市北佐古二番町１－１５－２" }, "geometry": { "type": "Point", "coordinates": [ 134.536128, 34.081917 ] } },
{ "type": "Feature", "properties": { "ID": 3633365131200, "正式名称": "濵デンタルオフィス", "機関区分": 3, "都道府県コード": 36, "市区町村コード": 403, "所在地": "徳島県板野郡藍住町住吉字藤ノ木１２８－６", "緯度": 34.12785, "経度": 134.506533, "url": "https://www.iryou.teikyouseido.mhlw.go.jp/znk-web/juminkanja/S2430/initialize?prefCd=36&kikanCd=3365131200&kikanKbn=3", "url2": "http://hama-dental.jp", "内容": "濵デンタルオフィス【3:歯科】徳島県板野郡藍住町住吉字藤ノ木１２８－６" }, "geometry": { "type": "Point", "coordinates": [ 134.506533, 34.12785 ] } },
{ "type": "Feature", "properties": { "ID": 3633365131460, "正式名称": "かず歯科", "機関区分": 3, "都道府県コード": 36, "市区町村コード": 404, "所在地": "徳島県板野郡板野町中久保字杉ノ本５１－１", "緯度": 34.12108, "経度": 134.44725, "url": "https://www.iryou.teikyouseido.mhlw.go.jp/znk-web/juminkanja/S2430/initialize?prefCd=36&kikanCd=3365131460&kikanKbn=3", "url2": null, "内容": "かず歯科【3:歯科】徳島県板野郡板野町中久保字杉ノ本５１－１" }, "geometry": { "type": "Point", "coordinates": [ 134.44725, 34.12108 ] } },
{ "type": "Feature", "properties": { "ID": 3633365131590, "正式名称": "山之内歯科・口腔外科", "機関区分": 3, "都道府県コード": 36, "市区町村コード": 203, "所在地": "徳島県小松島市小松島町字井利ノ口１０４番地", "緯度": 34.011973, "経度": 134.582434, "url": "https://www.iryou.teikyouseido.mhlw.go.jp/znk-web/juminkanja/S2430/initialize?prefCd=36&kikanCd=3365131590&kikanKbn=3", "url2": "http://www.yamanouchi-shika.com/", "内容": "山之内歯科・口腔外科【3:歯科】徳島県小松島市小松島町字井利ノ口１０４番地" }, "geometry": { "type": "Point", "coordinates": [ 134.582434, 34.011973 ] } },
{ "type": "Feature", "properties": { "ID": 3633365131750, "正式名称": "ミント歯科クリニック", "機関区分": 3, "都道府県コード": 36, "市区町村コード": 341, "所在地": "徳島県名西郡石井町高川原字高川原１６１８－１", "緯度": 34.078834, "経度": 134.450351, "url": "https://www.iryou.teikyouseido.mhlw.go.jp/znk-web/juminkanja/S2430/initialize?prefCd=36&kikanCd=3365131750&kikanKbn=3", "url2": "http://www.mintdentalclinic.com/", "内容": "ミント歯科クリニック【3:歯科】徳島県名西郡石井町高川原字高川原１６１８－１" }, "geometry": { "type": "Point", "coordinates": [ 134.450351, 34.078834 ] } },
{ "type": "Feature", "properties": { "ID": 3633365131880, "正式名称": "大庭矯正歯科", "機関区分": 3, "都道府県コード": 36, "市区町村コード": 201, "所在地": "徳島県徳島市沖浜東２丁目２番地ラスターツインビル２階", "緯度": 34.053237, "経度": 134.553686, "url": "https://www.iryou.teikyouseido.mhlw.go.jp/znk-web/juminkanja/S2430/initialize?prefCd=36&kikanCd=3365131880&kikanKbn=3", "url2": "https://www.oba-kyosei.jp", "内容": "大庭矯正歯科【3:歯科】徳島県徳島市沖浜東２丁目２番地ラスターツインビル２階" }, "geometry": { "type": "Point", "coordinates": [ 134.553686, 34.053237 ] } },
{ "type": "Feature", "properties": { "ID": 3633365131910, "正式名称": "福井デンタルクリニック", "機関区分": 3, "都道府県コード": 36, "市区町村コード": 403, "所在地": "徳島県板野郡藍住町勝瑞字成長１４０ー５", "緯度": 34.127668, "経度": 134.518415, "url": "https://www.iryou.teikyouseido.mhlw.go.jp/znk-web/juminkanja/S2430/initialize?prefCd=36&kikanCd=3365131910&kikanKbn=3", "url2": null, "内容": "福井デンタルクリニック【3:歯科】徳島県板野郡藍住町勝瑞字成長１４０ー５" }, "geometry": { "type": "Point", "coordinates": [ 134.518415, 34.127668 ] } },
{ "type": "Feature", "properties": { "ID": 363336513205, "正式名称": "おおぐり歯科", "機関区分": 3, "都道府県コード": 36, "市区町村コード": 341, "所在地": "徳島県名西郡石井町石井字石井６５４－５", "緯度": 34.070649, "経度": 134.451628, "url": "https://www.iryou.teikyouseido.mhlw.go.jp/znk-web/juminkanja/S2430/initialize?prefCd=36&kikanCd=336513205&kikanKbn=3", "url2": "https://sites.google.com/view/ooguri-dental-clinic", "内容": "おおぐり歯科【3:歯科】徳島県名西郡石井町石井字石井６５４－５" }, "geometry": { "type": "Point", "coordinates": [ 134.451628, 34.070649 ] } },
{ "type": "Feature", "properties": { "ID": 3633365132180, "正式名称": "三木照久歯科", "機関区分": 3, "都道府県コード": 36, "市区町村コード": 201, "所在地": "徳島県徳島市鮎喰町１丁目１５番地１０", "緯度": 34.070294, "経度": 134.503512, "url": "https://www.iryou.teikyouseido.mhlw.go.jp/znk-web/juminkanja/S2430/initialize?prefCd=36&kikanCd=3365132180&kikanKbn=3", "url2": "http://www.mikiteruhisa.com/", "内容": "三木照久歯科【3:歯科】徳島県徳島市鮎喰町１丁目１５番地１０" }, "geometry": { "type": "Point", "coordinates": [ 134.503512, 34.070294 ] } },
{ "type": "Feature", "properties": { "ID": 3633365132210, "正式名称": "さむらデンタルクリニックマウス矯正歯科", "機関区分": 3, "都道府県コード": 36, "市区町村コード": 201, "所在地": "徳島県徳島市北佐古二番町２－４０", "緯度": 34.083128, "経度": 134.537582, "url": "https://www.iryou.teikyouseido.mhlw.go.jp/znk-web/juminkanja/S2430/initialize?prefCd=36&kikanCd=3365132210&kikanKbn=3", "url2": "https://samura-dentist.com", "内容": "さむらデンタルクリニックマウス矯正歯科【3:歯科】徳島県徳島市北佐古二番町２－４０" }, "geometry": { "type": "Point", "coordinates": [ 134.537582, 34.083128 ] } },
{ "type": "Feature", "properties": { "ID": 3633365132340, "正式名称": "おおしお歯科医院", "機関区分": 3, "都道府県コード": 36, "市区町村コード": 201, "所在地": "徳島県徳島市国府町井戸字高池窪４３－３", "緯度": 34.087169, "経度": 134.48707, "url": "https://www.iryou.teikyouseido.mhlw.go.jp/znk-web/juminkanja/S2430/initialize?prefCd=36&kikanCd=3365132340&kikanKbn=3", "url2": null, "内容": "おおしお歯科医院【3:歯科】徳島県徳島市国府町井戸字高池窪４３－３" }, "geometry": { "type": "Point", "coordinates": [ 134.48707, 34.087169 ] } },
{ "type": "Feature", "properties": { "ID": 3633365132470, "正式名称": "こんどう歯科", "機関区分": 3, "都道府県コード": 36, "市区町村コード": 201, "所在地": "徳島県徳島市名東町２丁目５８６－３", "緯度": 34.065085, "経度": 134.49509, "url": "https://www.iryou.teikyouseido.mhlw.go.jp/znk-web/juminkanja/S2430/initialize?prefCd=36&kikanCd=3365132470&kikanKbn=3", "url2": null, "内容": "こんどう歯科【3:歯科】徳島県徳島市名東町２丁目５８６－３" }, "geometry": { "type": "Point", "coordinates": [ 134.49509, 34.065085 ] } },
{ "type": "Feature", "properties": { "ID": 3633365132630, "正式名称": "あいおい歯科医院", "機関区分": 3, "都道府県コード": 36, "市区町村コード": 201, "所在地": "徳島県徳島市応神町西貞方字小島４８", "緯度": 34.119814, "経度": 134.513364, "url": "https://www.iryou.teikyouseido.mhlw.go.jp/znk-web/juminkanja/S2430/initialize?prefCd=36&kikanCd=3365132630&kikanKbn=3", "url2": null, "内容": "あいおい歯科医院【3:歯科】徳島県徳島市応神町西貞方字小島４８" }, "geometry": { "type": "Point", "coordinates": [ 134.513364, 34.119814 ] } },
{ "type": "Feature", "properties": { "ID": 3633365132760, "正式名称": "コウケン歯科", "機関区分": 3, "都道府県コード": 36, "市区町村コード": 403, "所在地": "徳島県板野郡藍住町笠木字西野３３番地１０", "緯度": 34.134648, "経度": 134.500208, "url": "https://www.iryou.teikyouseido.mhlw.go.jp/znk-web/juminkanja/S2430/initialize?prefCd=36&kikanCd=3365132760&kikanKbn=3", "url2": null, "内容": "コウケン歯科【3:歯科】徳島県板野郡藍住町笠木字西野３３番地１０" }, "geometry": { "type": "Point", "coordinates": [ 134.500208, 34.134648 ] } },
{ "type": "Feature", "properties": { "ID": 3633365132890, "正式名称": "アイル歯科クリニック", "機関区分": 3, "都道府県コード": 36, "市区町村コード": 402, "所在地": "徳島県板野郡北島町鯛浜字西ノ須１７４番地", "緯度": 34.112475, "経度": 134.546653, "url": "https://www.iryou.teikyouseido.mhlw.go.jp/znk-web/juminkanja/S2430/initialize?prefCd=36&kikanCd=3365132890&kikanKbn=3", "url2": "https://air-dental.com", "内容": "アイル歯科クリニック【3:歯科】徳島県板野郡北島町鯛浜字西ノ須１７４番地" }, "geometry": { "type": "Point", "coordinates": [ 134.546653, 34.112475 ] } },
{ "type": "Feature", "properties": { "ID": 3633365132920, "正式名称": "藤崎矯正歯科クリニック", "機関区分": 3, "都道府県コード": 36, "市区町村コード": 402, "所在地": "徳島県板野郡北島町鯛浜字大西１５３－６", "緯度": 34.11596, "経度": 134.540436, "url": "https://www.iryou.teikyouseido.mhlw.go.jp/znk-web/juminkanja/S2430/initialize?prefCd=36&kikanCd=3365132920&kikanKbn=3", "url2": "http://www.fujisaki-kyousei.com", "内容": "藤崎矯正歯科クリニック【3:歯科】徳島県板野郡北島町鯛浜字大西１５３－６" }, "geometry": { "type": "Point", "coordinates": [ 134.540436, 34.11596 ] } },
{ "type": "Feature", "properties": { "ID": 3633365133060, "正式名称": "はぐくみの森歯科クリニック", "機関区分": 3, "都道府県コード": 36, "市区町村コード": 202, "所在地": "徳島県鳴門市大麻町萩原字西山田１０７－７", "緯度": 34.156197, "経度": 134.511133, "url": "https://www.iryou.teikyouseido.mhlw.go.jp/znk-web/juminkanja/S2430/initialize?prefCd=36&kikanCd=3365133060&kikanKbn=3", "url2": "http://www.hagukuminomori.com", "内容": "はぐくみの森歯科クリニック【3:歯科】徳島県鳴門市大麻町萩原字西山田１０７－７" }, "geometry": { "type": "Point", "coordinates": [ 134.511133, 34.156197 ] } },
{ "type": "Feature", "properties": { "ID": 3633365133190, "正式名称": "枡富歯科医院", "機関区分": 3, "都道府県コード": 36, "市区町村コード": 403, "所在地": "徳島県板野郡藍住町奥野字西中須９４－１", "緯度": 34.127357, "経度": 134.485359, "url": "https://www.iryou.teikyouseido.mhlw.go.jp/znk-web/juminkanja/S2430/initialize?prefCd=36&kikanCd=3365133190&kikanKbn=3", "url2": null, "内容": "枡富歯科医院【3:歯科】徳島県板野郡藍住町奥野字西中須９４－１" }, "geometry": { "type": "Point", "coordinates": [ 134.485359, 34.127357 ] } },
{ "type": "Feature", "properties": { "ID": 3633365133480, "正式名称": "ほんな歯科クリニック", "機関区分": 3, "都道府県コード": 36, "市区町村コード": 405, "所在地": "徳島県板野郡上板町七條字経塚２２番地１", "緯度": 34.122454, "経度": 134.404257, "url": "https://www.iryou.teikyouseido.mhlw.go.jp/znk-web/juminkanja/S2430/initialize?prefCd=36&kikanCd=3365133480&kikanKbn=3", "url2": null, "内容": "ほんな歯科クリニック【3:歯科】徳島県板野郡上板町七條字経塚２２番地１" }, "geometry": { "type": "Point", "coordinates": [ 134.404257, 34.122454 ] } },
{ "type": "Feature", "properties": { "ID": 3633365133510, "正式名称": "こころ歯科", "機関区分": 3, "都道府県コード": 36, "市区町村コード": 201, "所在地": "徳島県徳島市新南福島１丁目３－２０", "緯度": 34.067283, "経度": 134.56483, "url": "https://www.iryou.teikyouseido.mhlw.go.jp/znk-web/juminkanja/S2430/initialize?prefCd=36&kikanCd=3365133510&kikanKbn=3", "url2": null, "内容": "こころ歯科【3:歯科】徳島県徳島市新南福島１丁目３－２０" }, "geometry": { "type": "Point", "coordinates": [ 134.56483, 34.067283 ] } },
{ "type": "Feature", "properties": { "ID": 3633365133640, "正式名称": "益井歯科医院", "機関区分": 3, "都道府県コード": 36, "市区町村コード": 202, "所在地": "徳島県鳴門市撫養町黒崎字松島１００", "緯度": 34.185443, "経度": 134.600718, "url": "https://www.iryou.teikyouseido.mhlw.go.jp/znk-web/juminkanja/S2430/initialize?prefCd=36&kikanCd=3365133640&kikanKbn=3", "url2": null, "内容": "益井歯科医院【3:歯科】徳島県鳴門市撫養町黒崎字松島１００" }, "geometry": { "type": "Point", "coordinates": [ 134.600718, 34.185443 ] } },
{ "type": "Feature", "properties": { "ID": 3633365133770, "正式名称": "沖浜デンタルクリニック", "機関区分": 3, "都道府県コード": 36, "市区町村コード": 201, "所在地": "徳島県徳島市沖浜東３丁目２４", "緯度": 34.05069, "経度": 134.553963, "url": "https://www.iryou.teikyouseido.mhlw.go.jp/znk-web/juminkanja/S2430/initialize?prefCd=36&kikanCd=3365133770&kikanKbn=3", "url2": null, "内容": "沖浜デンタルクリニック【3:歯科】徳島県徳島市沖浜東３丁目２４" }, "geometry": { "type": "Point", "coordinates": [ 134.553963, 34.05069 ] } },
{ "type": "Feature", "properties": { "ID": 3633365133800, "正式名称": "浜歯科", "機関区分": 3, "都道府県コード": 36, "市区町村コード": 404, "所在地": "徳島県板野郡板野町大寺字大向北９６番地３", "緯度": 34.137227, "経度": 134.470417, "url": "https://www.iryou.teikyouseido.mhlw.go.jp/znk-web/juminkanja/S2430/initialize?prefCd=36&kikanCd=3365133800&kikanKbn=3", "url2": null, "内容": "浜歯科【3:歯科】徳島県板野郡板野町大寺字大向北９６番地３" }, "geometry": { "type": "Point", "coordinates": [ 134.470417, 34.137227 ] } },
{ "type": "Feature", "properties": { "ID": 3633365133930, "正式名称": "鳴門歯科", "機関区分": 3, "都道府県コード": 36, "市区町村コード": 202, "所在地": "徳島県鳴門市撫養町小桑島字前浜２６９番地", "緯度": 34.178516, "経度": 134.609473, "url": "https://www.iryou.teikyouseido.mhlw.go.jp/znk-web/juminkanja/S2430/initialize?prefCd=36&kikanCd=3365133930&kikanKbn=3", "url2": "http://narutosika.or.jp", "内容": "鳴門歯科【3:歯科】徳島県鳴門市撫養町小桑島字前浜２６９番地" }, "geometry": { "type": "Point", "coordinates": [ 134.609473, 34.178516 ] } },
{ "type": "Feature", "properties": { "ID": 3633365134230, "正式名称": "コスモスデンタルクリニック", "機関区分": 3, "都道府県コード": 36, "市区町村コード": 403, "所在地": "徳島県板野郡藍住町奥野字東中須８８番地の１ゆめタウン徳島２階", "緯度": 34.119195, "経度": 134.500744, "url": "https://www.iryou.teikyouseido.mhlw.go.jp/znk-web/juminkanja/S2430/initialize?prefCd=36&kikanCd=3365134230&kikanKbn=3", "url2": null, "内容": "コスモスデンタルクリニック【3:歯科】徳島県板野郡藍住町奥野字東中須８８番地の１ゆめタウン徳島２階" }, "geometry": { "type": "Point", "coordinates": [ 134.500744, 34.119195 ] } },
{ "type": "Feature", "properties": { "ID": 3633365134490, "正式名称": "瀧歯科・歯科口腔外科医院", "機関区分": 3, "都道府県コード": 36, "市区町村コード": 402, "所在地": "徳島県板野郡北島町江尻字柳池３０番地１", "緯度": 34.12328, "経度": 134.55124, "url": "https://www.iryou.teikyouseido.mhlw.go.jp/znk-web/juminkanja/S2430/initialize?prefCd=36&kikanCd=3365134490&kikanKbn=3", "url2": null, "内容": "瀧歯科・歯科口腔外科医院【3:歯科】徳島県板野郡北島町江尻字柳池３０番地１" }, "geometry": { "type": "Point", "coordinates": [ 134.55124, 34.12328 ] } },
{ "type": "Feature", "properties": { "ID": 3633365134780, "正式名称": "きりん歯科クリニック", "機関区分": 3, "都道府県コード": 36, "市区町村コード": 201, "所在地": "徳島県徳島市沖浜東１丁目３２－３", "緯度": 34.054446, "経度": 134.554441, "url": "https://www.iryou.teikyouseido.mhlw.go.jp/znk-web/juminkanja/S2430/initialize?prefCd=36&kikanCd=3365134780&kikanKbn=3", "url2": "http://hamigakirin.com", "内容": "きりん歯科クリニック【3:歯科】徳島県徳島市沖浜東１丁目３２－３" }, "geometry": { "type": "Point", "coordinates": [ 134.554441, 34.054446 ] } },
{ "type": "Feature", "properties": { "ID": 3633365134810, "正式名称": "板東歯科医院八万オフィス", "機関区分": 3, "都道府県コード": 36, "市区町村コード": 201, "所在地": "徳島県徳島市八万町沖須賀２２番１", "緯度": 34.045077, "経度": 134.547627, "url": "https://www.iryou.teikyouseido.mhlw.go.jp/znk-web/juminkanja/S2430/initialize?prefCd=36&kikanCd=3365134810&kikanKbn=3", "url2": null, "内容": "板東歯科医院八万オフィス【3:歯科】徳島県徳島市八万町沖須賀２２番１" }, "geometry": { "type": "Point", "coordinates": [ 134.547627, 34.045077 ] } },
{ "type": "Feature", "properties": { "ID": 3633365134940, "正式名称": "ＣＯＣＯ歯科", "機関区分": 3, "都道府県コード": 36, "市区町村コード": 342, "所在地": "徳島県名西郡神山町神領字西大久保６０", "緯度": 33.969417, "経度": 134.368844, "url": "https://www.iryou.teikyouseido.mhlw.go.jp/znk-web/juminkanja/S2430/initialize?prefCd=36&kikanCd=3365134940&kikanKbn=3", "url2": "cocoshika.jp", "内容": "ＣＯＣＯ歯科【3:歯科】徳島県名西郡神山町神領字西大久保６０" }, "geometry": { "type": "Point", "coordinates": [ 134.368844, 33.969417 ] } },
{ "type": "Feature", "properties": { "ID": 3633365135080, "正式名称": "斎藤歯科医院", "機関区分": 3, "都道府県コード": 36, "市区町村コード": 403, "所在地": "徳島県板野郡藍住町住吉字神蔵２０９－１", "緯度": 34.120538, "経度": 134.509073, "url": "https://www.iryou.teikyouseido.mhlw.go.jp/znk-web/juminkanja/S2430/initialize?prefCd=36&kikanCd=3365135080&kikanKbn=3", "url2": "https://www.saito-d.jp/", "内容": "斎藤歯科医院【3:歯科】徳島県板野郡藍住町住吉字神蔵２０９－１" }, "geometry": { "type": "Point", "coordinates": [ 134.509073, 34.120538 ] } },
{ "type": "Feature", "properties": { "ID": 3633365135240, "正式名称": "わきかわ歯科", "機関区分": 3, "都道府県コード": 36, "市区町村コード": 341, "所在地": "徳島県名西郡石井町浦庄字上浦５３０－１", "緯度": 34.069422, "経度": 134.41001, "url": "https://www.iryou.teikyouseido.mhlw.go.jp/znk-web/juminkanja/S2430/initialize?prefCd=36&kikanCd=3365135240&kikanKbn=3", "url2": "https://wakikawa-dc.net/", "内容": "わきかわ歯科【3:歯科】徳島県名西郡石井町浦庄字上浦５３０－１" }, "geometry": { "type": "Point", "coordinates": [ 134.41001, 34.069422 ] } },
{ "type": "Feature", "properties": { "ID": 3633365135370, "正式名称": "おかやま歯科", "機関区分": 3, "都道府県コード": 36, "市区町村コード": 201, "所在地": "徳島県徳島市福島一丁目１０番６８号", "緯度": 34.070951, "経度": 134.566613, "url": "https://www.iryou.teikyouseido.mhlw.go.jp/znk-web/juminkanja/S2430/initialize?prefCd=36&kikanCd=3365135370&kikanKbn=3", "url2": "http:/okayama-shika.jp/", "内容": "おかやま歯科【3:歯科】徳島県徳島市福島一丁目１０番６８号" }, "geometry": { "type": "Point", "coordinates": [ 134.566613, 34.070951 ] } },
{ "type": "Feature", "properties": { "ID": 3633365135400, "正式名称": "ホワイト歯科", "機関区分": 3, "都道府県コード": 36, "市区町村コード": 202, "所在地": "徳島県鳴門市鳴門町高島字北３８６", "緯度": 34.20668, "経度": 134.593634, "url": "https://www.iryou.teikyouseido.mhlw.go.jp/znk-web/juminkanja/S2430/initialize?prefCd=36&kikanCd=3365135400&kikanKbn=3", "url2": "http://www.whiteshika.net", "内容": "ホワイト歯科【3:歯科】徳島県鳴門市鳴門町高島字北３８６" }, "geometry": { "type": "Point", "coordinates": [ 134.593634, 34.20668 ] } },
{ "type": "Feature", "properties": { "ID": 3633365135530, "正式名称": "なかしま歯科", "機関区分": 3, "都道府県コード": 36, "市区町村コード": 201, "所在地": "徳島県徳島市南田宮４－３－７", "緯度": 34.08602, "経度": 134.531149, "url": "https://www.iryou.teikyouseido.mhlw.go.jp/znk-web/juminkanja/S2430/initialize?prefCd=36&kikanCd=3365135530&kikanKbn=3", "url2": null, "内容": "なかしま歯科【3:歯科】徳島県徳島市南田宮４－３－７" }, "geometry": { "type": "Point", "coordinates": [ 134.531149, 34.08602 ] } },
{ "type": "Feature", "properties": { "ID": 3633365135660, "正式名称": "喜多デンタルクリニック", "機関区分": 3, "都道府県コード": 36, "市区町村コード": 201, "所在地": "徳島県徳島市沖浜３丁目６４", "緯度": 34.049832, "経度": 134.549863, "url": "https://www.iryou.teikyouseido.mhlw.go.jp/znk-web/juminkanja/S2430/initialize?prefCd=36&kikanCd=3365135660&kikanKbn=3", "url2": null, "内容": "喜多デンタルクリニック【3:歯科】徳島県徳島市沖浜３丁目６４" }, "geometry": { "type": "Point", "coordinates": [ 134.549863, 34.049832 ] } },
{ "type": "Feature", "properties": { "ID": 3633365135820, "正式名称": "椿原歯科クリニック", "機関区分": 3, "都道府県コード": 36, "市区町村コード": 201, "所在地": "徳島県徳島市中前川町５丁目１－２７９", "緯度": 34.081069, "経度": 134.545333, "url": "https://www.iryou.teikyouseido.mhlw.go.jp/znk-web/juminkanja/S2430/initialize?prefCd=36&kikanCd=3365135820&kikanKbn=3", "url2": null, "内容": "椿原歯科クリニック【3:歯科】徳島県徳島市中前川町５丁目１－２７９" }, "geometry": { "type": "Point", "coordinates": [ 134.545333, 34.081069 ] } },
{ "type": "Feature", "properties": { "ID": 3633365136250, "正式名称": "立本歯科医院", "機関区分": 3, "都道府県コード": 36, "市区町村コード": 202, "所在地": "徳島県鳴門市撫養町斎田字東発４５番１０", "緯度": 34.170842, "経度": 134.604593, "url": "https://www.iryou.teikyouseido.mhlw.go.jp/znk-web/juminkanja/S2430/initialize?prefCd=36&kikanCd=3365136250&kikanKbn=3", "url2": "http://tatemoto-dental.cihp.jp/", "内容": "立本歯科医院【3:歯科】徳島県鳴門市撫養町斎田字東発４５番１０" }, "geometry": { "type": "Point", "coordinates": [ 134.604593, 34.170842 ] } },
{ "type": "Feature", "properties": { "ID": 3633365136410, "正式名称": "キースおとなこども歯科北島", "機関区分": 3, "都道府県コード": 36, "市区町村コード": 402, "所在地": "徳島県板野郡北島町中村字本須９２－１１", "緯度": 34.128618, "経度": 134.56428, "url": "https://www.iryou.teikyouseido.mhlw.go.jp/znk-web/juminkanja/S2430/initialize?prefCd=36&kikanCd=3365136410&kikanKbn=3", "url2": null, "内容": "キースおとなこども歯科北島【3:歯科】徳島県板野郡北島町中村字本須９２－１１" }, "geometry": { "type": "Point", "coordinates": [ 134.56428, 34.128618 ] } },
{ "type": "Feature", "properties": { "ID": 3633365136540, "正式名称": "そがわ歯科", "機関区分": 3, "都道府県コード": 36, "市区町村コード": 405, "所在地": "徳島県板野郡上板町西分字カヤノ１６番地１", "緯度": 34.119328, "経度": 134.431403, "url": "https://www.iryou.teikyouseido.mhlw.go.jp/znk-web/juminkanja/S2430/initialize?prefCd=36&kikanCd=3365136540&kikanKbn=3", "url2": "https://sogawa-dc.com/", "内容": "そがわ歯科【3:歯科】徳島県板野郡上板町西分字カヤノ１６番地１" }, "geometry": { "type": "Point", "coordinates": [ 134.431403, 34.119328 ] } },
{ "type": "Feature", "properties": { "ID": 3633365136670, "正式名称": "石田歯科医院", "機関区分": 3, "都道府県コード": 36, "市区町村コード": 201, "所在地": "徳島県徳島市津田浜之町１番２８号", "緯度": 34.053349, "経度": 134.575623, "url": "https://www.iryou.teikyouseido.mhlw.go.jp/znk-web/juminkanja/S2430/initialize?prefCd=36&kikanCd=3365136670&kikanKbn=3", "url2": "https://ishida-dc.jp/access/", "内容": "石田歯科医院【3:歯科】徳島県徳島市津田浜之町１番２８号" }, "geometry": { "type": "Point", "coordinates": [ 134.575623, 34.053349 ] } },
{ "type": "Feature", "properties": { "ID": 3633365136830, "正式名称": "いしかわ歯科医院", "機関区分": 3, "都道府県コード": 36, "市区町村コード": 203, "所在地": "徳島県小松島市大林町字宮ノ本１２番１", "緯度": 33.974289, "経度": 134.614207, "url": "https://www.iryou.teikyouseido.mhlw.go.jp/znk-web/juminkanja/S2430/initialize?prefCd=36&kikanCd=3365136830&kikanKbn=3", "url2": "http://www.ishikawa-dentalclinic.com/", "内容": "いしかわ歯科医院【3:歯科】徳島県小松島市大林町字宮ノ本１２番１" }, "geometry": { "type": "Point", "coordinates": [ 134.614207, 33.974289 ] } },
{ "type": "Feature", "properties": { "ID": 3633365136960, "正式名称": "さとう歯科医院", "機関区分": 3, "都道府県コード": 36, "市区町村コード": 402, "所在地": "徳島県板野郡北島町江尻字中須賀２６－３", "緯度": 34.119785, "経度": 134.541079, "url": "https://www.iryou.teikyouseido.mhlw.go.jp/znk-web/juminkanja/S2430/initialize?prefCd=36&kikanCd=3365136960&kikanKbn=3", "url2": null, "内容": "さとう歯科医院【3:歯科】徳島県板野郡北島町江尻字中須賀２６－３" }, "geometry": { "type": "Point", "coordinates": [ 134.541079, 34.119785 ] } },
{ "type": "Feature", "properties": { "ID": 3633365137000, "正式名称": "ユアサ歯科", "機関区分": 3, "都道府県コード": 36, "市区町村コード": 404, "所在地": "徳島県板野郡板野町西中富字喜多居地６０番地１", "緯度": 34.124919, "経度": 134.46373, "url": "https://www.iryou.teikyouseido.mhlw.go.jp/znk-web/juminkanja/S2430/initialize?prefCd=36&kikanCd=3365137000&kikanKbn=3", "url2": "http://yuasa-shika.com", "内容": "ユアサ歯科【3:歯科】徳島県板野郡板野町西中富字喜多居地６０番地１" }, "geometry": { "type": "Point", "coordinates": [ 134.46373, 34.124919 ] } },
{ "type": "Feature", "properties": { "ID": 3633365137260, "正式名称": "キースおとなこども歯科二軒屋", "機関区分": 3, "都道府県コード": 36, "市区町村コード": 201, "所在地": "徳島県徳島市南二軒屋町一丁目２番１２号", "緯度": 34.055678, "経度": 134.546046, "url": "https://www.iryou.teikyouseido.mhlw.go.jp/znk-web/juminkanja/S2430/initialize?prefCd=36&kikanCd=3365137260&kikanKbn=3", "url2": "https://shinsei-kai.jp/nikenya/", "内容": "キースおとなこども歯科二軒屋【3:歯科】徳島県徳島市南二軒屋町一丁目２番１２号" }, "geometry": { "type": "Point", "coordinates": [ 134.546046, 34.055678 ] } },
{ "type": "Feature", "properties": { "ID": 3633365137390, "正式名称": "ルミナスデンタルクリニックイオンモール徳島店", "機関区分": 3, "都道府県コード": 36, "市区町村コード": 201, "所在地": "徳島県徳島市南末広町４番１号", "緯度": 34.060209, "経度": 134.573965, "url": "https://www.iryou.teikyouseido.mhlw.go.jp/znk-web/juminkanja/S2430/initialize?prefCd=36&kikanCd=3365137390&kikanKbn=3", "url2": null, "内容": "ルミナスデンタルクリニックイオンモール徳島店【3:歯科】徳島県徳島市南末広町４番１号" }, "geometry": { "type": "Point", "coordinates": [ 134.573965, 34.060209 ] } },
{ "type": "Feature", "properties": { "ID": 3633365137420, "正式名称": "庄野歯科医院", "機関区分": 3, "都道府県コード": 36, "市区町村コード": 201, "所在地": "徳島県徳島市中島田町２丁目３９番", "緯度": 34.082795, "経度": 134.513906, "url": "https://www.iryou.teikyouseido.mhlw.go.jp/znk-web/juminkanja/S2430/initialize?prefCd=36&kikanCd=3365137420&kikanKbn=3", "url2": null, "内容": "庄野歯科医院【3:歯科】徳島県徳島市中島田町２丁目３９番" }, "geometry": { "type": "Point", "coordinates": [ 134.513906, 34.082795 ] } },
{ "type": "Feature", "properties": { "ID": 3633365137970, "正式名称": "三谷ファミリー歯科クリニック", "機関区分": 3, "都道府県コード": 36, "市区町村コード": 201, "所在地": "徳島県徳島市南昭和町１－２３三谷第一ビル４階", "緯度": 34.058483, "経度": 134.555122, "url": "https://www.iryou.teikyouseido.mhlw.go.jp/znk-web/juminkanja/S2430/initialize?prefCd=36&kikanCd=3365137970&kikanKbn=3", "url2": null, "内容": "三谷ファミリー歯科クリニック【3:歯科】徳島県徳島市南昭和町１－２３三谷第一ビル４階" }, "geometry": { "type": "Point", "coordinates": [ 134.555122, 34.058483 ] } },
{ "type": "Feature", "properties": { "ID": 3633365138140, "正式名称": "フィール歯科クリニック", "機関区分": 3, "都道府県コード": 36, "市区町村コード": 201, "所在地": "徳島県徳島市川内町平石古田１９４－５", "緯度": 34.106869, "経度": 134.579151, "url": "https://www.iryou.teikyouseido.mhlw.go.jp/znk-web/juminkanja/S2430/initialize?prefCd=36&kikanCd=3365138140&kikanKbn=3", "url2": "http://feel-dental.com/", "内容": "フィール歯科クリニック【3:歯科】徳島県徳島市川内町平石古田１９４－５" }, "geometry": { "type": "Point", "coordinates": [ 134.579151, 34.106869 ] } },
{ "type": "Feature", "properties": { "ID": 3633365138300, "正式名称": "こうの歯科", "機関区分": 3, "都道府県コード": 36, "市区町村コード": 201, "所在地": "徳島県徳島市城東町２丁目７番２５号", "緯度": 34.071831, "経度": 134.573842, "url": "https://www.iryou.teikyouseido.mhlw.go.jp/znk-web/juminkanja/S2430/initialize?prefCd=36&kikanCd=3365138300&kikanKbn=3", "url2": "http://www.kouno-sika.jp/", "内容": "こうの歯科【3:歯科】徳島県徳島市城東町２丁目７番２５号" }, "geometry": { "type": "Point", "coordinates": [ 134.573842, 34.071831 ] } },
{ "type": "Feature", "properties": { "ID": 3633365138430, "正式名称": "高橋歯科", "機関区分": 3, "都道府県コード": 36, "市区町村コード": 202, "所在地": "徳島県鳴門市撫養町大桑島字蛭子山１５６－１", "緯度": 34.188548, "経度": 134.601816, "url": "https://www.iryou.teikyouseido.mhlw.go.jp/znk-web/juminkanja/S2430/initialize?prefCd=36&kikanCd=3365138430&kikanKbn=3", "url2": null, "内容": "高橋歯科【3:歯科】徳島県鳴門市撫養町大桑島字蛭子山１５６－１" }, "geometry": { "type": "Point", "coordinates": [ 134.601816, 34.188548 ] } },
{ "type": "Feature", "properties": { "ID": 3633365138560, "正式名称": "ひかり歯科クリニック", "機関区分": 3, "都道府県コード": 36, "市区町村コード": 201, "所在地": "徳島県徳島市三軒屋町外２４－１９", "緯度": 34.039786, "経度": 134.54859, "url": "https://www.iryou.teikyouseido.mhlw.go.jp/znk-web/juminkanja/S2430/initialize?prefCd=36&kikanCd=3365138560&kikanKbn=3", "url2": null, "内容": "ひかり歯科クリニック【3:歯科】徳島県徳島市三軒屋町外２４－１９" }, "geometry": { "type": "Point", "coordinates": [ 134.54859, 34.039786 ] } },
{ "type": "Feature", "properties": { "ID": 3633365138720, "正式名称": "スウェーデン歯科こくふ", "機関区分": 3, "都道府県コード": 36, "市区町村コード": 201, "所在地": "徳島県徳島市国府町桜間字登々路３１番１", "緯度": 34.084376, "経度": 134.464285, "url": "https://www.iryou.teikyouseido.mhlw.go.jp/znk-web/juminkanja/S2430/initialize?prefCd=36&kikanCd=3365138720&kikanKbn=3", "url2": "https://sweden-kokufu.net/", "内容": "スウェーデン歯科こくふ【3:歯科】徳島県徳島市国府町桜間字登々路３１番１" }, "geometry": { "type": "Point", "coordinates": [ 134.464285, 34.084376 ] } },
{ "type": "Feature", "properties": { "ID": 3633365138850, "正式名称": "山本歯科クリニック", "機関区分": 3, "都道府県コード": 36, "市区町村コード": 203, "所在地": "徳島県小松島市中郷町字桜馬場４７－１", "緯度": 34.014152, "経度": 134.571882, "url": "https://www.iryou.teikyouseido.mhlw.go.jp/znk-web/juminkanja/S2430/initialize?prefCd=36&kikanCd=3365138850&kikanKbn=3", "url2": "https://yamamoto-dent.jp", "内容": "山本歯科クリニック【3:歯科】徳島県小松島市中郷町字桜馬場４７－１" }, "geometry": { "type": "Point", "coordinates": [ 134.571882, 34.014152 ] } },
{ "type": "Feature", "properties": { "ID": 3633365138980, "正式名称": "たまたに歯科口腔外科クリニック", "機関区分": 3, "都道府県コード": 36, "市区町村コード": 201, "所在地": "徳島県徳島市論田町和太開１３８－９", "緯度": 34.038079, "経度": 134.567877, "url": "https://www.iryou.teikyouseido.mhlw.go.jp/znk-web/juminkanja/S2430/initialize?prefCd=36&kikanCd=3365138980&kikanKbn=3", "url2": null, "内容": "たまたに歯科口腔外科クリニック【3:歯科】徳島県徳島市論田町和太開１３８－９" }, "geometry": { "type": "Point", "coordinates": [ 134.567877, 34.038079 ] } },
{ "type": "Feature", "properties": { "ID": 3633365139020, "正式名称": "千代がまる歯科", "機関区分": 3, "都道府県コード": 36, "市区町村コード": 201, "所在地": "徳島県徳島市大原町千代ケ丸７３－１", "緯度": 34.025002, "経度": 134.567148, "url": "https://www.iryou.teikyouseido.mhlw.go.jp/znk-web/juminkanja/S2430/initialize?prefCd=36&kikanCd=3365139020&kikanKbn=3", "url2": null, "内容": "千代がまる歯科【3:歯科】徳島県徳島市大原町千代ケ丸７３－１" }, "geometry": { "type": "Point", "coordinates": [ 134.567148, 34.025002 ] } },
{ "type": "Feature", "properties": { "ID": 3633365139150, "正式名称": "そのだ歯科医院", "機関区分": 3, "都道府県コード": 36, "市区町村コード": 341, "所在地": "徳島県名西郡石井町高川原字桜間２７３−１２", "緯度": 34.084976, "経度": 134.462682, "url": "https://www.iryou.teikyouseido.mhlw.go.jp/znk-web/juminkanja/S2430/initialize?prefCd=36&kikanCd=3365139150&kikanKbn=3", "url2": null, "内容": "そのだ歯科医院【3:歯科】徳島県名西郡石井町高川原字桜間２７３−１２" }, "geometry": { "type": "Point", "coordinates": [ 134.462682, 34.084976 ] } },
{ "type": "Feature", "properties": { "ID": 3633365139280, "正式名称": "南庄町こどもおとな歯科クリニック", "機関区分": 3, "都道府県コード": 36, "市区町村コード": 201, "所在地": "徳島県徳島市南庄町５丁目６１番地２３", "緯度": 34.068498, "経度": 134.506618, "url": "https://www.iryou.teikyouseido.mhlw.go.jp/znk-web/juminkanja/S2430/initialize?prefCd=36&kikanCd=3365139280&kikanKbn=3", "url2": null, "内容": "南庄町こどもおとな歯科クリニック【3:歯科】徳島県徳島市南庄町５丁目６１番地２３" }, "geometry": { "type": "Point", "coordinates": [ 134.506618, 34.068498 ] } },
{ "type": "Feature", "properties": { "ID": 3633365139310, "正式名称": "天山歯科医院", "機関区分": 3, "都道府県コード": 36, "市区町村コード": 405, "所在地": "徳島県板野郡上板町七條字西栗ノ木１３－３", "緯度": 34.120091, "経度": 134.40122, "url": "https://www.iryou.teikyouseido.mhlw.go.jp/znk-web/juminkanja/S2430/initialize?prefCd=36&kikanCd=3365139310&kikanKbn=3", "url2": "https://www.tenzanshika.com/", "内容": "天山歯科医院【3:歯科】徳島県板野郡上板町七條字西栗ノ木１３－３" }, "geometry": { "type": "Point", "coordinates": [ 134.40122, 34.120091 ] } },
{ "type": "Feature", "properties": { "ID": 3633365139440, "正式名称": "表原文江歯科", "機関区分": 3, "都道府県コード": 36, "市区町村コード": 201, "所在地": "徳島県徳島市助任本町２丁目３９−１", "緯度": 34.078651, "経度": 134.55707, "url": "https://www.iryou.teikyouseido.mhlw.go.jp/znk-web/juminkanja/S2430/initialize?prefCd=36&kikanCd=3365139440&kikanKbn=3", "url2": null, "内容": "表原文江歯科【3:歯科】徳島県徳島市助任本町２丁目３９−１" }, "geometry": { "type": "Point", "coordinates": [ 134.55707, 34.078651 ] } },
{ "type": "Feature", "properties": { "ID": 3633365139570, "正式名称": "かもなはなまる歯科", "機関区分": 3, "都道府県コード": 36, "市区町村コード": 201, "所在地": "徳島県徳島市名東町３丁目１３番地", "緯度": 34.058868, "経度": 134.495096, "url": "https://www.iryou.teikyouseido.mhlw.go.jp/znk-web/juminkanja/S2430/initialize?prefCd=36&kikanCd=3365139570&kikanKbn=3", "url2": "https://www.hanamarudc.com/", "内容": "かもなはなまる歯科【3:歯科】徳島県徳島市名東町３丁目１３番地" }, "geometry": { "type": "Point", "coordinates": [ 134.495096, 34.058868 ] } },
{ "type": "Feature", "properties": { "ID": 3633365139600, "正式名称": "すずき歯科", "機関区分": 3, "都道府県コード": 36, "市区町村コード": 201, "所在地": "徳島県徳島市住吉６丁目１−９", "緯度": 34.076641, "経度": 134.575746, "url": "https://www.iryou.teikyouseido.mhlw.go.jp/znk-web/juminkanja/S2430/initialize?prefCd=36&kikanCd=3365139600&kikanKbn=3", "url2": "https://tokushima-dent.jp/", "内容": "すずき歯科【3:歯科】徳島県徳島市住吉６丁目１−９" }, "geometry": { "type": "Point", "coordinates": [ 134.575746, 34.076641 ] } },
{ "type": "Feature", "properties": { "ID": 3633365139730, "正式名称": "兼松歯科医院", "機関区分": 3, "都道府県コード": 36, "市区町村コード": 201, "所在地": "徳島県徳島市幸町３丁目４３番地", "緯度": 34.069214, "経度": 134.5536, "url": "https://www.iryou.teikyouseido.mhlw.go.jp/znk-web/juminkanja/S2430/initialize?prefCd=36&kikanCd=3365139730&kikanKbn=3", "url2": null, "内容": "兼松歯科医院【3:歯科】徳島県徳島市幸町３丁目４３番地" }, "geometry": { "type": "Point", "coordinates": [ 134.5536, 34.069214 ] } },
{ "type": "Feature", "properties": { "ID": 3633365139990, "正式名称": "あわ歯科こども歯科クリニック", "機関区分": 3, "都道府県コード": 36, "市区町村コード": 201, "所在地": "徳島県徳島市佐古一番町５－２３", "緯度": 34.076954, "経度": 134.542634, "url": "https://www.iryou.teikyouseido.mhlw.go.jp/znk-web/juminkanja/S2430/initialize?prefCd=36&kikanCd=3365139990&kikanKbn=3", "url2": "https://ourandkids.com", "内容": "あわ歯科こども歯科クリニック【3:歯科】徳島県徳島市佐古一番町５－２３" }, "geometry": { "type": "Point", "coordinates": [ 134.542634, 34.076954 ] } },
{ "type": "Feature", "properties": { "ID": 3633365140130, "正式名称": "かがやき歯科クリニック", "機関区分": 3, "都道府県コード": 36, "市区町村コード": 201, "所在地": "徳島県徳島市国府町日開９６７－４", "緯度": 34.083638, "経度": 134.477427, "url": "https://www.iryou.teikyouseido.mhlw.go.jp/znk-web/juminkanja/S2430/initialize?prefCd=36&kikanCd=3365140130&kikanKbn=3", "url2": "kagayaki-dental.net", "内容": "かがやき歯科クリニック【3:歯科】徳島県徳島市国府町日開９６７－４" }, "geometry": { "type": "Point", "coordinates": [ 134.477427, 34.083638 ] } },
{ "type": "Feature", "properties": { "ID": 3633365140260, "正式名称": "ひまわり歯科", "機関区分": 3, "都道府県コード": 36, "市区町村コード": 201, "所在地": "徳島県徳島市勝占町中須９２－１　大松ジョリカＢ階１０７号室", "緯度": 34.021248, "経度": 134.554635, "url": "https://www.iryou.teikyouseido.mhlw.go.jp/znk-web/juminkanja/S2430/initialize?prefCd=36&kikanCd=3365140260&kikanKbn=3", "url2": null, "内容": "ひまわり歯科【3:歯科】徳島県徳島市勝占町中須９２－１　大松ジョリカＢ階１０７号室" }, "geometry": { "type": "Point", "coordinates": [ 134.554635, 34.021248 ] } },
{ "type": "Feature", "properties": { "ID": 3633365140390, "正式名称": "にじいろ歯科クリニック", "機関区分": 3, "都道府県コード": 36, "市区町村コード": 201, "所在地": "徳島県徳島市丈六町長尾８８番地の２", "緯度": 34.005067, "経度": 134.545821, "url": "https://www.iryou.teikyouseido.mhlw.go.jp/znk-web/juminkanja/S2430/initialize?prefCd=36&kikanCd=3365140390&kikanKbn=3", "url2": "nijiiro-dental.net", "内容": "にじいろ歯科クリニック【3:歯科】徳島県徳島市丈六町長尾８８番地の２" }, "geometry": { "type": "Point", "coordinates": [ 134.545821, 34.005067 ] } },
{ "type": "Feature", "properties": { "ID": 3633365140420, "正式名称": "谷歯科医院", "機関区分": 3, "都道府県コード": 36, "市区町村コード": 401, "所在地": "徳島県板野郡松茂町中喜来字牛飼野西ノ越３－６", "緯度": 34.14975, "経度": 134.579467, "url": "https://www.iryou.teikyouseido.mhlw.go.jp/znk-web/juminkanja/S2430/initialize?prefCd=36&kikanCd=3365140420&kikanKbn=3", "url2": "tani-dental.jp", "内容": "谷歯科医院【3:歯科】徳島県板野郡松茂町中喜来字牛飼野西ノ越３－６" }, "geometry": { "type": "Point", "coordinates": [ 134.579467, 34.14975 ] } },
{ "type": "Feature", "properties": { "ID": 3633365140550, "正式名称": "ささきデンタルクリニック", "機関区分": 3, "都道府県コード": 36, "市区町村コード": 201, "所在地": "徳島県徳島市幸町１丁目５３番地", "緯度": 34.071915, "経度": 134.554495, "url": "https://www.iryou.teikyouseido.mhlw.go.jp/znk-web/juminkanja/S2430/initialize?prefCd=36&kikanCd=3365140550&kikanKbn=3", "url2": "https://new.sasakidentalclinic.com/", "内容": "ささきデンタルクリニック【3:歯科】徳島県徳島市幸町１丁目５３番地" }, "geometry": { "type": "Point", "coordinates": [ 134.554495, 34.071915 ] } },
{ "type": "Feature", "properties": { "ID": 3633365140680, "正式名称": "タカデンタルクリニック", "機関区分": 3, "都道府県コード": 36, "市区町村コード": 402, "所在地": "徳島県板野郡北島町高房字八丁野西３９番８", "緯度": 34.132588, "経度": 134.537635, "url": "https://www.iryou.teikyouseido.mhlw.go.jp/znk-web/juminkanja/S2430/initialize?prefCd=36&kikanCd=3365140680&kikanKbn=3", "url2": "https://www.takadentaltokushima.com", "内容": "タカデンタルクリニック【3:歯科】徳島県板野郡北島町高房字八丁野西３９番８" }, "geometry": { "type": "Point", "coordinates": [ 134.537635, 34.132588 ] } },
{ "type": "Feature", "properties": { "ID": 3633365140710, "正式名称": "医療法人社団佑健会徳島問屋町ＫＴ歯科", "機関区分": 3, "都道府県コード": 36, "市区町村コード": 201, "所在地": "徳島県徳島市問屋町４８", "緯度": 34.049208, "経度": 134.546356, "url": "https://www.iryou.teikyouseido.mhlw.go.jp/znk-web/juminkanja/S2430/initialize?prefCd=36&kikanCd=3365140710&kikanKbn=3", "url2": "https://toiyamachi.yukenkai.com", "内容": "医療法人社団佑健会徳島問屋町ＫＴ歯科【3:歯科】徳島県徳島市問屋町４８" }, "geometry": { "type": "Point", "coordinates": [ 134.546356, 34.049208 ] } },
{ "type": "Feature", "properties": { "ID": 3633365140840, "正式名称": "かながわ歯科クリニック", "機関区分": 3, "都道府県コード": 36, "市区町村コード": 401, "所在地": "徳島県板野郡松茂町笹木野字八北開拓２１３", "緯度": 34.140451, "経度": 134.591719, "url": "https://www.iryou.teikyouseido.mhlw.go.jp/znk-web/juminkanja/S2430/initialize?prefCd=36&kikanCd=3365140840&kikanKbn=3", "url2": "https://kanagawadent.com/", "内容": "かながわ歯科クリニック【3:歯科】徳島県板野郡松茂町笹木野字八北開拓２１３" }, "geometry": { "type": "Point", "coordinates": [ 134.591719, 34.140451 ] } },
{ "type": "Feature", "properties": { "ID": 3633365140970, "正式名称": "東山歯科医院", "機関区分": 3, "都道府県コード": 36, "市区町村コード": 201, "所在地": "徳島県徳島市北矢三町三丁目２番５１－５号", "緯度": 34.086342, "経度": 134.520667, "url": "https://www.iryou.teikyouseido.mhlw.go.jp/znk-web/juminkanja/S2430/initialize?prefCd=36&kikanCd=3365140970&kikanKbn=3", "url2": "higashiyama-dc.or.jp", "内容": "東山歯科医院【3:歯科】徳島県徳島市北矢三町三丁目２番５１－５号" }, "geometry": { "type": "Point", "coordinates": [ 134.520667, 34.086342 ] } },
{ "type": "Feature", "properties": { "ID": 3633365141010, "正式名称": "すみよし訪問歯科", "機関区分": 3, "都道府県コード": 36, "市区町村コード": 201, "所在地": "徳島県徳島市東新町１丁目１９和光ビル１階", "緯度": 34.069968, "経度": 134.547857, "url": "https://www.iryou.teikyouseido.mhlw.go.jp/znk-web/juminkanja/S2430/initialize?prefCd=36&kikanCd=3365141010&kikanKbn=3", "url2": null, "内容": "すみよし訪問歯科【3:歯科】徳島県徳島市東新町１丁目１９和光ビル１階" }, "geometry": { "type": "Point", "coordinates": [ 134.547857, 34.069968 ] } },
{ "type": "Feature", "properties": { "ID": 3633365141140, "正式名称": "いわさ矯正歯科", "機関区分": 3, "都道府県コード": 36, "市区町村コード": 201, "所在地": "徳島県徳島市福島一丁目８－１３", "緯度": 34.069014, "経度": 134.565786, "url": "https://www.iryou.teikyouseido.mhlw.go.jp/znk-web/juminkanja/S2430/initialize?prefCd=36&kikanCd=3365141140&kikanKbn=3", "url2": "https://iwasa-kyosei.jp/", "内容": "いわさ矯正歯科【3:歯科】徳島県徳島市福島一丁目８－１３" }, "geometry": { "type": "Point", "coordinates": [ 134.565786, 34.069014 ] } },
{ "type": "Feature", "properties": { "ID": 3633365141270, "正式名称": "常三島歯科口腔外科", "機関区分": 3, "都道府県コード": 36, "市区町村コード": 201, "所在地": "徳島県徳島市金沢１丁目２番７３－１号", "緯度": 34.074561, "経度": 134.582121, "url": "https://www.iryou.teikyouseido.mhlw.go.jp/znk-web/juminkanja/S2430/initialize?prefCd=36&kikanCd=3365141270&kikanKbn=3", "url2": "https://josanjima-dc.com/", "内容": "常三島歯科口腔外科【3:歯科】徳島県徳島市金沢１丁目２番７３－１号" }, "geometry": { "type": "Point", "coordinates": [ 134.582121, 34.074561 ] } },
{ "type": "Feature", "properties": { "ID": 3633365141300, "正式名称": "歯科医院　ＣＨＥＲ　ＢＬＡＮＣ", "機関区分": 3, "都道府県コード": 36, "市区町村コード": 201, "所在地": "徳島県徳島市万代町５丁目７５－６ＢＡＮＤＡＩ　ＷＡＲＥＨＯＵＳＥ　Ａ", "緯度": 34.063669, "経度": 134.565897, "url": "https://www.iryou.teikyouseido.mhlw.go.jp/znk-web/juminkanja/S2430/initialize?prefCd=36&kikanCd=3365141300&kikanKbn=3", "url2": null, "内容": "歯科医院　ＣＨＥＲ　ＢＬＡＮＣ【3:歯科】徳島県徳島市万代町５丁目７５－６ＢＡＮＤＡＩ　ＷＡＲＥＨＯＵＳＥ　Ａ" }, "geometry": { "type": "Point", "coordinates": [ 134.565897, 34.063669 ] } },
{ "type": "Feature", "properties": { "ID": 3633365141430, "正式名称": "Ｌａｍｐ　Ｄｅｎｔａｌ　Ｃｌｉｎｉｃ", "機関区分": 3, "都道府県コード": 36, "市区町村コード": 201, "所在地": "徳島県徳島市西新町１丁目１４－１ＢＥＲＥＯ西新町１Ｆ", "緯度": 34.072458, "経度": 134.546282, "url": "https://www.iryou.teikyouseido.mhlw.go.jp/znk-web/juminkanja/S2430/initialize?prefCd=36&kikanCd=3365141430&kikanKbn=3", "url2": null, "内容": "Ｌａｍｐ　Ｄｅｎｔａｌ　Ｃｌｉｎｉｃ【3:歯科】徳島県徳島市西新町１丁目１４－１ＢＥＲＥＯ西新町１Ｆ" }, "geometry": { "type": "Point", "coordinates": [ 134.546282, 34.072458 ] } },
{ "type": "Feature", "properties": { "ID": 3633365141560, "正式名称": "あさがお歯科医院", "機関区分": 3, "都道府県コード": 36, "市区町村コード": 402, "所在地": "徳島県板野郡北島町新喜来字南古田９５ー７", "緯度": 34.126392, "経度": 134.5465, "url": "https://www.iryou.teikyouseido.mhlw.go.jp/znk-web/juminkanja/S2430/initialize?prefCd=36&kikanCd=3365141560&kikanKbn=3", "url2": "https://www.asagao-dental.com/", "内容": "あさがお歯科医院【3:歯科】徳島県板野郡北島町新喜来字南古田９５ー７" }, "geometry": { "type": "Point", "coordinates": [ 134.5465, 34.126392 ] } },
{ "type": "Feature", "properties": { "ID": 3633365141690, "正式名称": "いろはデンタルクリニック", "機関区分": 3, "都道府県コード": 36, "市区町村コード": 403, "所在地": "徳島県板野郡藍住町東中富字龍池傍示５２－６", "緯度": 34.12435, "経度": 134.476986, "url": "https://www.iryou.teikyouseido.mhlw.go.jp/znk-web/juminkanja/S2430/initialize?prefCd=36&kikanCd=3365141690&kikanKbn=3", "url2": null, "内容": "いろはデンタルクリニック【3:歯科】徳島県板野郡藍住町東中富字龍池傍示５２－６" }, "geometry": { "type": "Point", "coordinates": [ 134.476986, 34.12435 ] } },
{ "type": "Feature", "properties": { "ID": 3633365141720, "正式名称": "多田歯科•矯正歯科", "機関区分": 3, "都道府県コード": 36, "市区町村コード": 403, "所在地": "徳島県板野郡藍住町矢上字原２６３－１０８", "緯度": 34.135532, "経度": 134.49669, "url": "https://www.iryou.teikyouseido.mhlw.go.jp/znk-web/juminkanja/S2430/initialize?prefCd=36&kikanCd=3365141720&kikanKbn=3", "url2": null, "内容": "多田歯科•矯正歯科【3:歯科】徳島県板野郡藍住町矢上字原２６３－１０８" }, "geometry": { "type": "Point", "coordinates": [ 134.49669, 34.135532 ] } },
{ "type": "Feature", "properties": { "ID": 3633365141850, "正式名称": "ｍｕｉｎ　ｄｅｎｔａｌ　ｏｆｆｉｃｅ", "機関区分": 3, "都道府県コード": 36, "市区町村コード": 201, "所在地": "徳島県徳島市西新浜町１丁目４－１", "緯度": 34.0434, "経度": 134.561586, "url": "https://www.iryou.teikyouseido.mhlw.go.jp/znk-web/juminkanja/S2430/initialize?prefCd=36&kikanCd=3365141850&kikanKbn=3", "url2": null, "内容": "ｍｕｉｎ　ｄｅｎｔａｌ　ｏｆｆｉｃｅ【3:歯科】徳島県徳島市西新浜町１丁目４－１" }, "geometry": { "type": "Point", "coordinates": [ 134.561586, 34.0434 ] } },
{ "type": "Feature", "properties": { "ID": 3633365200210, "正式名称": "石丸歯科医院", "機関区分": 3, "都道府県コード": 36, "市区町村コード": 202, "所在地": "徳島県鳴門市大麻町板東字大林３１番地１", "緯度": 34.156034, "経度": 134.508989, "url": "https://www.iryou.teikyouseido.mhlw.go.jp/znk-web/juminkanja/S2430/initialize?prefCd=36&kikanCd=3365200210&kikanKbn=3", "url2": "https://ishimaru-dental-clinic.com/", "内容": "石丸歯科医院【3:歯科】徳島県鳴門市大麻町板東字大林３１番地１" }, "geometry": { "type": "Point", "coordinates": [ 134.508989, 34.156034 ] } },
{ "type": "Feature", "properties": { "ID": 3633365200470, "正式名称": "小川歯科医院", "機関区分": 3, "都道府県コード": 36, "市区町村コード": 202, "所在地": "徳島県鳴門市撫養町南浜字東浜４２１", "緯度": 34.174044, "経度": 134.607145, "url": "https://www.iryou.teikyouseido.mhlw.go.jp/znk-web/juminkanja/S2430/initialize?prefCd=36&kikanCd=3365200470&kikanKbn=3", "url2": "http://www.citydo.com/prf/tokushima/guide/sg/810001345.html", "内容": "小川歯科医院【3:歯科】徳島県鳴門市撫養町南浜字東浜４２１" }, "geometry": { "type": "Point", "coordinates": [ 134.607145, 34.174044 ] } },
{ "type": "Feature", "properties": { "ID": 3633365201060, "正式名称": "和田歯科医院", "機関区分": 3, "都道府県コード": 36, "市区町村コード": 202, "所在地": "徳島県鳴門市大麻町大谷字久原７５－１", "緯度": 34.162084, "経度": 134.542372, "url": "https://www.iryou.teikyouseido.mhlw.go.jp/znk-web/juminkanja/S2430/initialize?prefCd=36&kikanCd=3365201060&kikanKbn=3", "url2": "https://tokushima-dental.com/", "内容": "和田歯科医院【3:歯科】徳島県鳴門市大麻町大谷字久原７５－１" }, "geometry": { "type": "Point", "coordinates": [ 134.542372, 34.162084 ] } },
{ "type": "Feature", "properties": { "ID": 3633365201220, "正式名称": "佐々木歯科医院", "機関区分": 3, "都道府県コード": 36, "市区町村コード": 202, "所在地": "徳島県鳴門市撫養町斎田字浜端南１３３番地", "緯度": 34.178879, "経度": 134.603366, "url": "https://www.iryou.teikyouseido.mhlw.go.jp/znk-web/juminkanja/S2430/initialize?prefCd=36&kikanCd=3365201220&kikanKbn=3", "url2": null, "内容": "佐々木歯科医院【3:歯科】徳島県鳴門市撫養町斎田字浜端南１３３番地" }, "geometry": { "type": "Point", "coordinates": [ 134.603366, 34.178879 ] } },
{ "type": "Feature", "properties": { "ID": 3633365201350, "正式名称": "東洋歯科医院", "機関区分": 3, "都道府県コード": 36, "市区町村コード": 202, "所在地": "徳島県鳴門市撫養町斎田字北浜３６番地", "緯度": 34.177752, "経度": 134.604589, "url": "https://www.iryou.teikyouseido.mhlw.go.jp/znk-web/juminkanja/S2430/initialize?prefCd=36&kikanCd=3365201350&kikanKbn=3", "url2": "http://toyo-shika.com/", "内容": "東洋歯科医院【3:歯科】徳島県鳴門市撫養町斎田字北浜３６番地" }, "geometry": { "type": "Point", "coordinates": [ 134.604589, 34.177752 ] } },
{ "type": "Feature", "properties": { "ID": 3633365201480, "正式名称": "佐川歯科医院", "機関区分": 3, "都道府県コード": 36, "市区町村コード": 202, "所在地": "徳島県鳴門市撫養町立岩字七枚２４８番地", "緯度": 34.17437, "経度": 134.616809, "url": "https://www.iryou.teikyouseido.mhlw.go.jp/znk-web/juminkanja/S2430/initialize?prefCd=36&kikanCd=3365201480&kikanKbn=3", "url2": null, "内容": "佐川歯科医院【3:歯科】徳島県鳴門市撫養町立岩字七枚２４８番地" }, "geometry": { "type": "Point", "coordinates": [ 134.616809, 34.17437 ] } },
{ "type": "Feature", "properties": { "ID": 3633365201640, "正式名称": "西條歯科医院", "機関区分": 3, "都道府県コード": 36, "市区町村コード": 202, "所在地": "徳島県鳴門市撫養町南浜字東浜６２８", "緯度": 34.176119, "経度": 134.60773, "url": "https://www.iryou.teikyouseido.mhlw.go.jp/znk-web/juminkanja/S2430/initialize?prefCd=36&kikanCd=3365201640&kikanKbn=3", "url2": "https://haisha-yoyaku.jp", "内容": "西條歯科医院【3:歯科】徳島県鳴門市撫養町南浜字東浜６２８" }, "geometry": { "type": "Point", "coordinates": [ 134.60773, 34.176119 ] } },
{ "type": "Feature", "properties": { "ID": 3633365202230, "正式名称": "原歯科クリニック", "機関区分": 3, "都道府県コード": 36, "市区町村コード": 202, "所在地": "徳島県鳴門市撫養町斎田字浜端南１１１", "緯度": 34.177912, "経度": 134.603725, "url": "https://www.iryou.teikyouseido.mhlw.go.jp/znk-web/juminkanja/S2430/initialize?prefCd=36&kikanCd=3365202230&kikanKbn=3", "url2": null, "内容": "原歯科クリニック【3:歯科】徳島県鳴門市撫養町斎田字浜端南１１１" }, "geometry": { "type": "Point", "coordinates": [ 134.603725, 34.177912 ] } },
{ "type": "Feature", "properties": { "ID": 3633365202490, "正式名称": "仁木歯科医院", "機関区分": 3, "都道府県コード": 36, "市区町村コード": 401, "所在地": "徳島県板野郡松茂町笹木野字八下２３－１７", "緯度": 34.132215, "経度": 134.586189, "url": "https://www.iryou.teikyouseido.mhlw.go.jp/znk-web/juminkanja/S2430/initialize?prefCd=36&kikanCd=3365202490&kikanKbn=3", "url2": null, "内容": "仁木歯科医院【3:歯科】徳島県板野郡松茂町笹木野字八下２３－１７" }, "geometry": { "type": "Point", "coordinates": [ 134.586189, 34.132215 ] } },
{ "type": "Feature", "properties": { "ID": 3633365202520, "正式名称": "佐賀歯科医院", "機関区分": 3, "都道府県コード": 36, "市区町村コード": 202, "所在地": "徳島県鳴門市大津町矢倉字六ノ越７０－２", "緯度": 34.15761, "経度": 134.592605, "url": "https://www.iryou.teikyouseido.mhlw.go.jp/znk-web/juminkanja/S2430/initialize?prefCd=36&kikanCd=3365202520&kikanKbn=3", "url2": "https://saga-dental-office.com", "内容": "佐賀歯科医院【3:歯科】徳島県鳴門市大津町矢倉字六ノ越７０－２" }, "geometry": { "type": "Point", "coordinates": [ 134.592605, 34.15761 ] } },
{ "type": "Feature", "properties": { "ID": 3633365202650, "正式名称": "奥野歯科医院", "機関区分": 3, "都道府県コード": 36, "市区町村コード": 202, "所在地": "徳島県鳴門市撫養町南浜字蛭子前東５８－３", "緯度": 34.17469, "経度": 134.60211, "url": "https://www.iryou.teikyouseido.mhlw.go.jp/znk-web/juminkanja/S2430/initialize?prefCd=36&kikanCd=3365202650&kikanKbn=3", "url2": "http://ww8.tiki.ne.jp/~okuno/", "内容": "奥野歯科医院【3:歯科】徳島県鳴門市撫養町南浜字蛭子前東５８－３" }, "geometry": { "type": "Point", "coordinates": [ 134.60211, 34.17469 ] } },
{ "type": "Feature", "properties": { "ID": 3633365202940, "正式名称": "稲富歯科医院", "機関区分": 3, "都道府県コード": 36, "市区町村コード": 404, "所在地": "徳島県板野郡板野町犬伏字大坪６５", "緯度": 34.141326, "経度": 134.453162, "url": "https://www.iryou.teikyouseido.mhlw.go.jp/znk-web/juminkanja/S2430/initialize?prefCd=36&kikanCd=3365202940&kikanKbn=3", "url2": null, "内容": "稲富歯科医院【3:歯科】徳島県板野郡板野町犬伏字大坪６５" }, "geometry": { "type": "Point", "coordinates": [ 134.453162, 34.141326 ] } },
{ "type": "Feature", "properties": { "ID": 3633365203110, "正式名称": "堤歯科", "機関区分": 3, "都道府県コード": 36, "市区町村コード": 404, "所在地": "徳島県板野郡板野町大寺字岡ノ前１１５番地", "緯度": 34.140687, "経度": 134.459524, "url": "https://www.iryou.teikyouseido.mhlw.go.jp/znk-web/juminkanja/S2430/initialize?prefCd=36&kikanCd=3365203110&kikanKbn=3", "url2": "http://www.tda.or.jp/0886721255/", "内容": "堤歯科【3:歯科】徳島県板野郡板野町大寺字岡ノ前１１５番地" }, "geometry": { "type": "Point", "coordinates": [ 134.459524, 34.140687 ] } },
{ "type": "Feature", "properties": { "ID": 3633365203240, "正式名称": "しまだ歯科医院", "機関区分": 3, "都道府県コード": 36, "市区町村コード": 202, "所在地": "徳島県鳴門市鳴門町三ツ石字江尻山２１１", "緯度": 34.199265, "経度": 134.607925, "url": "https://www.iryou.teikyouseido.mhlw.go.jp/znk-web/juminkanja/S2430/initialize?prefCd=36&kikanCd=3365203240&kikanKbn=3", "url2": null, "内容": "しまだ歯科医院【3:歯科】徳島県鳴門市鳴門町三ツ石字江尻山２１１" }, "geometry": { "type": "Point", "coordinates": [ 134.607925, 34.199265 ] } },
{ "type": "Feature", "properties": { "ID": 3633365203370, "正式名称": "元木歯科クリニック", "機関区分": 3, "都道府県コード": 36, "市区町村コード": 202, "所在地": "徳島県鳴門市撫養町黒崎字松島３９９－１", "緯度": 34.191482, "経度": 134.598184, "url": "https://www.iryou.teikyouseido.mhlw.go.jp/znk-web/juminkanja/S2430/initialize?prefCd=36&kikanCd=3365203370&kikanKbn=3", "url2": null, "内容": "元木歯科クリニック【3:歯科】徳島県鳴門市撫養町黒崎字松島３９９－１" }, "geometry": { "type": "Point", "coordinates": [ 134.598184, 34.191482 ] } },
{ "type": "Feature", "properties": { "ID": 3633365203400, "正式名称": "秋田歯科医院", "機関区分": 3, "都道府県コード": 36, "市区町村コード": 202, "所在地": "徳島県鳴門市撫養町斎田字大堤５２", "緯度": 34.1765, "経度": 134.604911, "url": "https://www.iryou.teikyouseido.mhlw.go.jp/znk-web/juminkanja/S2430/initialize?prefCd=36&kikanCd=3365203400&kikanKbn=3", "url2": null, "内容": "秋田歯科医院【3:歯科】徳島県鳴門市撫養町斎田字大堤５２" }, "geometry": { "type": "Point", "coordinates": [ 134.604911, 34.1765 ] } },
{ "type": "Feature", "properties": { "ID": 3633365203530, "正式名称": "健生歯科なると", "機関区分": 3, "都道府県コード": 36, "市区町村コード": 202, "所在地": "徳島県鳴門市撫養町木津字西小沖７３２－２", "緯度": 34.165441, "経度": 134.580216, "url": "https://www.iryou.teikyouseido.mhlw.go.jp/znk-web/juminkanja/S2430/initialize?prefCd=36&kikanCd=3365203530&kikanKbn=3", "url2": null, "内容": "健生歯科なると【3:歯科】徳島県鳴門市撫養町木津字西小沖７３２－２" }, "geometry": { "type": "Point", "coordinates": [ 134.580216, 34.165441 ] } },
{ "type": "Feature", "properties": { "ID": 3633365203790, "正式名称": "大浦歯科医院", "機関区分": 3, "都道府県コード": 36, "市区町村コード": 202, "所在地": "徳島県鳴門市撫養町木津４８２－１５", "緯度": 34.16821, "経度": 134.575117, "url": "https://www.iryou.teikyouseido.mhlw.go.jp/znk-web/juminkanja/S2430/initialize?prefCd=36&kikanCd=3365203790&kikanKbn=3", "url2": null, "内容": "大浦歯科医院【3:歯科】徳島県鳴門市撫養町木津４８２－１５" }, "geometry": { "type": "Point", "coordinates": [ 134.575117, 34.16821 ] } },
{ "type": "Feature", "properties": { "ID": 3633365203820, "正式名称": "きしの歯科", "機関区分": 3, "都道府県コード": 36, "市区町村コード": 401, "所在地": "徳島県板野郡松茂町中喜来字群恵２５２－６", "緯度": 34.142716, "経度": 134.592685, "url": "https://www.iryou.teikyouseido.mhlw.go.jp/znk-web/juminkanja/S2430/initialize?prefCd=36&kikanCd=3365203820&kikanKbn=3", "url2": null, "内容": "きしの歯科【3:歯科】徳島県板野郡松茂町中喜来字群恵２５２－６" }, "geometry": { "type": "Point", "coordinates": [ 134.592685, 34.142716 ] } },
{ "type": "Feature", "properties": { "ID": 3633365204120, "正式名称": "今井歯科医院", "機関区分": 3, "都道府県コード": 36, "市区町村コード": 202, "所在地": "徳島県鳴門市撫養町立岩字七枚８６番地", "緯度": 34.173429, "経度": 134.614534, "url": "https://www.iryou.teikyouseido.mhlw.go.jp/znk-web/juminkanja/S2430/initialize?prefCd=36&kikanCd=3365204120&kikanKbn=3", "url2": null, "内容": "今井歯科医院【3:歯科】徳島県鳴門市撫養町立岩字七枚８６番地" }, "geometry": { "type": "Point", "coordinates": [ 134.614534, 34.173429 ] } },
{ "type": "Feature", "properties": { "ID": 3633365204250, "正式名称": "岩佐歯科", "機関区分": 3, "都道府県コード": 36, "市区町村コード": 202, "所在地": "徳島県鳴門市撫養町小桑島字西浜１９", "緯度": 34.183095, "経度": 134.603977, "url": "https://www.iryou.teikyouseido.mhlw.go.jp/znk-web/juminkanja/S2430/initialize?prefCd=36&kikanCd=3365204250&kikanKbn=3", "url2": null, "内容": "岩佐歯科【3:歯科】徳島県鳴門市撫養町小桑島字西浜１９" }, "geometry": { "type": "Point", "coordinates": [ 134.603977, 34.183095 ] } },
{ "type": "Feature", "properties": { "ID": 3633365204380, "正式名称": "中森歯科医院", "機関区分": 3, "都道府県コード": 36, "市区町村コード": 202, "所在地": "徳島県鳴門市大麻町檜字野神ノ北５４－５", "緯度": 34.157131, "経度": 134.496281, "url": "https://www.iryou.teikyouseido.mhlw.go.jp/znk-web/juminkanja/S2430/initialize?prefCd=36&kikanCd=3365204380&kikanKbn=3", "url2": null, "内容": "中森歯科医院【3:歯科】徳島県鳴門市大麻町檜字野神ノ北５４－５" }, "geometry": { "type": "Point", "coordinates": [ 134.496281, 34.157131 ] } },
{ "type": "Feature", "properties": { "ID": 3633365204410, "正式名称": "柳田歯科", "機関区分": 3, "都道府県コード": 36, "市区町村コード": 202, "所在地": "徳島県鳴門市大津町木津野字仲ノ越８５－１０", "緯度": 34.168023, "経度": 134.590952, "url": "https://www.iryou.teikyouseido.mhlw.go.jp/znk-web/juminkanja/S2430/initialize?prefCd=36&kikanCd=3365204410&kikanKbn=3", "url2": null, "内容": "柳田歯科【3:歯科】徳島県鳴門市大津町木津野字仲ノ越８５－１０" }, "geometry": { "type": "Point", "coordinates": [ 134.590952, 34.168023 ] } },
{ "type": "Feature", "properties": { "ID": 3633365205000, "正式名称": "たかせ歯科医院", "機関区分": 3, "都道府県コード": 36, "市区町村コード": 401, "所在地": "徳島県板野郡松茂町中喜来字前原東三番越１６番地３", "緯度": 34.144194, "経度": 134.578405, "url": "https://www.iryou.teikyouseido.mhlw.go.jp/znk-web/juminkanja/S2430/initialize?prefCd=36&kikanCd=3365205000&kikanKbn=3", "url2": "https://www.takase-dent.jp/", "内容": "たかせ歯科医院【3:歯科】徳島県板野郡松茂町中喜来字前原東三番越１６番地３" }, "geometry": { "type": "Point", "coordinates": [ 134.578405, 34.144194 ] } },
{ "type": "Feature", "properties": { "ID": 3633365205130, "正式名称": "あき歯科医院", "機関区分": 3, "都道府県コード": 36, "市区町村コード": 202, "所在地": "徳島県鳴門市瀬戸町明神字鳴谷１９４－５", "緯度": 34.201441, "経度": 134.582498, "url": "https://www.iryou.teikyouseido.mhlw.go.jp/znk-web/juminkanja/S2430/initialize?prefCd=36&kikanCd=3365205130&kikanKbn=3", "url2": null, "内容": "あき歯科医院【3:歯科】徳島県鳴門市瀬戸町明神字鳴谷１９４－５" }, "geometry": { "type": "Point", "coordinates": [ 134.582498, 34.201441 ] } },
{ "type": "Feature", "properties": { "ID": 3633365300660, "正式名称": "喜多歯科医院", "機関区分": 3, "都道府県コード": 36, "市区町村コード": 203, "所在地": "徳島県小松島市坂野町字細野２－１", "緯度": 33.979533, "経度": 134.634222, "url": "https://www.iryou.teikyouseido.mhlw.go.jp/znk-web/juminkanja/S2430/initialize?prefCd=36&kikanCd=3365300660&kikanKbn=3", "url2": null, "内容": "喜多歯科医院【3:歯科】徳島県小松島市坂野町字細野２－１" }, "geometry": { "type": "Point", "coordinates": [ 134.634222, 33.979533 ] } },
{ "type": "Feature", "properties": { "ID": 3633365300790, "正式名称": "中田歯科医院", "機関区分": 3, "都道府県コード": 36, "市区町村コード": 203, "所在地": "徳島県小松島市中田町字新開３２－５", "緯度": 34.014214, "経度": 134.582026, "url": "https://www.iryou.teikyouseido.mhlw.go.jp/znk-web/juminkanja/S2430/initialize?prefCd=36&kikanCd=3365300790&kikanKbn=3", "url2": null, "内容": "中田歯科医院【3:歯科】徳島県小松島市中田町字新開３２－５" }, "geometry": { "type": "Point", "coordinates": [ 134.582026, 34.014214 ] } },
{ "type": "Feature", "properties": { "ID": 3633365300820, "正式名称": "大守歯科医院", "機関区分": 3, "都道府県コード": 36, "市区町村コード": 203, "所在地": "徳島県小松島市赤石町４番９５号", "緯度": 33.982976, "経度": 134.608397, "url": "https://www.iryou.teikyouseido.mhlw.go.jp/znk-web/juminkanja/S2430/initialize?prefCd=36&kikanCd=3365300820&kikanKbn=3", "url2": "http://oomori-d.jp", "内容": "大守歯科医院【3:歯科】徳島県小松島市赤石町４番９５号" }, "geometry": { "type": "Point", "coordinates": [ 134.608397, 33.982976 ] } },
{ "type": "Feature", "properties": { "ID": 3633365300950, "正式名称": "木下歯科医院", "機関区分": 3, "都道府県コード": 36, "市区町村コード": 203, "所在地": "徳島県小松島市中田町字土持２１－２８", "緯度": 34.018007, "経度": 134.568712, "url": "https://www.iryou.teikyouseido.mhlw.go.jp/znk-web/juminkanja/S2430/initialize?prefCd=36&kikanCd=3365300950&kikanKbn=3", "url2": "http://www.kinoshita-shika.net/", "内容": "木下歯科医院【3:歯科】徳島県小松島市中田町字土持２１－２８" }, "geometry": { "type": "Point", "coordinates": [ 134.568712, 34.018007 ] } },
{ "type": "Feature", "properties": { "ID": 3633365301250, "正式名称": "須原歯科医院", "機関区分": 3, "都道府県コード": 36, "市区町村コード": 203, "所在地": "徳島県小松島市南小松島町１－３２", "緯度": 34.005837, "経度": 134.589729, "url": "https://www.iryou.teikyouseido.mhlw.go.jp/znk-web/juminkanja/S2430/initialize?prefCd=36&kikanCd=3365301250&kikanKbn=3", "url2": "https://www.suhara-dental.or.jp", "内容": "須原歯科医院【3:歯科】徳島県小松島市南小松島町１－３２" }, "geometry": { "type": "Point", "coordinates": [ 134.589729, 34.005837 ] } },
{ "type": "Feature", "properties": { "ID": 3633365301540, "正式名称": "中田歯科医院", "機関区分": 3, "都道府県コード": 36, "市区町村コード": 301, "所在地": "徳島県勝浦郡勝浦町大字三溪字樫渕７１の６", "緯度": 33.931308, "経度": 134.494597, "url": "https://www.iryou.teikyouseido.mhlw.go.jp/znk-web/juminkanja/S2430/initialize?prefCd=36&kikanCd=3365301540&kikanKbn=3", "url2": null, "内容": "中田歯科医院【3:歯科】徳島県勝浦郡勝浦町大字三溪字樫渕７１の６" }, "geometry": { "type": "Point", "coordinates": [ 134.494597, 33.931308 ] } },
{ "type": "Feature", "properties": { "ID": 3633365301670, "正式名称": "浦田歯科医院", "機関区分": 3, "都道府県コード": 36, "市区町村コード": 203, "所在地": "徳島県小松島市田浦町字神子ノ内４７ー１", "緯度": 33.996086, "経度": 134.556921, "url": "https://www.iryou.teikyouseido.mhlw.go.jp/znk-web/juminkanja/S2430/initialize?prefCd=36&kikanCd=3365301670&kikanKbn=3", "url2": "https://www.urata-shika.com", "内容": "浦田歯科医院【3:歯科】徳島県小松島市田浦町字神子ノ内４７ー１" }, "geometry": { "type": "Point", "coordinates": [ 134.556921, 33.996086 ] } },
{ "type": "Feature", "properties": { "ID": 3633365301960, "正式名称": "山本歯科医院", "機関区分": 3, "都道府県コード": 36, "市区町村コード": 203, "所在地": "徳島県小松島市松島町１３番３２号", "緯度": 34.008757, "経度": 134.582412, "url": "https://www.iryou.teikyouseido.mhlw.go.jp/znk-web/juminkanja/S2430/initialize?prefCd=36&kikanCd=3365301960&kikanKbn=3", "url2": "https://perio-implant.jp/", "内容": "山本歯科医院【3:歯科】徳島県小松島市松島町１３番３２号" }, "geometry": { "type": "Point", "coordinates": [ 134.582412, 34.008757 ] } },
{ "type": "Feature", "properties": { "ID": 3633365302000, "正式名称": "福崎歯科医院", "機関区分": 3, "都道府県コード": 36, "市区町村コード": 203, "所在地": "徳島県小松島市和田島町松田新田１９５番２", "緯度": 33.991676, "経度": 134.634297, "url": "https://www.iryou.teikyouseido.mhlw.go.jp/znk-web/juminkanja/S2430/initialize?prefCd=36&kikanCd=3365302000&kikanKbn=3", "url2": "https://www.fukuzaki-dent.jp", "内容": "福崎歯科医院【3:歯科】徳島県小松島市和田島町松田新田１９５番２" }, "geometry": { "type": "Point", "coordinates": [ 134.634297, 33.991676 ] } },
{ "type": "Feature", "properties": { "ID": 3633365302260, "正式名称": "大井歯科クリニック", "機関区分": 3, "都道府県コード": 36, "市区町村コード": 301, "所在地": "徳島県勝浦郡勝浦町久国字屋原３７番地の２", "緯度": 33.931201, "経度": 134.512707, "url": "https://www.iryou.teikyouseido.mhlw.go.jp/znk-web/juminkanja/S2430/initialize?prefCd=36&kikanCd=3365302260&kikanKbn=3", "url2": null, "内容": "大井歯科クリニック【3:歯科】徳島県勝浦郡勝浦町久国字屋原３７番地の２" }, "geometry": { "type": "Point", "coordinates": [ 134.512707, 33.931201 ] } },
{ "type": "Feature", "properties": { "ID": 3633365302390, "正式名称": "阿部歯科", "機関区分": 3, "都道府県コード": 36, "市区町村コード": 203, "所在地": "徳島県小松島市立江町字万代１０－５", "緯度": 33.96721, "経度": 134.605726, "url": "https://www.iryou.teikyouseido.mhlw.go.jp/znk-web/juminkanja/S2430/initialize?prefCd=36&kikanCd=3365302390&kikanKbn=3", "url2": null, "内容": "阿部歯科【3:歯科】徳島県小松島市立江町字万代１０－５" }, "geometry": { "type": "Point", "coordinates": [ 134.605726, 33.96721 ] } },
{ "type": "Feature", "properties": { "ID": 3633365302550, "正式名称": "天真歯科矯正歯科", "機関区分": 3, "都道府県コード": 36, "市区町村コード": 203, "所在地": "徳島県小松島市小松島町字北浜３６－２", "緯度": 34.014248, "経度": 134.586009, "url": "https://www.iryou.teikyouseido.mhlw.go.jp/znk-web/juminkanja/S2430/initialize?prefCd=36&kikanCd=3365302550&kikanKbn=3", "url2": "http://www.d-tenshin.com/", "内容": "天真歯科矯正歯科【3:歯科】徳島県小松島市小松島町字北浜３６－２" }, "geometry": { "type": "Point", "coordinates": [ 134.586009, 34.014248 ] } },
{ "type": "Feature", "properties": { "ID": 3633365302710, "正式名称": "佐川歯科", "機関区分": 3, "都道府県コード": 36, "市区町村コード": 203, "所在地": "徳島県小松島市小松島町字門田２２－３", "緯度": 34.006388, "経度": 134.578099, "url": "https://www.iryou.teikyouseido.mhlw.go.jp/znk-web/juminkanja/S2430/initialize?prefCd=36&kikanCd=3365302710&kikanKbn=3", "url2": null, "内容": "佐川歯科【3:歯科】徳島県小松島市小松島町字門田２２－３" }, "geometry": { "type": "Point", "coordinates": [ 134.578099, 34.006388 ] } },
{ "type": "Feature", "properties": { "ID": 3633365302840, "正式名称": "医療法人社団佑健会徳島小松島ＫＴ歯科", "機関区分": 3, "都道府県コード": 36, "市区町村コード": 203, "所在地": "徳島県小松島市中郷町加藤１２１番１", "緯度": 34.007367, "経度": 134.569223, "url": "https://www.iryou.teikyouseido.mhlw.go.jp/znk-web/juminkanja/S2430/initialize?prefCd=36&kikanCd=3365302840&kikanKbn=3", "url2": "https://komatusima.yukenkai.com/", "内容": "医療法人社団佑健会徳島小松島ＫＴ歯科【3:歯科】徳島県小松島市中郷町加藤１２１番１" }, "geometry": { "type": "Point", "coordinates": [ 134.569223, 34.007367 ] } },
{ "type": "Feature", "properties": { "ID": 3633365305290, "正式名称": "うおざと歯科", "機関区分": 3, "都道府県コード": 36, "市区町村コード": 203, "所在地": "徳島県小松島市日開野町字加々ませ３５番２", "緯度": 33.998893, "経度": 134.578591, "url": "https://www.iryou.teikyouseido.mhlw.go.jp/znk-web/juminkanja/S2430/initialize?prefCd=36&kikanCd=3365305290&kikanKbn=3", "url2": "https://uozato-dental.com/", "内容": "うおざと歯科【3:歯科】徳島県小松島市日開野町字加々ませ３５番２" }, "geometry": { "type": "Point", "coordinates": [ 134.578591, 33.998893 ] } },
{ "type": "Feature", "properties": { "ID": 3633365400140, "正式名称": "井坂歯科医院", "機関区分": 3, "都道府県コード": 36, "市区町村コード": 204, "所在地": "徳島県阿南市富岡町南向３０－５", "緯度": 33.918012, "経度": 134.661371, "url": "https://www.iryou.teikyouseido.mhlw.go.jp/znk-web/juminkanja/S2430/initialize?prefCd=36&kikanCd=3365400140&kikanKbn=3", "url2": "https://www.isaka-dental.jp/", "内容": "井坂歯科医院【3:歯科】徳島県阿南市富岡町南向３０－５" }, "geometry": { "type": "Point", "coordinates": [ 134.661371, 33.918012 ] } },
{ "type": "Feature", "properties": { "ID": 3633365400430, "正式名称": "久米歯科医院", "機関区分": 3, "都道府県コード": 36, "市区町村コード": 204, "所在地": "徳島県阿南市富岡町木松１５－５", "緯度": 33.918054, "経度": 134.658858, "url": "https://www.iryou.teikyouseido.mhlw.go.jp/znk-web/juminkanja/S2430/initialize?prefCd=36&kikanCd=3365400430&kikanKbn=3", "url2": null, "内容": "久米歯科医院【3:歯科】徳島県阿南市富岡町木松１５－５" }, "geometry": { "type": "Point", "coordinates": [ 134.658858, 33.918054 ] } },
{ "type": "Feature", "properties": { "ID": 3633365400560, "正式名称": "仁木歯科医院", "機関区分": 3, "都道府県コード": 36, "市区町村コード": 204, "所在地": "徳島県阿南市富岡町内町１７０－１", "緯度": 33.921903, "経度": 134.655824, "url": "https://www.iryou.teikyouseido.mhlw.go.jp/znk-web/juminkanja/S2430/initialize?prefCd=36&kikanCd=3365400560&kikanKbn=3", "url2": null, "内容": "仁木歯科医院【3:歯科】徳島県阿南市富岡町内町１７０－１" }, "geometry": { "type": "Point", "coordinates": [ 134.655824, 33.921903 ] } },
{ "type": "Feature", "properties": { "ID": 3633365400720, "正式名称": "マツモト歯科医院", "機関区分": 3, "都道府県コード": 36, "市区町村コード": 204, "所在地": "徳島県阿南市津乃峯町東分１１４－７", "緯度": 33.888221, "経度": 134.652536, "url": "https://www.iryou.teikyouseido.mhlw.go.jp/znk-web/juminkanja/S2430/initialize?prefCd=36&kikanCd=3365400720&kikanKbn=3", "url2": "http://www.matsumoto-dc.jp", "内容": "マツモト歯科医院【3:歯科】徳島県阿南市津乃峯町東分１１４－７" }, "geometry": { "type": "Point", "coordinates": [ 134.652536, 33.888221 ] } },
{ "type": "Feature", "properties": { "ID": 3633365400980, "正式名称": "吉田歯科医院", "機関区分": 3, "都道府県コード": 36, "市区町村コード": 204, "所在地": "徳島県阿南市津乃峯町東分６８", "緯度": 33.888996, "経度": 134.653083, "url": "https://www.iryou.teikyouseido.mhlw.go.jp/znk-web/juminkanja/S2430/initialize?prefCd=36&kikanCd=3365400980&kikanKbn=3", "url2": null, "内容": "吉田歯科医院【3:歯科】徳島県阿南市津乃峯町東分６８" }, "geometry": { "type": "Point", "coordinates": [ 134.653083, 33.888996 ] } },
{ "type": "Feature", "properties": { "ID": 3633365401020, "正式名称": "神原歯科", "機関区分": 3, "都道府県コード": 36, "市区町村コード": 204, "所在地": "徳島県阿南市富岡町トノ町８１番地１", "緯度": 33.919844, "経度": 134.657983, "url": "https://www.iryou.teikyouseido.mhlw.go.jp/znk-web/juminkanja/S2430/initialize?prefCd=36&kikanCd=3365401020&kikanKbn=3", "url2": "https://kanbara-dc.com", "内容": "神原歯科【3:歯科】徳島県阿南市富岡町トノ町８１番地１" }, "geometry": { "type": "Point", "coordinates": [ 134.657983, 33.919844 ] } },
{ "type": "Feature", "properties": { "ID": 3633365401150, "正式名称": "モリ歯科診療所", "機関区分": 3, "都道府県コード": 36, "市区町村コード": 204, "所在地": "徳島県阿南市富岡町木松６－１", "緯度": 33.918359, "経度": 134.660014, "url": "https://www.iryou.teikyouseido.mhlw.go.jp/znk-web/juminkanja/S2430/initialize?prefCd=36&kikanCd=3365401150&kikanKbn=3", "url2": null, "内容": "モリ歯科診療所【3:歯科】徳島県阿南市富岡町木松６－１" }, "geometry": { "type": "Point", "coordinates": [ 134.660014, 33.918359 ] } },
{ "type": "Feature", "properties": { "ID": 3633365401570, "正式名称": "富塚歯科医院", "機関区分": 3, "都道府県コード": 36, "市区町村コード": 204, "所在地": "徳島県阿南市羽ノ浦町中庄市２－３", "緯度": 33.958636, "経度": 134.62713, "url": "https://www.iryou.teikyouseido.mhlw.go.jp/znk-web/juminkanja/S2430/initialize?prefCd=36&kikanCd=3365401570&kikanKbn=3", "url2": null, "内容": "富塚歯科医院【3:歯科】徳島県阿南市羽ノ浦町中庄市２－３" }, "geometry": { "type": "Point", "coordinates": [ 134.62713, 33.958636 ] } },
{ "type": "Feature", "properties": { "ID": 3633365401860, "正式名称": "上田歯科医院", "機関区分": 3, "都道府県コード": 36, "市区町村コード": 204, "所在地": "徳島県阿南市羽ノ浦町宮倉太田１番地１", "緯度": 33.9639, "経度": 134.619985, "url": "https://www.iryou.teikyouseido.mhlw.go.jp/znk-web/juminkanja/S2430/initialize?prefCd=36&kikanCd=3365401860&kikanKbn=3", "url2": null, "内容": "上田歯科医院【3:歯科】徳島県阿南市羽ノ浦町宮倉太田１番地１" }, "geometry": { "type": "Point", "coordinates": [ 134.619985, 33.9639 ] } },
{ "type": "Feature", "properties": { "ID": 3633365402160, "正式名称": "岩橋歯科医院", "機関区分": 3, "都道府県コード": 36, "市区町村コード": 204, "所在地": "徳島県阿南市桑野町鳥居前９番地の５", "緯度": 33.875858, "経度": 134.61351, "url": "https://www.iryou.teikyouseido.mhlw.go.jp/znk-web/juminkanja/S2430/initialize?prefCd=36&kikanCd=3365402160&kikanKbn=3", "url2": "http://iwahashishika.web.fc2.com/", "内容": "岩橋歯科医院【3:歯科】徳島県阿南市桑野町鳥居前９番地の５" }, "geometry": { "type": "Point", "coordinates": [ 134.61351, 33.875858 ] } },
{ "type": "Feature", "properties": { "ID": 3633365402450, "正式名称": "中野歯科", "機関区分": 3, "都道府県コード": 36, "市区町村コード": 204, "所在地": "徳島県阿南市見能林町下かうや１２－６", "緯度": 33.898648, "経度": 134.666357, "url": "https://www.iryou.teikyouseido.mhlw.go.jp/znk-web/juminkanja/S2430/initialize?prefCd=36&kikanCd=3365402450&kikanKbn=3", "url2": null, "内容": "中野歯科【3:歯科】徳島県阿南市見能林町下かうや１２－６" }, "geometry": { "type": "Point", "coordinates": [ 134.666357, 33.898648 ] } },
{ "type": "Feature", "properties": { "ID": 3633365402580, "正式名称": "吉岡歯科医院", "機関区分": 3, "都道府県コード": 36, "市区町村コード": 204, "所在地": "徳島県阿南市橘町大浦２０－１", "緯度": 33.871974, "経度": 134.635681, "url": "https://www.iryou.teikyouseido.mhlw.go.jp/znk-web/juminkanja/S2430/initialize?prefCd=36&kikanCd=3365402580&kikanKbn=3", "url2": "http://www.citydo.com/sp/0884-27-3373", "内容": "吉岡歯科医院【3:歯科】徳島県阿南市橘町大浦２０－１" }, "geometry": { "type": "Point", "coordinates": [ 134.635681, 33.871974 ] } },
{ "type": "Feature", "properties": { "ID": 3633365402610, "正式名称": "岩浅歯科医院", "機関区分": 3, "都道府県コード": 36, "市区町村コード": 204, "所在地": "徳島県阿南市日開野町西居内４２６－２", "緯度": 33.918159, "経度": 134.666832, "url": "https://www.iryou.teikyouseido.mhlw.go.jp/znk-web/juminkanja/S2430/initialize?prefCd=36&kikanCd=3365402610&kikanKbn=3", "url2": "https://www.icashica.com/", "内容": "岩浅歯科医院【3:歯科】徳島県阿南市日開野町西居内４２６－２" }, "geometry": { "type": "Point", "coordinates": [ 134.666832, 33.918159 ] } },
{ "type": "Feature", "properties": { "ID": 3633365403040, "正式名称": "医療法人タナベ歯科医院", "機関区分": 3, "都道府県コード": 36, "市区町村コード": 204, "所在地": "徳島県阿南市羽ノ浦町中庄市４１－８", "緯度": 33.959026, "経度": 134.626918, "url": "https://www.iryou.teikyouseido.mhlw.go.jp/znk-web/juminkanja/S2430/initialize?prefCd=36&kikanCd=3365403040&kikanKbn=3", "url2": "tanabe8deer.com", "内容": "医療法人タナベ歯科医院【3:歯科】徳島県阿南市羽ノ浦町中庄市４１－８" }, "geometry": { "type": "Point", "coordinates": [ 134.626918, 33.959026 ] } },
{ "type": "Feature", "properties": { "ID": 3633365403200, "正式名称": "田中歯科", "機関区分": 3, "都道府県コード": 36, "市区町村コード": 204, "所在地": "徳島県阿南市宝田町川原１１８番地の１", "緯度": 33.921907, "経度": 134.648459, "url": "https://www.iryou.teikyouseido.mhlw.go.jp/znk-web/juminkanja/S2430/initialize?prefCd=36&kikanCd=3365403200&kikanKbn=3", "url2": null, "内容": "田中歯科【3:歯科】徳島県阿南市宝田町川原１１８番地の１" }, "geometry": { "type": "Point", "coordinates": [ 134.648459, 33.921907 ] } },
{ "type": "Feature", "properties": { "ID": 3633365403330, "正式名称": "村田歯科医院相生診療所", "機関区分": 3, "都道府県コード": 36, "市区町村コード": 368, "所在地": "徳島県那賀郡那賀町延野字大原２５０－１２", "緯度": 33.822066, "経度": 134.481508, "url": "https://www.iryou.teikyouseido.mhlw.go.jp/znk-web/juminkanja/S2430/initialize?prefCd=36&kikanCd=3365403330&kikanKbn=3", "url2": null, "内容": "村田歯科医院相生診療所【3:歯科】徳島県那賀郡那賀町延野字大原２５０－１２" }, "geometry": { "type": "Point", "coordinates": [ 134.481508, 33.822066 ] } },
{ "type": "Feature", "properties": { "ID": 3633365403460, "正式名称": "島田歯科医院", "機関区分": 3, "都道府県コード": 36, "市区町村コード": 204, "所在地": "徳島県阿南市那賀川町赤池１６５－６", "緯度": 33.941473, "経度": 134.665169, "url": "https://www.iryou.teikyouseido.mhlw.go.jp/znk-web/juminkanja/S2430/initialize?prefCd=36&kikanCd=3365403460&kikanKbn=3", "url2": null, "内容": "島田歯科医院【3:歯科】徳島県阿南市那賀川町赤池１６５－６" }, "geometry": { "type": "Point", "coordinates": [ 134.665169, 33.941473 ] } },
{ "type": "Feature", "properties": { "ID": 3633365403620, "正式名称": "中原歯科医院", "機関区分": 3, "都道府県コード": 36, "市区町村コード": 368, "所在地": "徳島県那賀郡那賀町和食郷字南川１７５番地の１", "緯度": 33.858013, "経度": 134.498559, "url": "https://www.iryou.teikyouseido.mhlw.go.jp/znk-web/juminkanja/S2430/initialize?prefCd=36&kikanCd=3365403620&kikanKbn=3", "url2": null, "内容": "中原歯科医院【3:歯科】徳島県那賀郡那賀町和食郷字南川１７５番地の１" }, "geometry": { "type": "Point", "coordinates": [ 134.498559, 33.858013 ] } },
{ "type": "Feature", "properties": { "ID": 3633365403910, "正式名称": "医療法人　福育会　神田歯科医院", "機関区分": 3, "都道府県コード": 36, "市区町村コード": 204, "所在地": "徳島県阿南市富岡町北通１７－１３", "緯度": 33.920504, "経度": 134.66098, "url": "https://www.iryou.teikyouseido.mhlw.go.jp/znk-web/juminkanja/S2430/initialize?prefCd=36&kikanCd=3365403910&kikanKbn=3", "url2": "http://www.kandashika.jp", "内容": "医療法人　福育会　神田歯科医院【3:歯科】徳島県阿南市富岡町北通１７－１３" }, "geometry": { "type": "Point", "coordinates": [ 134.66098, 33.920504 ] } },
{ "type": "Feature", "properties": { "ID": 3633365404180, "正式名称": "八幡歯科医院", "機関区分": 3, "都道府県コード": 36, "市区町村コード": 204, "所在地": "徳島県阿南市羽ノ浦町宮倉日開元１９番地の１８", "緯度": 33.963117, "経度": 134.620532, "url": "https://www.iryou.teikyouseido.mhlw.go.jp/znk-web/juminkanja/S2430/initialize?prefCd=36&kikanCd=3365404180&kikanKbn=3", "url2": "https://www.yahatashika.jp/", "内容": "八幡歯科医院【3:歯科】徳島県阿南市羽ノ浦町宮倉日開元１９番地の１８" }, "geometry": { "type": "Point", "coordinates": [ 134.620532, 33.963117 ] } },
{ "type": "Feature", "properties": { "ID": 3633365404210, "正式名称": "木本歯科", "機関区分": 3, "都道府県コード": 36, "市区町村コード": 204, "所在地": "徳島県阿南市福井町湊１１８－３", "緯度": 33.843375, "経度": 134.623788, "url": "https://www.iryou.teikyouseido.mhlw.go.jp/znk-web/juminkanja/S2430/initialize?prefCd=36&kikanCd=3365404210&kikanKbn=3", "url2": null, "内容": "木本歯科【3:歯科】徳島県阿南市福井町湊１１８－３" }, "geometry": { "type": "Point", "coordinates": [ 134.623788, 33.843375 ] } },
{ "type": "Feature", "properties": { "ID": 3633365404340, "正式名称": "岡本歯科", "機関区分": 3, "都道府県コード": 36, "市区町村コード": 204, "所在地": "徳島県阿南市上中町中原６０－７", "緯度": 33.930044, "経度": 134.630027, "url": "https://www.iryou.teikyouseido.mhlw.go.jp/znk-web/juminkanja/S2430/initialize?prefCd=36&kikanCd=3365404340&kikanKbn=3", "url2": "https://okamotodent.jp", "内容": "岡本歯科【3:歯科】徳島県阿南市上中町中原６０－７" }, "geometry": { "type": "Point", "coordinates": [ 134.630027, 33.930044 ] } },
{ "type": "Feature", "properties": { "ID": 3633365404470, "正式名称": "宮本歯科クリニック", "機関区分": 3, "都道府県コード": 36, "市区町村コード": 204, "所在地": "徳島県阿南市向原町天羽畭８５－３", "緯度": 33.925593, "経度": 134.680742, "url": "https://www.iryou.teikyouseido.mhlw.go.jp/znk-web/juminkanja/S2430/initialize?prefCd=36&kikanCd=3365404470&kikanKbn=3", "url2": null, "内容": "宮本歯科クリニック【3:歯科】徳島県阿南市向原町天羽畭８５－３" }, "geometry": { "type": "Point", "coordinates": [ 134.680742, 33.925593 ] } },
{ "type": "Feature", "properties": { "ID": 3633365404630, "正式名称": "わたなべ歯科医院", "機関区分": 3, "都道府県コード": 36, "市区町村コード": 204, "所在地": "徳島県阿南市那賀川町色ケ島大久保６７－１", "緯度": 33.965786, "経度": 134.655604, "url": "https://www.iryou.teikyouseido.mhlw.go.jp/znk-web/juminkanja/S2430/initialize?prefCd=36&kikanCd=3365404630&kikanKbn=3", "url2": "https://www.w-dental-clinic.com/", "内容": "わたなべ歯科医院【3:歯科】徳島県阿南市那賀川町色ケ島大久保６７－１" }, "geometry": { "type": "Point", "coordinates": [ 134.655604, 33.965786 ] } },
{ "type": "Feature", "properties": { "ID": 3633365404920, "正式名称": "ゆう歯科クリニック", "機関区分": 3, "都道府県コード": 36, "市区町村コード": 204, "所在地": "徳島県阿南市那賀川町中島９７３－５", "緯度": 33.942292, "経度": 134.67453, "url": "https://www.iryou.teikyouseido.mhlw.go.jp/znk-web/juminkanja/S2430/initialize?prefCd=36&kikanCd=3365404920&kikanKbn=3", "url2": "https://youdc-kyowa.jp/", "内容": "ゆう歯科クリニック【3:歯科】徳島県阿南市那賀川町中島９７３－５" }, "geometry": { "type": "Point", "coordinates": [ 134.67453, 33.942292 ] } },
{ "type": "Feature", "properties": { "ID": 3633365405060, "正式名称": "しもむら歯科医院", "機関区分": 3, "都道府県コード": 36, "市区町村コード": 203, "所在地": "徳島県小松島市大林町字金島５７－１２", "緯度": 33.982326, "経度": 134.61888, "url": "https://www.iryou.teikyouseido.mhlw.go.jp/znk-web/juminkanja/S2430/initialize?prefCd=36&kikanCd=3365405060&kikanKbn=3", "url2": "http://tda.or.jp/0885380353/index.html", "内容": "しもむら歯科医院【3:歯科】徳島県小松島市大林町字金島５７－１２" }, "geometry": { "type": "Point", "coordinates": [ 134.61888, 33.982326 ] } },
{ "type": "Feature", "properties": { "ID": 3633365405220, "正式名称": "たにむら歯科矯正歯科", "機関区分": 3, "都道府県コード": 36, "市区町村コード": 204, "所在地": "徳島県阿南市福村町北筋７－２", "緯度": 33.92764, "経度": 134.687726, "url": "https://www.iryou.teikyouseido.mhlw.go.jp/znk-web/juminkanja/S2430/initialize?prefCd=36&kikanCd=3365405220&kikanKbn=3", "url2": "https://tanimuradental.com/", "内容": "たにむら歯科矯正歯科【3:歯科】徳島県阿南市福村町北筋７－２" }, "geometry": { "type": "Point", "coordinates": [ 134.687726, 33.92764 ] } },
{ "type": "Feature", "properties": { "ID": 3633365405480, "正式名称": "高木歯科医院", "機関区分": 3, "都道府県コード": 36, "市区町村コード": 203, "所在地": "徳島県小松島市松島町８－２７", "緯度": 34.006979, "経度": 134.584671, "url": "https://www.iryou.teikyouseido.mhlw.go.jp/znk-web/juminkanja/S2430/initialize?prefCd=36&kikanCd=3365405480&kikanKbn=3", "url2": null, "内容": "高木歯科医院【3:歯科】徳島県小松島市松島町８－２７" }, "geometry": { "type": "Point", "coordinates": [ 134.584671, 34.006979 ] } },
{ "type": "Feature", "properties": { "ID": 3633365405640, "正式名称": "くに歯科クリニック", "機関区分": 3, "都道府県コード": 36, "市区町村コード": 204, "所在地": "徳島県阿南市日開野町谷田５１５－１２", "緯度": 33.916948, "経度": 134.67467, "url": "https://www.iryou.teikyouseido.mhlw.go.jp/znk-web/juminkanja/S2430/initialize?prefCd=36&kikanCd=3365405640&kikanKbn=3", "url2": "https://www.kuni-dental.jp", "内容": "くに歯科クリニック【3:歯科】徳島県阿南市日開野町谷田５１５－１２" }, "geometry": { "type": "Point", "coordinates": [ 134.67467, 33.916948 ] } },
{ "type": "Feature", "properties": { "ID": 3633365405770, "正式名称": "浜口歯科医院", "機関区分": 3, "都道府県コード": 36, "市区町村コード": 204, "所在地": "徳島県阿南市才見町三本松４６番地の１", "緯度": 33.915176, "経度": 134.668522, "url": "https://www.iryou.teikyouseido.mhlw.go.jp/znk-web/juminkanja/S2430/initialize?prefCd=36&kikanCd=3365405770&kikanKbn=3", "url2": "http://hamaguchidc.jp/", "内容": "浜口歯科医院【3:歯科】徳島県阿南市才見町三本松４６番地の１" }, "geometry": { "type": "Point", "coordinates": [ 134.668522, 33.915176 ] } },
{ "type": "Feature", "properties": { "ID": 363336540580, "正式名称": "森歯科医院", "機関区分": 3, "都道府県コード": 36, "市区町村コード": 204, "所在地": "徳島県阿南市学原町大深田２７番地の２０", "緯度": 33.915791, "経度": 134.66688, "url": "https://www.iryou.teikyouseido.mhlw.go.jp/znk-web/juminkanja/S2430/initialize?prefCd=36&kikanCd=336540580&kikanKbn=3", "url2": "http://www.mori-dent.jp/", "内容": "森歯科医院【3:歯科】徳島県阿南市学原町大深田２７番地の２０" }, "geometry": { "type": "Point", "coordinates": [ 134.66688, 33.915791 ] } },
{ "type": "Feature", "properties": { "ID": 363336540593, "正式名称": "あずま歯科クリニック", "機関区分": 3, "都道府県コード": 36, "市区町村コード": 204, "所在地": "徳島県阿南市羽ノ浦町岩脇紫衣池９８－５", "緯度": 33.948113, "経度": 134.625843, "url": "https://www.iryou.teikyouseido.mhlw.go.jp/znk-web/juminkanja/S2430/initialize?prefCd=36&kikanCd=336540593&kikanKbn=3", "url2": null, "内容": "あずま歯科クリニック【3:歯科】徳島県阿南市羽ノ浦町岩脇紫衣池９８－５" }, "geometry": { "type": "Point", "coordinates": [ 134.625843, 33.948113 ] } },
{ "type": "Feature", "properties": { "ID": 3633365406070, "正式名称": "杉本歯科医院", "機関区分": 3, "都道府県コード": 36, "市区町村コード": 204, "所在地": "徳島県阿南市領家町野神３２７－１", "緯度": 33.925824, "経度": 134.671397, "url": "https://www.iryou.teikyouseido.mhlw.go.jp/znk-web/juminkanja/S2430/initialize?prefCd=36&kikanCd=3365406070&kikanKbn=3", "url2": null, "内容": "杉本歯科医院【3:歯科】徳島県阿南市領家町野神３２７－１" }, "geometry": { "type": "Point", "coordinates": [ 134.671397, 33.925824 ] } },
{ "type": "Feature", "properties": { "ID": 3633365406100, "正式名称": "くろさわ歯科", "機関区分": 3, "都道府県コード": 36, "市区町村コード": 204, "所在地": "徳島県阿南市那賀川町工地６３９", "緯度": 33.945661, "経度": 134.671718, "url": "https://www.iryou.teikyouseido.mhlw.go.jp/znk-web/juminkanja/S2430/initialize?prefCd=36&kikanCd=3365406100&kikanKbn=3", "url2": null, "内容": "くろさわ歯科【3:歯科】徳島県阿南市那賀川町工地６３９" }, "geometry": { "type": "Point", "coordinates": [ 134.671718, 33.945661 ] } },
{ "type": "Feature", "properties": { "ID": 3633365406490, "正式名称": "なかがわ歯科", "機関区分": 3, "都道府県コード": 36, "市区町村コード": 204, "所在地": "徳島県阿南市下大野町五反畑１２２", "緯度": 33.931223, "経度": 134.611364, "url": "https://www.iryou.teikyouseido.mhlw.go.jp/znk-web/juminkanja/S2430/initialize?prefCd=36&kikanCd=3365406490&kikanKbn=3", "url2": null, "内容": "なかがわ歯科【3:歯科】徳島県阿南市下大野町五反畑１２２" }, "geometry": { "type": "Point", "coordinates": [ 134.611364, 33.931223 ] } },
{ "type": "Feature", "properties": { "ID": 3633365406520, "正式名称": "ｆ歯科あらたの", "機関区分": 3, "都道府県コード": 36, "市区町村コード": 204, "所在地": "徳島県阿南市新野町是国７４－２", "緯度": 33.846651, "経度": 134.602765, "url": "https://www.iryou.teikyouseido.mhlw.go.jp/znk-web/juminkanja/S2430/initialize?prefCd=36&kikanCd=3365406520&kikanKbn=3", "url2": null, "内容": "ｆ歯科あらたの【3:歯科】徳島県阿南市新野町是国７４－２" }, "geometry": { "type": "Point", "coordinates": [ 134.602765, 33.846651 ] } },
{ "type": "Feature", "properties": { "ID": 3633365500200, "正式名称": "勝瀬歯科医院", "機関区分": 3, "都道府県コード": 36, "市区町村コード": 387, "所在地": "徳島県海部郡美波町奥河内字本村１０２", "緯度": 33.733611, "経度": 134.535801, "url": "https://www.iryou.teikyouseido.mhlw.go.jp/znk-web/juminkanja/S2430/initialize?prefCd=36&kikanCd=3365500200&kikanKbn=3", "url2": null, "内容": "勝瀬歯科医院【3:歯科】徳島県海部郡美波町奥河内字本村１０２" }, "geometry": { "type": "Point", "coordinates": [ 134.535801, 33.733611 ] } },
{ "type": "Feature", "properties": { "ID": 3633365500460, "正式名称": "中西歯科医院", "機関区分": 3, "都道府県コード": 36, "市区町村コード": 383, "所在地": "徳島県海部郡牟岐町大字中村字本村５４－１７", "緯度": 33.669861, "経度": 134.419358, "url": "https://www.iryou.teikyouseido.mhlw.go.jp/znk-web/juminkanja/S2430/initialize?prefCd=36&kikanCd=3365500460&kikanKbn=3", "url2": null, "内容": "中西歯科医院【3:歯科】徳島県海部郡牟岐町大字中村字本村５４－１７" }, "geometry": { "type": "Point", "coordinates": [ 134.419358, 33.669861 ] } },
{ "type": "Feature", "properties": { "ID": 3633365500620, "正式名称": "やまいし歯科医院", "機関区分": 3, "都道府県コード": 36, "市区町村コード": 388, "所在地": "徳島県海部郡海陽町奥浦字一宇谷１－１５", "緯度": 33.593066, "経度": 134.352461, "url": "https://www.iryou.teikyouseido.mhlw.go.jp/znk-web/juminkanja/S2430/initialize?prefCd=36&kikanCd=3365500620&kikanKbn=3", "url2": "https://yamaishi-dc.com/", "内容": "やまいし歯科医院【3:歯科】徳島県海部郡海陽町奥浦字一宇谷１－１５" }, "geometry": { "type": "Point", "coordinates": [ 134.352461, 33.593066 ] } },
{ "type": "Feature", "properties": { "ID": 3633365500750, "正式名称": "近藤歯科医院", "機関区分": 3, "都道府県コード": 36, "市区町村コード": 383, "所在地": "徳島県海部郡牟岐町大字中村字本村１１４－５", "緯度": 33.672479, "経度": 134.419549, "url": "https://www.iryou.teikyouseido.mhlw.go.jp/znk-web/juminkanja/S2430/initialize?prefCd=36&kikanCd=3365500750&kikanKbn=3", "url2": null, "内容": "近藤歯科医院【3:歯科】徳島県海部郡牟岐町大字中村字本村１１４－５" }, "geometry": { "type": "Point", "coordinates": [ 134.419549, 33.672479 ] } },
{ "type": "Feature", "properties": { "ID": 3633365500880, "正式名称": "野口歯科医院", "機関区分": 3, "都道府県コード": 36, "市区町村コード": 387, "所在地": "徳島県海部郡美波町奥河内字寺前２１７－３", "緯度": 33.731166, "経度": 134.52961, "url": "https://www.iryou.teikyouseido.mhlw.go.jp/znk-web/juminkanja/S2430/initialize?prefCd=36&kikanCd=3365500880&kikanKbn=3", "url2": null, "内容": "野口歯科医院【3:歯科】徳島県海部郡美波町奥河内字寺前２１７－３" }, "geometry": { "type": "Point", "coordinates": [ 134.52961, 33.731166 ] } },
{ "type": "Feature", "properties": { "ID": 3633365501050, "正式名称": "ヒロタ歯科医院", "機関区分": 3, "都道府県コード": 36, "市区町村コード": 388, "所在地": "徳島県海部郡海陽町四方原字町西４８－１", "緯度": 33.606488, "経度": 134.351726, "url": "https://www.iryou.teikyouseido.mhlw.go.jp/znk-web/juminkanja/S2430/initialize?prefCd=36&kikanCd=3365501050&kikanKbn=3", "url2": null, "内容": "ヒロタ歯科医院【3:歯科】徳島県海部郡海陽町四方原字町西４８－１" }, "geometry": { "type": "Point", "coordinates": [ 134.351726, 33.606488 ] } },
{ "type": "Feature", "properties": { "ID": 3633365501180, "正式名称": "井出歯科医院", "機関区分": 3, "都道府県コード": 36, "市区町村コード": 387, "所在地": "徳島県海部郡美波町西由岐字東１０の２", "緯度": 33.772842, "経度": 134.590523, "url": "https://www.iryou.teikyouseido.mhlw.go.jp/znk-web/juminkanja/S2430/initialize?prefCd=36&kikanCd=3365501180&kikanKbn=3", "url2": null, "内容": "井出歯科医院【3:歯科】徳島県海部郡美波町西由岐字東１０の２" }, "geometry": { "type": "Point", "coordinates": [ 134.590523, 33.772842 ] } },
{ "type": "Feature", "properties": { "ID": 3633365501210, "正式名称": "前川歯科医院", "機関区分": 3, "都道府県コード": 36, "市区町村コード": 388, "所在地": "徳島県海部郡海陽町久保字松本１１９番地４", "緯度": 33.568924, "経度": 134.299128, "url": "https://www.iryou.teikyouseido.mhlw.go.jp/znk-web/juminkanja/S2430/initialize?prefCd=36&kikanCd=3365501210&kikanKbn=3", "url2": null, "内容": "前川歯科医院【3:歯科】徳島県海部郡海陽町久保字松本１１９番地４" }, "geometry": { "type": "Point", "coordinates": [ 134.299128, 33.568924 ] } },
{ "type": "Feature", "properties": { "ID": 3633365501340, "正式名称": "ほり歯科医院", "機関区分": 3, "都道府県コード": 36, "市区町村コード": 383, "所在地": "徳島県海部郡牟岐町大字川長字天神前７６", "緯度": 33.671077, "経度": 134.421415, "url": "https://www.iryou.teikyouseido.mhlw.go.jp/znk-web/juminkanja/S2430/initialize?prefCd=36&kikanCd=3365501340&kikanKbn=3", "url2": null, "内容": "ほり歯科医院【3:歯科】徳島県海部郡牟岐町大字川長字天神前７６" }, "geometry": { "type": "Point", "coordinates": [ 134.421415, 33.671077 ] } },
{ "type": "Feature", "properties": { "ID": 3633365501470, "正式名称": "シシクイデンタルクリニック", "機関区分": 3, "都道府県コード": 36, "市区町村コード": 388, "所在地": "徳島県海部郡海陽町久保字板取６２番地１４", "緯度": 33.569907, "経度": 134.30446, "url": "https://www.iryou.teikyouseido.mhlw.go.jp/znk-web/juminkanja/S2430/initialize?prefCd=36&kikanCd=3365501470&kikanKbn=3", "url2": null, "内容": "シシクイデンタルクリニック【3:歯科】徳島県海部郡海陽町久保字板取６２番地１４" }, "geometry": { "type": "Point", "coordinates": [ 134.30446, 33.569907 ] } },
{ "type": "Feature", "properties": { "ID": 3633365501630, "正式名称": "Ｋ‘ｓデンタルクリニック", "機関区分": 3, "都道府県コード": 36, "市区町村コード": 388, "所在地": "徳島県海部郡海陽町大里字松ノ本１６－１３", "緯度": 33.599175, "経度": 134.355368, "url": "https://www.iryou.teikyouseido.mhlw.go.jp/znk-web/juminkanja/S2430/initialize?prefCd=36&kikanCd=3365501630&kikanKbn=3", "url2": "http://www.ks-dent.jp/", "内容": "Ｋ‘ｓデンタルクリニック【3:歯科】徳島県海部郡海陽町大里字松ノ本１６－１３" }, "geometry": { "type": "Point", "coordinates": [ 134.355368, 33.599175 ] } },
{ "type": "Feature", "properties": { "ID": 3633365700390, "正式名称": "納田歯科医院", "機関区分": 3, "都道府県コード": 36, "市区町村コード": 405, "所在地": "徳島県板野郡上板町瀬部７６番地１", "緯度": 34.106408, "経度": 134.40558, "url": "https://www.iryou.teikyouseido.mhlw.go.jp/znk-web/juminkanja/S2430/initialize?prefCd=36&kikanCd=3365700390&kikanKbn=3", "url2": null, "内容": "納田歯科医院【3:歯科】徳島県板野郡上板町瀬部７６番地１" }, "geometry": { "type": "Point", "coordinates": [ 134.40558, 34.106408 ] } },
{ "type": "Feature", "properties": { "ID": 3633365700420, "正式名称": "福島歯科医院", "機関区分": 3, "都道府県コード": 36, "市区町村コード": 206, "所在地": "徳島県阿波市吉野町西条字中小路１５", "緯度": 34.099376, "経度": 134.379294, "url": "https://www.iryou.teikyouseido.mhlw.go.jp/znk-web/juminkanja/S2430/initialize?prefCd=36&kikanCd=3365700420&kikanKbn=3", "url2": null, "内容": "福島歯科医院【3:歯科】徳島県阿波市吉野町西条字中小路１５" }, "geometry": { "type": "Point", "coordinates": [ 134.379294, 34.099376 ] } },
{ "type": "Feature", "properties": { "ID": 3633365700680, "正式名称": "中西歯科医院", "機関区分": 3, "都道府県コード": 36, "市区町村コード": 206, "所在地": "徳島県阿波市吉野町柿原字植松８１－７", "緯度": 34.097191, "経度": 134.36024, "url": "https://www.iryou.teikyouseido.mhlw.go.jp/znk-web/juminkanja/S2430/initialize?prefCd=36&kikanCd=3365700680&kikanKbn=3", "url2": "https://nakanishidentalclinic.localinfo.jp/", "内容": "中西歯科医院【3:歯科】徳島県阿波市吉野町柿原字植松８１－７" }, "geometry": { "type": "Point", "coordinates": [ 134.36024, 34.097191 ] } },
{ "type": "Feature", "properties": { "ID": 3633365700710, "正式名称": "大塚歯科医院", "機関区分": 3, "都道府県コード": 36, "市区町村コード": 206, "所在地": "徳島県阿波市土成町水田字久保田７番地", "緯度": 34.096471, "経度": 134.32301, "url": "https://www.iryou.teikyouseido.mhlw.go.jp/znk-web/juminkanja/S2430/initialize?prefCd=36&kikanCd=3365700710&kikanKbn=3", "url2": null, "内容": "大塚歯科医院【3:歯科】徳島県阿波市土成町水田字久保田７番地" }, "geometry": { "type": "Point", "coordinates": [ 134.32301, 34.096471 ] } },
{ "type": "Feature", "properties": { "ID": 3633365701430, "正式名称": "近藤歯科医院", "機関区分": 3, "都道府県コード": 36, "市区町村コード": 205, "所在地": "徳島県吉野川市鴨島町鴨島４４４－１１", "緯度": 34.072355, "経度": 134.35811, "url": "https://www.iryou.teikyouseido.mhlw.go.jp/znk-web/juminkanja/S2430/initialize?prefCd=36&kikanCd=3365701430&kikanKbn=3", "url2": null, "内容": "近藤歯科医院【3:歯科】徳島県吉野川市鴨島町鴨島４４４－１１" }, "geometry": { "type": "Point", "coordinates": [ 134.35811, 34.072355 ] } },
{ "type": "Feature", "properties": { "ID": 3633365701560, "正式名称": "飛梅歯科医院", "機関区分": 3, "都道府県コード": 36, "市区町村コード": 205, "所在地": "徳島県吉野川市鴨島町鴨島５２６－１０", "緯度": 34.07244, "経度": 134.355213, "url": "https://www.iryou.teikyouseido.mhlw.go.jp/znk-web/juminkanja/S2430/initialize?prefCd=36&kikanCd=3365701560&kikanKbn=3", "url2": "http://tda.or.jp/0883240517/", "内容": "飛梅歯科医院【3:歯科】徳島県吉野川市鴨島町鴨島５２６－１０" }, "geometry": { "type": "Point", "coordinates": [ 134.355213, 34.07244 ] } },
{ "type": "Feature", "properties": { "ID": 3633365701690, "正式名称": "和田歯科クリニック", "機関区分": 3, "都道府県コード": 36, "市区町村コード": 205, "所在地": "徳島県吉野川市鴨島町鴨島３４６", "緯度": 34.071493, "経度": 134.3544, "url": "https://www.iryou.teikyouseido.mhlw.go.jp/znk-web/juminkanja/S2430/initialize?prefCd=36&kikanCd=3365701690&kikanKbn=3", "url2": null, "内容": "和田歯科クリニック【3:歯科】徳島県吉野川市鴨島町鴨島３４６" }, "geometry": { "type": "Point", "coordinates": [ 134.3544, 34.071493 ] } },
{ "type": "Feature", "properties": { "ID": 3633365702730, "正式名称": "近藤歯科医院", "機関区分": 3, "都道府県コード": 36, "市区町村コード": 205, "所在地": "徳島県吉野川市山川町堤外１２－１", "緯度": 34.06041, "経度": 134.252286, "url": "https://www.iryou.teikyouseido.mhlw.go.jp/znk-web/juminkanja/S2430/initialize?prefCd=36&kikanCd=3365702730&kikanKbn=3", "url2": "http://kondou-dentist.com", "内容": "近藤歯科医院【3:歯科】徳島県吉野川市山川町堤外１２－１" }, "geometry": { "type": "Point", "coordinates": [ 134.252286, 34.06041 ] } },
{ "type": "Feature", "properties": { "ID": 3633365702860, "正式名称": "井上歯科医院", "機関区分": 3, "都道府県コード": 36, "市区町村コード": 205, "所在地": "徳島県吉野川市鴨島町中島４９５－５", "緯度": 34.070045, "経度": 134.360132, "url": "https://www.iryou.teikyouseido.mhlw.go.jp/znk-web/juminkanja/S2430/initialize?prefCd=36&kikanCd=3365702860&kikanKbn=3", "url2": "http://www.inoue-shikaiin.jp/pc/", "内容": "井上歯科医院【3:歯科】徳島県吉野川市鴨島町中島４９５－５" }, "geometry": { "type": "Point", "coordinates": [ 134.360132, 34.070045 ] } },
{ "type": "Feature", "properties": { "ID": 3633365702990, "正式名称": "大塚歯科医院", "機関区分": 3, "都道府県コード": 36, "市区町村コード": 206, "所在地": "徳島県阿波市阿波町南整理７６－４", "緯度": 34.073551, "経度": 134.202912, "url": "https://www.iryou.teikyouseido.mhlw.go.jp/znk-web/juminkanja/S2430/initialize?prefCd=36&kikanCd=3365702990&kikanKbn=3", "url2": null, "内容": "大塚歯科医院【3:歯科】徳島県阿波市阿波町南整理７６－４" }, "geometry": { "type": "Point", "coordinates": [ 134.202912, 34.073551 ] } },
{ "type": "Feature", "properties": { "ID": 3633365703030, "正式名称": "石田歯科医院", "機関区分": 3, "都道府県コード": 36, "市区町村コード": 205, "所在地": "徳島県吉野川市鴨島町内原２２５", "緯度": 34.070374, "経度": 134.368351, "url": "https://www.iryou.teikyouseido.mhlw.go.jp/znk-web/juminkanja/S2430/initialize?prefCd=36&kikanCd=3365703030&kikanKbn=3", "url2": null, "内容": "石田歯科医院【3:歯科】徳島県吉野川市鴨島町内原２２５" }, "geometry": { "type": "Point", "coordinates": [ 134.368351, 34.070374 ] } },
{ "type": "Feature", "properties": { "ID": 3633365703290, "正式名称": "阿部歯科医院", "機関区分": 3, "都道府県コード": 36, "市区町村コード": 206, "所在地": "徳島県阿波市土成町土成字南原２８３－１", "緯度": 34.100922, "経度": 134.340466, "url": "https://www.iryou.teikyouseido.mhlw.go.jp/znk-web/juminkanja/S2430/initialize?prefCd=36&kikanCd=3365703290&kikanKbn=3", "url2": "https://www.abeshika-tokushima.com", "内容": "阿部歯科医院【3:歯科】徳島県阿波市土成町土成字南原２８３－１" }, "geometry": { "type": "Point", "coordinates": [ 134.340466, 34.100922 ] } },
{ "type": "Feature", "properties": { "ID": 3633365703320, "正式名称": "医療法人瀬尾歯科医院", "機関区分": 3, "都道府県コード": 36, "市区町村コード": 205, "所在地": "徳島県吉野川市鴨島町上下島７８－１", "緯度": 34.067096, "経度": 134.35517, "url": "https://www.iryou.teikyouseido.mhlw.go.jp/znk-web/juminkanja/S2430/initialize?prefCd=36&kikanCd=3365703320&kikanKbn=3", "url2": "https://seoshika.sakura.ne.jp/seoshika/", "内容": "医療法人瀬尾歯科医院【3:歯科】徳島県吉野川市鴨島町上下島７８－１" }, "geometry": { "type": "Point", "coordinates": [ 134.35517, 34.067096 ] } },
{ "type": "Feature", "properties": { "ID": 3633365703610, "正式名称": "多田歯科医院", "機関区分": 3, "都道府県コード": 36, "市区町村コード": 205, "所在地": "徳島県吉野川市鴨島町上下島３００－２", "緯度": 34.066176, "経度": 134.352308, "url": "https://www.iryou.teikyouseido.mhlw.go.jp/znk-web/juminkanja/S2430/initialize?prefCd=36&kikanCd=3365703610&kikanKbn=3", "url2": "https://tada-dc.info/", "内容": "多田歯科医院【3:歯科】徳島県吉野川市鴨島町上下島３００－２" }, "geometry": { "type": "Point", "coordinates": [ 134.352308, 34.066176 ] } },
{ "type": "Feature", "properties": { "ID": 3633365703740, "正式名称": "杉山歯科医院", "機関区分": 3, "都道府県コード": 36, "市区町村コード": 205, "所在地": "徳島県吉野川市川島町川島２５８－１", "緯度": 34.064712, "経度": 134.319491, "url": "https://www.iryou.teikyouseido.mhlw.go.jp/znk-web/juminkanja/S2430/initialize?prefCd=36&kikanCd=3365703740&kikanKbn=3", "url2": null, "内容": "杉山歯科医院【3:歯科】徳島県吉野川市川島町川島２５８－１" }, "geometry": { "type": "Point", "coordinates": [ 134.319491, 34.064712 ] } },
{ "type": "Feature", "properties": { "ID": 3633365703870, "正式名称": "根東歯科医院", "機関区分": 3, "都道府県コード": 36, "市区町村コード": 206, "所在地": "徳島県阿波市阿波町勝命２３０ー７", "緯度": 34.081904, "経度": 134.268052, "url": "https://www.iryou.teikyouseido.mhlw.go.jp/znk-web/juminkanja/S2430/initialize?prefCd=36&kikanCd=3365703870&kikanKbn=3", "url2": null, "内容": "根東歯科医院【3:歯科】徳島県阿波市阿波町勝命２３０ー７" }, "geometry": { "type": "Point", "coordinates": [ 134.268052, 34.081904 ] } },
{ "type": "Feature", "properties": { "ID": 3633365704040, "正式名称": "松本歯科クリニック", "機関区分": 3, "都道府県コード": 36, "市区町村コード": 205, "所在地": "徳島県吉野川市山川町前川２１３－５８", "緯度": 34.056837, "経度": 134.23777, "url": "https://www.iryou.teikyouseido.mhlw.go.jp/znk-web/juminkanja/S2430/initialize?prefCd=36&kikanCd=3365704040&kikanKbn=3", "url2": null, "内容": "松本歯科クリニック【3:歯科】徳島県吉野川市山川町前川２１３－５８" }, "geometry": { "type": "Point", "coordinates": [ 134.23777, 34.056837 ] } },
{ "type": "Feature", "properties": { "ID": 3633365704170, "正式名称": "稲井歯科医院", "機関区分": 3, "都道府県コード": 36, "市区町村コード": 206, "所在地": "徳島県阿波市市場町香美字秋葉本８６－１１", "緯度": 34.084705, "経度": 134.283177, "url": "https://www.iryou.teikyouseido.mhlw.go.jp/znk-web/juminkanja/S2430/initialize?prefCd=36&kikanCd=3365704170&kikanKbn=3", "url2": null, "内容": "稲井歯科医院【3:歯科】徳島県阿波市市場町香美字秋葉本８６－１１" }, "geometry": { "type": "Point", "coordinates": [ 134.283177, 34.084705 ] } },
{ "type": "Feature", "properties": { "ID": 3633365704200, "正式名称": "前坂歯科医院", "機関区分": 3, "都道府県コード": 36, "市区町村コード": 205, "所在地": "徳島県吉野川市川島町桑村２３６９－７", "緯度": 34.06049, "経度": 134.309771, "url": "https://www.iryou.teikyouseido.mhlw.go.jp/znk-web/juminkanja/S2430/initialize?prefCd=36&kikanCd=3365704200&kikanKbn=3", "url2": "http://www.tda.or.jp/0883254888", "内容": "前坂歯科医院【3:歯科】徳島県吉野川市川島町桑村２３６９－７" }, "geometry": { "type": "Point", "coordinates": [ 134.309771, 34.06049 ] } },
{ "type": "Feature", "properties": { "ID": 3633365704330, "正式名称": "川井歯科", "機関区分": 3, "都道府県コード": 36, "市区町村コード": 205, "所在地": "徳島県吉野川市鴨島町鴨島１５６ー３", "緯度": 34.068223, "経度": 134.358845, "url": "https://www.iryou.teikyouseido.mhlw.go.jp/znk-web/juminkanja/S2430/initialize?prefCd=36&kikanCd=3365704330&kikanKbn=3", "url2": null, "内容": "川井歯科【3:歯科】徳島県吉野川市鴨島町鴨島１５６ー３" }, "geometry": { "type": "Point", "coordinates": [ 134.358845, 34.068223 ] } },
{ "type": "Feature", "properties": { "ID": 3633365704460, "正式名称": "さとう歯科医院", "機関区分": 3, "都道府県コード": 36, "市区町村コード": 205, "所在地": "徳島県吉野川市鴨島町麻植塚３８１－６", "緯度": 34.069476, "経度": 134.372578, "url": "https://www.iryou.teikyouseido.mhlw.go.jp/znk-web/juminkanja/S2430/initialize?prefCd=36&kikanCd=3365704460&kikanKbn=3", "url2": "https://www.sato-dc.jp/", "内容": "さとう歯科医院【3:歯科】徳島県吉野川市鴨島町麻植塚３８１－６" }, "geometry": { "type": "Point", "coordinates": [ 134.372578, 34.069476 ] } },
{ "type": "Feature", "properties": { "ID": 3633365704590, "正式名称": "谷本歯科医院", "機関区分": 3, "都道府県コード": 36, "市区町村コード": 205, "所在地": "徳島県吉野川市山川町翁喜台１６９－１１", "緯度": 34.054255, "経度": 134.23107, "url": "https://www.iryou.teikyouseido.mhlw.go.jp/znk-web/juminkanja/S2430/initialize?prefCd=36&kikanCd=3365704590&kikanKbn=3", "url2": "http://tanimoto-shika.com", "内容": "谷本歯科医院【3:歯科】徳島県吉野川市山川町翁喜台１６９－１１" }, "geometry": { "type": "Point", "coordinates": [ 134.23107, 34.054255 ] } },
{ "type": "Feature", "properties": { "ID": 3633365704620, "正式名称": "安田歯科", "機関区分": 3, "都道府県コード": 36, "市区町村コード": 206, "所在地": "徳島県阿波市阿波町大原９３番地の１", "緯度": 34.0787, "経度": 134.24756, "url": "https://www.iryou.teikyouseido.mhlw.go.jp/znk-web/juminkanja/S2430/initialize?prefCd=36&kikanCd=3365704620&kikanKbn=3", "url2": "http://www.tk2.nmt.ne.jp/~yasudadent", "内容": "安田歯科【3:歯科】徳島県阿波市阿波町大原９３番地の１" }, "geometry": { "type": "Point", "coordinates": [ 134.24756, 34.0787 ] } },
{ "type": "Feature", "properties": { "ID": 3633365704750, "正式名称": "モロタニ歯科", "機関区分": 3, "都道府県コード": 36, "市区町村コード": 205, "所在地": "徳島県吉野川市鴨島町牛島８５２－６", "緯度": 34.071822, "経度": 134.385023, "url": "https://www.iryou.teikyouseido.mhlw.go.jp/znk-web/juminkanja/S2430/initialize?prefCd=36&kikanCd=3365704750&kikanKbn=3", "url2": null, "内容": "モロタニ歯科【3:歯科】徳島県吉野川市鴨島町牛島８５２－６" }, "geometry": { "type": "Point", "coordinates": [ 134.385023, 34.071822 ] } },
{ "type": "Feature", "properties": { "ID": 3633365704910, "正式名称": "じゅん歯科医院", "機関区分": 3, "都道府県コード": 36, "市区町村コード": 206, "所在地": "徳島県阿波市土成町吉田字原田市の一６１－４", "緯度": 34.104871, "経度": 134.354215, "url": "https://www.iryou.teikyouseido.mhlw.go.jp/znk-web/juminkanja/S2430/initialize?prefCd=36&kikanCd=3365704910&kikanKbn=3", "url2": null, "内容": "じゅん歯科医院【3:歯科】徳島県阿波市土成町吉田字原田市の一６１－４" }, "geometry": { "type": "Point", "coordinates": [ 134.354215, 34.104871 ] } },
{ "type": "Feature", "properties": { "ID": 3633365705180, "正式名称": "十川歯科クリニック", "機関区分": 3, "都道府県コード": 36, "市区町村コード": 206, "所在地": "徳島県阿波市阿波町居屋敷１２２ー１", "緯度": 34.076221, "経度": 134.218624, "url": "https://www.iryou.teikyouseido.mhlw.go.jp/znk-web/juminkanja/S2430/initialize?prefCd=36&kikanCd=3365705180&kikanKbn=3", "url2": null, "内容": "十川歯科クリニック【3:歯科】徳島県阿波市阿波町居屋敷１２２ー１" }, "geometry": { "type": "Point", "coordinates": [ 134.218624, 34.076221 ] } },
{ "type": "Feature", "properties": { "ID": 3633365705210, "正式名称": "山本歯科医院", "機関区分": 3, "都道府県コード": 36, "市区町村コード": 205, "所在地": "徳島県吉野川市山川町天神１５－２", "緯度": 34.063837, "経度": 134.269396, "url": "https://www.iryou.teikyouseido.mhlw.go.jp/znk-web/juminkanja/S2430/initialize?prefCd=36&kikanCd=3365705210&kikanKbn=3", "url2": null, "内容": "山本歯科医院【3:歯科】徳島県吉野川市山川町天神１５－２" }, "geometry": { "type": "Point", "coordinates": [ 134.269396, 34.063837 ] } },
{ "type": "Feature", "properties": { "ID": 3633365705340, "正式名称": "あだち歯科医院", "機関区分": 3, "都道府県コード": 36, "市区町村コード": 405, "所在地": "徳島県板野郡上板町鍛治屋原字妙楽寺２７－３", "緯度": 34.118928, "経度": 134.399207, "url": "https://www.iryou.teikyouseido.mhlw.go.jp/znk-web/juminkanja/S2430/initialize?prefCd=36&kikanCd=3365705340&kikanKbn=3", "url2": null, "内容": "あだち歯科医院【3:歯科】徳島県板野郡上板町鍛治屋原字妙楽寺２７－３" }, "geometry": { "type": "Point", "coordinates": [ 134.399207, 34.118928 ] } },
{ "type": "Feature", "properties": { "ID": 3633365705500, "正式名称": "岩脇歯科医院", "機関区分": 3, "都道府県コード": 36, "市区町村コード": 206, "所在地": "徳島県阿波市市場町大野島字野神８８番地の１", "緯度": 34.094232, "経度": 134.311831, "url": "https://www.iryou.teikyouseido.mhlw.go.jp/znk-web/juminkanja/S2430/initialize?prefCd=36&kikanCd=3365705500&kikanKbn=3", "url2": "http://www.geocities.jp/iwawakidental/", "内容": "岩脇歯科医院【3:歯科】徳島県阿波市市場町大野島字野神８８番地の１" }, "geometry": { "type": "Point", "coordinates": [ 134.311831, 34.094232 ] } },
{ "type": "Feature", "properties": { "ID": 3633365705630, "正式名称": "六歯科医院", "機関区分": 3, "都道府県コード": 36, "市区町村コード": 405, "所在地": "徳島県板野郡上板町椎本字中ノ内３番地", "緯度": 34.114403, "経度": 134.437117, "url": "https://www.iryou.teikyouseido.mhlw.go.jp/znk-web/juminkanja/S2430/initialize?prefCd=36&kikanCd=3365705630&kikanKbn=3", "url2": null, "内容": "六歯科医院【3:歯科】徳島県板野郡上板町椎本字中ノ内３番地" }, "geometry": { "type": "Point", "coordinates": [ 134.437117, 34.114403 ] } },
{ "type": "Feature", "properties": { "ID": 3633365705760, "正式名称": "新藤歯科", "機関区分": 3, "都道府県コード": 36, "市区町村コード": 206, "所在地": "徳島県阿波市市場町上喜来字大門８８６－１", "緯度": 34.104196, "経度": 134.27193, "url": "https://www.iryou.teikyouseido.mhlw.go.jp/znk-web/juminkanja/S2430/initialize?prefCd=36&kikanCd=3365705760&kikanKbn=3", "url2": "http://www.tda.or.jp/0883363637/", "内容": "新藤歯科【3:歯科】徳島県阿波市市場町上喜来字大門８８６－１" }, "geometry": { "type": "Point", "coordinates": [ 134.27193, 34.104196 ] } },
{ "type": "Feature", "properties": { "ID": 3633365705890, "正式名称": "岡本歯科", "機関区分": 3, "都道府県コード": 36, "市区町村コード": 205, "所在地": "徳島県吉野川市鴨島町西麻植字新田５－１２", "緯度": 34.06649, "経度": 134.328246, "url": "https://www.iryou.teikyouseido.mhlw.go.jp/znk-web/juminkanja/S2430/initialize?prefCd=36&kikanCd=3365705890&kikanKbn=3", "url2": "http://www.citydo.com/prf/tokushima/guide/sg/810001175.html", "内容": "岡本歯科【3:歯科】徳島県吉野川市鴨島町西麻植字新田５－１２" }, "geometry": { "type": "Point", "coordinates": [ 134.328246, 34.06649 ] } },
{ "type": "Feature", "properties": { "ID": 3633365705920, "正式名称": "こんどう歯科クリニック", "機関区分": 3, "都道府県コード": 36, "市区町村コード": 206, "所在地": "徳島県阿波市市場町香美字西野神１０－１", "緯度": 34.082184, "経度": 134.281179, "url": "https://www.iryou.teikyouseido.mhlw.go.jp/znk-web/juminkanja/S2430/initialize?prefCd=36&kikanCd=3365705920&kikanKbn=3", "url2": null, "内容": "こんどう歯科クリニック【3:歯科】徳島県阿波市市場町香美字西野神１０－１" }, "geometry": { "type": "Point", "coordinates": [ 134.281179, 34.082184 ] } },
{ "type": "Feature", "properties": { "ID": 3633365706190, "正式名称": "スマイル歯科", "機関区分": 3, "都道府県コード": 36, "市区町村コード": 206, "所在地": "徳島県阿波市土成町土成字寒方７６－２", "緯度": 34.103054, "経度": 134.345037, "url": "https://www.iryou.teikyouseido.mhlw.go.jp/znk-web/juminkanja/S2430/initialize?prefCd=36&kikanCd=3365706190&kikanKbn=3", "url2": null, "内容": "スマイル歯科【3:歯科】徳島県阿波市土成町土成字寒方７６－２" }, "geometry": { "type": "Point", "coordinates": [ 134.345037, 34.103054 ] } },
{ "type": "Feature", "properties": { "ID": 3633365706220, "正式名称": "歯列矯正センター", "機関区分": 3, "都道府県コード": 36, "市区町村コード": 205, "所在地": "徳島県吉野川市鴨島町西麻植字麻植市５７－２", "緯度": 34.069014, "経度": 134.335971, "url": "https://www.iryou.teikyouseido.mhlw.go.jp/znk-web/juminkanja/S2430/initialize?prefCd=36&kikanCd=3365706220&kikanKbn=3", "url2": "http://www.ortho-center.net", "内容": "歯列矯正センター【3:歯科】徳島県吉野川市鴨島町西麻植字麻植市５７－２" }, "geometry": { "type": "Point", "coordinates": [ 134.335971, 34.069014 ] } },
{ "type": "Feature", "properties": { "ID": 3633365706350, "正式名称": "まつうら歯科クリニック", "機関区分": 3, "都道府県コード": 36, "市区町村コード": 205, "所在地": "徳島県吉野川市鴨島町鴨島３２４番地１", "緯度": 34.071062, "経度": 134.35259, "url": "https://www.iryou.teikyouseido.mhlw.go.jp/znk-web/juminkanja/S2430/initialize?prefCd=36&kikanCd=3365706350&kikanKbn=3", "url2": "http://www.tda.or.jp/0883221555/", "内容": "まつうら歯科クリニック【3:歯科】徳島県吉野川市鴨島町鴨島３２４番地１" }, "geometry": { "type": "Point", "coordinates": [ 134.35259, 34.071062 ] } },
{ "type": "Feature", "properties": { "ID": 3633365706480, "正式名称": "うらやま歯科医院", "機関区分": 3, "都道府県コード": 36, "市区町村コード": 205, "所在地": "徳島県吉野川市鴨島町知恵島１７８１－６", "緯度": 34.081633, "経度": 134.374938, "url": "https://www.iryou.teikyouseido.mhlw.go.jp/znk-web/juminkanja/S2430/initialize?prefCd=36&kikanCd=3365706480&kikanKbn=3", "url2": "https://urayama-dc.com/", "内容": "うらやま歯科医院【3:歯科】徳島県吉野川市鴨島町知恵島１７８１－６" }, "geometry": { "type": "Point", "coordinates": [ 134.374938, 34.081633 ] } },
{ "type": "Feature", "properties": { "ID": 3633365706510, "正式名称": "きりの歯科クリニック", "機関区分": 3, "都道府県コード": 36, "市区町村コード": 205, "所在地": "徳島県吉野川市鴨島町西麻植字広畑８８－１", "緯度": 34.068409, "経度": 134.342065, "url": "https://www.iryou.teikyouseido.mhlw.go.jp/znk-web/juminkanja/S2430/initialize?prefCd=36&kikanCd=3365706510&kikanKbn=3", "url2": "https://kirino-dental.com/", "内容": "きりの歯科クリニック【3:歯科】徳島県吉野川市鴨島町西麻植字広畑８８－１" }, "geometry": { "type": "Point", "coordinates": [ 134.342065, 34.068409 ] } },
{ "type": "Feature", "properties": { "ID": 3633365706640, "正式名称": "よこやま歯科", "機関区分": 3, "都道府県コード": 36, "市区町村コード": 206, "所在地": "徳島県阿波市吉野町柿原字シノ原６２－３", "緯度": 34.098479, "経度": 134.3361, "url": "https://www.iryou.teikyouseido.mhlw.go.jp/znk-web/juminkanja/S2430/initialize?prefCd=36&kikanCd=3365706640&kikanKbn=3", "url2": "http://www.yokoyama-shika.jp/", "内容": "よこやま歯科【3:歯科】徳島県阿波市吉野町柿原字シノ原６２－３" }, "geometry": { "type": "Point", "coordinates": [ 134.3361, 34.098479 ] } },
{ "type": "Feature", "properties": { "ID": 3633365706770, "正式名称": "アップル歯科・小児歯科クリニック", "機関区分": 3, "都道府県コード": 36, "市区町村コード": 205, "所在地": "徳島県吉野川市川島町川島２４６番地１", "緯度": 34.064716, "経度": 134.318178, "url": "https://www.iryou.teikyouseido.mhlw.go.jp/znk-web/juminkanja/S2430/initialize?prefCd=36&kikanCd=3365706770&kikanKbn=3", "url2": "https://apple-dent.jp", "内容": "アップル歯科・小児歯科クリニック【3:歯科】徳島県吉野川市川島町川島２４６番地１" }, "geometry": { "type": "Point", "coordinates": [ 134.318178, 34.064716 ] } },
{ "type": "Feature", "properties": { "ID": 3633365706800, "正式名称": "へいしま歯科ファミリークリニック", "機関区分": 3, "都道府県コード": 36, "市区町村コード": 206, "所在地": "徳島県阿波市阿波町大道北１８１－３", "緯度": 34.074693, "経度": 134.232302, "url": "https://www.iryou.teikyouseido.mhlw.go.jp/znk-web/juminkanja/S2430/initialize?prefCd=36&kikanCd=3365706800&kikanKbn=3", "url2": null, "内容": "へいしま歯科ファミリークリニック【3:歯科】徳島県阿波市阿波町大道北１８１－３" }, "geometry": { "type": "Point", "coordinates": [ 134.232302, 34.074693 ] } },
{ "type": "Feature", "properties": { "ID": 3633365707070, "正式名称": "ほそかわ歯科医院", "機関区分": 3, "都道府県コード": 36, "市区町村コード": 206, "所在地": "徳島県阿波市吉野町柿原字二条３１－５", "緯度": 34.096143, "経度": 134.349601, "url": "https://www.iryou.teikyouseido.mhlw.go.jp/znk-web/juminkanja/S2430/initialize?prefCd=36&kikanCd=3365707070&kikanKbn=3", "url2": "http://hiro012200724.wix.com/hosokawadental", "内容": "ほそかわ歯科医院【3:歯科】徳島県阿波市吉野町柿原字二条３１－５" }, "geometry": { "type": "Point", "coordinates": [ 134.349601, 34.096143 ] } },
{ "type": "Feature", "properties": { "ID": 3633365707100, "正式名称": "やまさきデンタルクリニック", "機関区分": 3, "都道府県コード": 36, "市区町村コード": 205, "所在地": "徳島県吉野川市鴨島町知恵島字中須賀１３２９－１", "緯度": 34.080807, "経度": 134.361022, "url": "https://www.iryou.teikyouseido.mhlw.go.jp/znk-web/juminkanja/S2430/initialize?prefCd=36&kikanCd=3365707100&kikanKbn=3", "url2": "https://dc-yamasaki.com/", "内容": "やまさきデンタルクリニック【3:歯科】徳島県吉野川市鴨島町知恵島字中須賀１３２９－１" }, "geometry": { "type": "Point", "coordinates": [ 134.361022, 34.080807 ] } },
{ "type": "Feature", "properties": { "ID": 3633365707230, "正式名称": "にしむら歯科医院", "機関区分": 3, "都道府県コード": 36, "市区町村コード": 206, "所在地": "徳島県阿波市阿波町高垣４６ー１", "緯度": 34.075129, "経度": 134.212713, "url": "https://www.iryou.teikyouseido.mhlw.go.jp/znk-web/juminkanja/S2430/initialize?prefCd=36&kikanCd=3365707230&kikanKbn=3", "url2": "https://egaowothukuru.com/", "内容": "にしむら歯科医院【3:歯科】徳島県阿波市阿波町高垣４６ー１" }, "geometry": { "type": "Point", "coordinates": [ 134.212713, 34.075129 ] } },
{ "type": "Feature", "properties": { "ID": 3633365800320, "正式名称": "佐藤歯科医院", "機関区分": 3, "都道府県コード": 36, "市区町村コード": 207, "所在地": "徳島県美馬市脇町字拝原１３２１－２", "緯度": 34.06936, "経度": 134.164975, "url": "https://www.iryou.teikyouseido.mhlw.go.jp/znk-web/juminkanja/S2430/initialize?prefCd=36&kikanCd=3365800320&kikanKbn=3", "url2": "http://satodent.jp", "内容": "佐藤歯科医院【3:歯科】徳島県美馬市脇町字拝原１３２１－２" }, "geometry": { "type": "Point", "coordinates": [ 134.164975, 34.06936 ] } },
{ "type": "Feature", "properties": { "ID": 3633365800450, "正式名称": "吉岡歯科医院", "機関区分": 3, "都道府県コード": 36, "市区町村コード": 207, "所在地": "徳島県美馬市脇町字拝原１９６４", "緯度": 34.066268, "経度": 134.167351, "url": "https://www.iryou.teikyouseido.mhlw.go.jp/znk-web/juminkanja/S2430/initialize?prefCd=36&kikanCd=3365800450&kikanKbn=3", "url2": null, "内容": "吉岡歯科医院【3:歯科】徳島県美馬市脇町字拝原１９６４" }, "geometry": { "type": "Point", "coordinates": [ 134.167351, 34.066268 ] } },
{ "type": "Feature", "properties": { "ID": 3633365800610, "正式名称": "武田歯科医院", "機関区分": 3, "都道府県コード": 36, "市区町村コード": 468, "所在地": "徳島県美馬郡つるぎ町貞光字太田西１１２－１", "緯度": 34.045059, "経度": 134.080474, "url": "https://www.iryou.teikyouseido.mhlw.go.jp/znk-web/juminkanja/S2430/initialize?prefCd=36&kikanCd=3365800610&kikanKbn=3", "url2": null, "内容": "武田歯科医院【3:歯科】徳島県美馬郡つるぎ町貞光字太田西１１２－１" }, "geometry": { "type": "Point", "coordinates": [ 134.080474, 34.045059 ] } },
{ "type": "Feature", "properties": { "ID": 3633365800740, "正式名称": "美馬歯科医院", "機関区分": 3, "都道府県コード": 36, "市区町村コード": 468, "所在地": "徳島県美馬郡つるぎ町貞光字馬出６０－７", "緯度": 34.03952, "経度": 134.057493, "url": "https://www.iryou.teikyouseido.mhlw.go.jp/znk-web/juminkanja/S2430/initialize?prefCd=36&kikanCd=3365800740&kikanKbn=3", "url2": null, "内容": "美馬歯科医院【3:歯科】徳島県美馬郡つるぎ町貞光字馬出６０－７" }, "geometry": { "type": "Point", "coordinates": [ 134.057493, 34.03952 ] } },
{ "type": "Feature", "properties": { "ID": 3633365801170, "正式名称": "中野歯科医院", "機関区分": 3, "都道府県コード": 36, "市区町村コード": 207, "所在地": "徳島県美馬市穴吹町穴吹字李１－１", "緯度": 34.051095, "経度": 134.169888, "url": "https://www.iryou.teikyouseido.mhlw.go.jp/znk-web/juminkanja/S2430/initialize?prefCd=36&kikanCd=3365801170&kikanKbn=3", "url2": null, "内容": "中野歯科医院【3:歯科】徳島県美馬市穴吹町穴吹字李１－１" }, "geometry": { "type": "Point", "coordinates": [ 134.169888, 34.051095 ] } },
{ "type": "Feature", "properties": { "ID": 3633365801590, "正式名称": "大野歯科医院", "機関区分": 3, "都道府県コード": 36, "市区町村コード": 207, "所在地": "徳島県美馬市脇町野村４１５２－１", "緯度": 34.058882, "経度": 134.097383, "url": "https://www.iryou.teikyouseido.mhlw.go.jp/znk-web/juminkanja/S2430/initialize?prefCd=36&kikanCd=3365801590&kikanKbn=3", "url2": null, "内容": "大野歯科医院【3:歯科】徳島県美馬市脇町野村４１５２－１" }, "geometry": { "type": "Point", "coordinates": [ 134.097383, 34.058882 ] } },
{ "type": "Feature", "properties": { "ID": 3633365801620, "正式名称": "井上歯科医院", "機関区分": 3, "都道府県コード": 36, "市区町村コード": 207, "所在地": "徳島県美馬市脇町大字脇町１６３", "緯度": 34.068018, "経度": 134.148173, "url": "https://www.iryou.teikyouseido.mhlw.go.jp/znk-web/juminkanja/S2430/initialize?prefCd=36&kikanCd=3365801620&kikanKbn=3", "url2": null, "内容": "井上歯科医院【3:歯科】徳島県美馬市脇町大字脇町１６３" }, "geometry": { "type": "Point", "coordinates": [ 134.148173, 34.068018 ] } },
{ "type": "Feature", "properties": { "ID": 3633365801750, "正式名称": "尾方歯科医院", "機関区分": 3, "都道府県コード": 36, "市区町村コード": 207, "所在地": "徳島県美馬市脇町大字猪尻字西分５ー２", "緯度": 34.068889, "経度": 134.151446, "url": "https://www.iryou.teikyouseido.mhlw.go.jp/znk-web/juminkanja/S2430/initialize?prefCd=36&kikanCd=3365801750&kikanKbn=3", "url2": "https://www.tda.or.jp/index.php/awa-20/mima/ogata1", "内容": "尾方歯科医院【3:歯科】徳島県美馬市脇町大字猪尻字西分５ー２" }, "geometry": { "type": "Point", "coordinates": [ 134.151446, 34.068889 ] } },
{ "type": "Feature", "properties": { "ID": 3633365802180, "正式名称": "笠原歯科クリニック", "機関区分": 3, "都道府県コード": 36, "市区町村コード": 468, "所在地": "徳島県美馬郡つるぎ町字町３３－１", "緯度": 34.035804, "経度": 134.062933, "url": "https://www.iryou.teikyouseido.mhlw.go.jp/znk-web/juminkanja/S2430/initialize?prefCd=36&kikanCd=3365802180&kikanKbn=3", "url2": "http://www.tda.or.jp/0883625188/", "内容": "笠原歯科クリニック【3:歯科】徳島県美馬郡つるぎ町字町３３－１" }, "geometry": { "type": "Point", "coordinates": [ 134.062933, 34.035804 ] } },
{ "type": "Feature", "properties": { "ID": 3633365802210, "正式名称": "医療法人川原歯科医院", "機関区分": 3, "都道府県コード": 36, "市区町村コード": 207, "所在地": "徳島県美馬市美馬町字宗重１２８－１", "緯度": 34.059237, "経度": 134.067192, "url": "https://www.iryou.teikyouseido.mhlw.go.jp/znk-web/juminkanja/S2430/initialize?prefCd=36&kikanCd=3365802210&kikanKbn=3", "url2": "http://kawahara-dc.jp/", "内容": "医療法人川原歯科医院【3:歯科】徳島県美馬市美馬町字宗重１２８－１" }, "geometry": { "type": "Point", "coordinates": [ 134.067192, 34.059237 ] } },
{ "type": "Feature", "properties": { "ID": 3633365802470, "正式名称": "三宅歯科医院", "機関区分": 3, "都道府県コード": 36, "市区町村コード": 207, "所在地": "徳島県美馬市脇町字拝原２５６９－２", "緯度": 34.065099, "経度": 134.174936, "url": "https://www.iryou.teikyouseido.mhlw.go.jp/znk-web/juminkanja/S2430/initialize?prefCd=36&kikanCd=3365802470&kikanKbn=3", "url2": "https://www.miyakesika.com/", "内容": "三宅歯科医院【3:歯科】徳島県美馬市脇町字拝原２５６９－２" }, "geometry": { "type": "Point", "coordinates": [ 134.174936, 34.065099 ] } },
{ "type": "Feature", "properties": { "ID": 3633365802630, "正式名称": "中川歯科医院", "機関区分": 3, "都道府県コード": 36, "市区町村コード": 207, "所在地": "徳島県美馬市美馬町字柿木１７－１", "緯度": 34.057086, "経度": 134.060605, "url": "https://www.iryou.teikyouseido.mhlw.go.jp/znk-web/juminkanja/S2430/initialize?prefCd=36&kikanCd=3365802630&kikanKbn=3", "url2": null, "内容": "中川歯科医院【3:歯科】徳島県美馬市美馬町字柿木１７－１" }, "geometry": { "type": "Point", "coordinates": [ 134.060605, 34.057086 ] } },
{ "type": "Feature", "properties": { "ID": 3633365802890, "正式名称": "しのはら歯科", "機関区分": 3, "都道府県コード": 36, "市区町村コード": 207, "所在地": "徳島県美馬市脇町字拝原１９４７番２", "緯度": 34.065032, "経度": 134.169309, "url": "https://www.iryou.teikyouseido.mhlw.go.jp/znk-web/juminkanja/S2430/initialize?prefCd=36&kikanCd=3365802890&kikanKbn=3", "url2": null, "内容": "しのはら歯科【3:歯科】徳島県美馬市脇町字拝原１９４７番２" }, "geometry": { "type": "Point", "coordinates": [ 134.169309, 34.065032 ] } },
{ "type": "Feature", "properties": { "ID": 3633365802920, "正式名称": "奈良井歯科医院", "機関区分": 3, "都道府県コード": 36, "市区町村コード": 207, "所在地": "徳島県美馬市穴吹町穴吹字畑中１０番地３", "緯度": 34.045975, "経度": 134.169888, "url": "https://www.iryou.teikyouseido.mhlw.go.jp/znk-web/juminkanja/S2430/initialize?prefCd=36&kikanCd=3365802920&kikanKbn=3", "url2": "http://www3.ocn.ne.jp/~narai-d/", "内容": "奈良井歯科医院【3:歯科】徳島県美馬市穴吹町穴吹字畑中１０番地３" }, "geometry": { "type": "Point", "coordinates": [ 134.169888, 34.045975 ] } },
{ "type": "Feature", "properties": { "ID": 3633365803060, "正式名称": "ハローデンタルクリニック", "機関区分": 3, "都道府県コード": 36, "市区町村コード": 207, "所在地": "徳島県美馬市脇町字拝原２５０７－２", "緯度": 34.065761, "経度": 134.170776, "url": "https://www.iryou.teikyouseido.mhlw.go.jp/znk-web/juminkanja/S2430/initialize?prefCd=36&kikanCd=3365803060&kikanKbn=3", "url2": null, "内容": "ハローデンタルクリニック【3:歯科】徳島県美馬市脇町字拝原２５０７－２" }, "geometry": { "type": "Point", "coordinates": [ 134.170776, 34.065761 ] } },
{ "type": "Feature", "properties": { "ID": 3633365803190, "正式名称": "すずらん歯科", "機関区分": 3, "都道府県コード": 36, "市区町村コード": 207, "所在地": "徳島県美馬市脇町字西赤谷２０８番地２８", "緯度": 34.070507, "経度": 134.179909, "url": "https://www.iryou.teikyouseido.mhlw.go.jp/znk-web/juminkanja/S2430/initialize?prefCd=36&kikanCd=3365803190&kikanKbn=3", "url2": null, "内容": "すずらん歯科【3:歯科】徳島県美馬市脇町字西赤谷２０８番地２８" }, "geometry": { "type": "Point", "coordinates": [ 134.179909, 34.070507 ] } },
{ "type": "Feature", "properties": { "ID": 3633365803220, "正式名称": "ほそかわ歯科クリニック", "機関区分": 3, "都道府県コード": 36, "市区町村コード": 207, "所在地": "徳島県美馬市脇町大字猪尻字若宮南１３９－２", "緯度": 34.063712, "経度": 134.160978, "url": "https://www.iryou.teikyouseido.mhlw.go.jp/znk-web/juminkanja/S2430/initialize?prefCd=36&kikanCd=3365803220&kikanKbn=3", "url2": "https://hosokawa-dental-clinic.jp/", "内容": "ほそかわ歯科クリニック【3:歯科】徳島県美馬市脇町大字猪尻字若宮南１３９－２" }, "geometry": { "type": "Point", "coordinates": [ 134.160978, 34.063712 ] } },
{ "type": "Feature", "properties": { "ID": 3633365803480, "正式名称": "美馬市国民健康保険木屋平歯科診療所", "機関区分": 3, "都道府県コード": 36, "市区町村コード": 207, "所在地": "徳島県美馬市木屋平字川井２２４", "緯度": 33.932554, "経度": 134.212203, "url": "https://www.iryou.teikyouseido.mhlw.go.jp/znk-web/juminkanja/S2430/initialize?prefCd=36&kikanCd=3365803480&kikanKbn=3", "url2": null, "内容": "美馬市国民健康保険木屋平歯科診療所【3:歯科】徳島県美馬市木屋平字川井２２４" }, "geometry": { "type": "Point", "coordinates": [ 134.212203, 33.932554 ] } },
{ "type": "Feature", "properties": { "ID": 3633365900220, "正式名称": "田村歯科クリニック", "機関区分": 3, "都道府県コード": 36, "市区町村コード": 208, "所在地": "徳島県三好市三野町芝生１０８７", "緯度": 34.041672, "経度": 133.970568, "url": "https://www.iryou.teikyouseido.mhlw.go.jp/znk-web/juminkanja/S2430/initialize?prefCd=36&kikanCd=3365900220&kikanKbn=3", "url2": "http://www.tda.or.jp/0883773365/", "内容": "田村歯科クリニック【3:歯科】徳島県三好市三野町芝生１０８７" }, "geometry": { "type": "Point", "coordinates": [ 133.970568, 34.041672 ] } },
{ "type": "Feature", "properties": { "ID": 3633365901230, "正式名称": "影本歯科医院", "機関区分": 3, "都道府県コード": 36, "市区町村コード": 208, "所在地": "徳島県三好市池田町サラダ１７３３", "緯度": 34.02846, "経度": 133.81161, "url": "https://www.iryou.teikyouseido.mhlw.go.jp/znk-web/juminkanja/S2430/initialize?prefCd=36&kikanCd=3365901230&kikanKbn=3", "url2": null, "内容": "影本歯科医院【3:歯科】徳島県三好市池田町サラダ１７３３" }, "geometry": { "type": "Point", "coordinates": [ 133.81161, 34.02846 ] } },
{ "type": "Feature", "properties": { "ID": 3633365901520, "正式名称": "阿佐歯科西井川診療所", "機関区分": 3, "都道府県コード": 36, "市区町村コード": 208, "所在地": "徳島県三好市井川町西井川３１９−１８", "緯度": 34.03207, "経度": 133.840492, "url": "https://www.iryou.teikyouseido.mhlw.go.jp/znk-web/juminkanja/S2430/initialize?prefCd=36&kikanCd=3365901520&kikanKbn=3", "url2": null, "内容": "阿佐歯科西井川診療所【3:歯科】徳島県三好市井川町西井川３１９−１８" }, "geometry": { "type": "Point", "coordinates": [ 133.840492, 34.03207 ] } },
{ "type": "Feature", "properties": { "ID": 3633365901650, "正式名称": "大久保歯科医院", "機関区分": 3, "都道府県コード": 36, "市区町村コード": 489, "所在地": "徳島県三好郡東みよし町加茂１９２８－１", "緯度": 34.038382, "経度": 133.9254, "url": "https://www.iryou.teikyouseido.mhlw.go.jp/znk-web/juminkanja/S2430/initialize?prefCd=36&kikanCd=3365901650&kikanKbn=3", "url2": null, "内容": "大久保歯科医院【3:歯科】徳島県三好郡東みよし町加茂１９２８－１" }, "geometry": { "type": "Point", "coordinates": [ 133.9254, 34.038382 ] } },
{ "type": "Feature", "properties": { "ID": 3633365901780, "正式名称": "井原歯科医院", "機関区分": 3, "都道府県コード": 36, "市区町村コード": 489, "所在地": "徳島県三好郡東みよし町加茂１６１６－１", "緯度": 34.03776, "経度": 133.936837, "url": "https://www.iryou.teikyouseido.mhlw.go.jp/znk-web/juminkanja/S2430/initialize?prefCd=36&kikanCd=3365901780&kikanKbn=3", "url2": null, "内容": "井原歯科医院【3:歯科】徳島県三好郡東みよし町加茂１６１６－１" }, "geometry": { "type": "Point", "coordinates": [ 133.936837, 34.03776 ] } },
{ "type": "Feature", "properties": { "ID": 3633365901940, "正式名称": "徳善歯科クリニック", "機関区分": 3, "都道府県コード": 36, "市区町村コード": 208, "所在地": "徳島県三好市池田町サラダ１７６６－１０", "緯度": 34.02766, "経度": 133.808584, "url": "https://www.iryou.teikyouseido.mhlw.go.jp/znk-web/juminkanja/S2430/initialize?prefCd=36&kikanCd=3365901940&kikanKbn=3", "url2": null, "内容": "徳善歯科クリニック【3:歯科】徳島県三好市池田町サラダ１７６６－１０" }, "geometry": { "type": "Point", "coordinates": [ 133.808584, 34.02766 ] } },
{ "type": "Feature", "properties": { "ID": 3633365902110, "正式名称": "畑岡歯科医院", "機関区分": 3, "都道府県コード": 36, "市区町村コード": 208, "所在地": "徳島県三好市山城町大川持５８３－１２", "緯度": 33.962085, "経度": 133.753395, "url": "https://www.iryou.teikyouseido.mhlw.go.jp/znk-web/juminkanja/S2430/initialize?prefCd=36&kikanCd=3365902110&kikanKbn=3", "url2": null, "内容": "畑岡歯科医院【3:歯科】徳島県三好市山城町大川持５８３－１２" }, "geometry": { "type": "Point", "coordinates": [ 133.753395, 33.962085 ] } },
{ "type": "Feature", "properties": { "ID": 3633365902240, "正式名称": "武田歯科医院", "機関区分": 3, "都道府県コード": 36, "市区町村コード": 489, "所在地": "徳島県三好郡東みよし町中庄６８２－１", "緯度": 34.039396, "経度": 133.949518, "url": "https://www.iryou.teikyouseido.mhlw.go.jp/znk-web/juminkanja/S2430/initialize?prefCd=36&kikanCd=3365902240&kikanKbn=3", "url2": null, "内容": "武田歯科医院【3:歯科】徳島県三好郡東みよし町中庄６８２－１" }, "geometry": { "type": "Point", "coordinates": [ 133.949518, 34.039396 ] } },
{ "type": "Feature", "properties": { "ID": 3633365902370, "正式名称": "秋田歯科医院", "機関区分": 3, "都道府県コード": 36, "市区町村コード": 489, "所在地": "徳島県三好郡東みよし町昼間３０７５番地１０", "緯度": 34.042063, "経度": 133.865147, "url": "https://www.iryou.teikyouseido.mhlw.go.jp/znk-web/juminkanja/S2430/initialize?prefCd=36&kikanCd=3365902370&kikanKbn=3", "url2": null, "内容": "秋田歯科医院【3:歯科】徳島県三好郡東みよし町昼間３０７５番地１０" }, "geometry": { "type": "Point", "coordinates": [ 133.865147, 34.042063 ] } },
{ "type": "Feature", "properties": { "ID": 3633365902400, "正式名称": "佐々木歯科医院", "機関区分": 3, "都道府県コード": 36, "市区町村コード": 208, "所在地": "徳島県三好市池田町マチ２１７０－５", "緯度": 34.028193, "経度": 133.803735, "url": "https://www.iryou.teikyouseido.mhlw.go.jp/znk-web/juminkanja/S2430/initialize?prefCd=36&kikanCd=3365902400&kikanKbn=3", "url2": "https://sasakishika.cihp2.jp/", "内容": "佐々木歯科医院【3:歯科】徳島県三好市池田町マチ２１７０－５" }, "geometry": { "type": "Point", "coordinates": [ 133.803735, 34.028193 ] } },
{ "type": "Feature", "properties": { "ID": 3633365902530, "正式名称": "医療法人たおか歯科クリニック", "機関区分": 3, "都道府県コード": 36, "市区町村コード": 208, "所在地": "徳島県三好市三野町芝生４５６－６", "緯度": 34.044197, "経度": 133.973808, "url": "https://www.iryou.teikyouseido.mhlw.go.jp/znk-web/juminkanja/S2430/initialize?prefCd=36&kikanCd=3365902530&kikanKbn=3", "url2": "http://www.taoka-dc.or.jp/", "内容": "医療法人たおか歯科クリニック【3:歯科】徳島県三好市三野町芝生４５６－６" }, "geometry": { "type": "Point", "coordinates": [ 133.973808, 34.044197 ] } },
{ "type": "Feature", "properties": { "ID": 3633365903090, "正式名称": "松浦歯科クリニック", "機関区分": 3, "都道府県コード": 36, "市区町村コード": 489, "所在地": "徳島県三好郡東みよし町中庄９７４番地４", "緯度": 34.03616, "経度": 133.959818, "url": "https://www.iryou.teikyouseido.mhlw.go.jp/znk-web/juminkanja/S2430/initialize?prefCd=36&kikanCd=3365903090&kikanKbn=3", "url2": null, "内容": "松浦歯科クリニック【3:歯科】徳島県三好郡東みよし町中庄９７４番地４" }, "geometry": { "type": "Point", "coordinates": [ 133.959818, 34.03616 ] } },
{ "type": "Feature", "properties": { "ID": 3633365903250, "正式名称": "三好市国民健康保険東祖谷歯科診療所", "機関区分": 3, "都道府県コード": 36, "市区町村コード": 208, "所在地": "徳島県三好市東祖谷京上１６８番地６", "緯度": 33.867066, "経度": 133.902225, "url": "https://www.iryou.teikyouseido.mhlw.go.jp/znk-web/juminkanja/S2430/initialize?prefCd=36&kikanCd=3365903250&kikanKbn=3", "url2": null, "内容": "三好市国民健康保険東祖谷歯科診療所【3:歯科】徳島県三好市東祖谷京上１６８番地６" }, "geometry": { "type": "Point", "coordinates": [ 133.902225, 33.867066 ] } },
{ "type": "Feature", "properties": { "ID": 3633365903410, "正式名称": "近藤歯科医院", "機関区分": 3, "都道府県コード": 36, "市区町村コード": 208, "所在地": "徳島県三好市井川町辻２０３－３", "緯度": 34.030354, "経度": 133.881884, "url": "https://www.iryou.teikyouseido.mhlw.go.jp/znk-web/juminkanja/S2430/initialize?prefCd=36&kikanCd=3365903410&kikanKbn=3", "url2": null, "内容": "近藤歯科医院【3:歯科】徳島県三好市井川町辻２０３－３" }, "geometry": { "type": "Point", "coordinates": [ 133.881884, 34.030354 ] } },
{ "type": "Feature", "properties": { "ID": 3633365903670, "正式名称": "新田歯科クリニック", "機関区分": 3, "都道府県コード": 36, "市区町村コード": 489, "所在地": "徳島県三好郡東みよし町昼間９９９－２", "緯度": 34.036444, "経度": 133.882817, "url": "https://www.iryou.teikyouseido.mhlw.go.jp/znk-web/juminkanja/S2430/initialize?prefCd=36&kikanCd=3365903670&kikanKbn=3", "url2": null, "内容": "新田歯科クリニック【3:歯科】徳島県三好郡東みよし町昼間９９９－２" }, "geometry": { "type": "Point", "coordinates": [ 133.882817, 34.036444 ] } },
{ "type": "Feature", "properties": { "ID": 3633365903700, "正式名称": "ひはら歯科医院", "機関区分": 3, "都道府県コード": 36, "市区町村コード": 208, "所在地": "徳島県三好市池田町マチ２５１８－１０", "緯度": 34.029269, "経度": 133.807071, "url": "https://www.iryou.teikyouseido.mhlw.go.jp/znk-web/juminkanja/S2430/initialize?prefCd=36&kikanCd=3365903700&kikanKbn=3", "url2": "http://www.dc-hihara.com/", "内容": "ひはら歯科医院【3:歯科】徳島県三好市池田町マチ２５１８－１０" }, "geometry": { "type": "Point", "coordinates": [ 133.807071, 34.029269 ] } },
{ "type": "Feature", "properties": { "ID": 363336590383, "正式名称": "きとう歯科医院", "機関区分": 3, "都道府県コード": 36, "市区町村コード": 489, "所在地": "徳島県三好郡東みよし町西庄字井関１２番地", "緯度": 34.03552, "経度": 133.941343, "url": "https://www.iryou.teikyouseido.mhlw.go.jp/znk-web/juminkanja/S2430/initialize?prefCd=36&kikanCd=336590383&kikanKbn=3", "url2": "https://www.kito-dental.com/", "内容": "きとう歯科医院【3:歯科】徳島県三好郡東みよし町西庄字井関１２番地" }, "geometry": { "type": "Point", "coordinates": [ 133.941343, 34.03552 ] } },
{ "type": "Feature", "properties": { "ID": 3633365903960, "正式名称": "ＴＡＯＫＡ　ｄｅｎｔａｌ　ｃｌｉｎｉｃ", "機関区分": 3, "都道府県コード": 36, "市区町村コード": 208, "所在地": "徳島県三好市池田町ウエノ３１０２－４", "緯度": 34.031201, "経度": 133.799731, "url": "https://www.iryou.teikyouseido.mhlw.go.jp/znk-web/juminkanja/S2430/initialize?prefCd=36&kikanCd=3365903960&kikanKbn=3", "url2": "https://taoka-dental.com/", "内容": "ＴＡＯＫＡ　ｄｅｎｔａｌ　ｃｌｉｎｉｃ【3:歯科】徳島県三好市池田町ウエノ３１０２－４" }, "geometry": { "type": "Point", "coordinates": [ 133.799731, 34.031201 ] } }
]
}
