{
"type": "FeatureCollection",
"name": "geo_36_訪問介護",
"crs": { "type": "name", "properties": { "name": "urn:ogc:def:crs:OGC:1.3:CRS84" } },
"features": [
{ "type": "Feature", "properties": { "内容": "ヘルパーステーションこころ【訪問介護】徳島県徳島市雑賀町西開２４－５３", "url": "https://www.kaigokensaku.mhlw.go.jp/36/index.php?action_kouhyou_detail_004_kani=true&JigyosyoCd=3670104946-00&ServiceCd=110&Type=search", "url2": "http://takurousho-kokoro.net" }, "geometry": { "type": "Point", "coordinates": [ 134.555774299999939, 34.0399841 ] } },
{ "type": "Feature", "properties": { "内容": "ヘルパーステーション　おりぃぶ【訪問介護】徳島県徳島市八万町下福万１５７番地", "url": "https://www.kaigokensaku.mhlw.go.jp/36/index.php?action_kouhyou_detail_004_kani=true&JigyosyoCd=3670104482-00&ServiceCd=110&Type=search", "url2": null }, "geometry": { "type": "Point", "coordinates": [ 134.53375410000001, 34.0508412 ] } },
{ "type": "Feature", "properties": { "内容": "ホームケア土屋　徳島【訪問介護】徳島県徳島市末広1丁目5番地11PinoⅡ605号室", "url": "https://www.kaigokensaku.mhlw.go.jp/36/index.php?action_kouhyou_detail_004_kani=true&JigyosyoCd=3670105612-00&ServiceCd=110&Type=search", "url2": "https://tcy.com" }, "geometry": { "type": "Point", "coordinates": [ 134.57082410000001, 34.064721 ] } },
{ "type": "Feature", "properties": { "内容": "あおい　ケアサポート【訪問介護】徳島県徳島市大谷町野見松２２－１", "url": "https://www.kaigokensaku.mhlw.go.jp/36/index.php?action_kouhyou_detail_004_kani=true&JigyosyoCd=3670103039-00&ServiceCd=110&Type=search", "url2": null }, "geometry": { "type": "Point", "coordinates": [ 134.537456663321876, 34.033023862850605 ] } },
{ "type": "Feature", "properties": { "内容": "有限会社　金比羅タクシー【訪問介護】徳島県徳島市鷹匠町2丁目23番地", "url": "https://www.kaigokensaku.mhlw.go.jp/36/index.php?action_kouhyou_detail_004_kani=true&JigyosyoCd=3670105760-00&ServiceCd=110&Type=search", "url2": "https://www.konpira-taxi.com" }, "geometry": { "type": "Point", "coordinates": [ 134.547869399999968, 34.0640514 ] } },
{ "type": "Feature", "properties": { "内容": "ヘルパーステーション然【訪問介護】徳島県徳島市南矢三町一丁目3-51", "url": "https://www.kaigokensaku.mhlw.go.jp/36/index.php?action_kouhyou_detail_004_kani=true&JigyosyoCd=3670105281-00&ServiceCd=110&Type=search", "url2": null }, "geometry": { "type": "Point", "coordinates": [ 134.527373399999988, 34.085690170667903 ] } },
{ "type": "Feature", "properties": { "内容": "ヘルパーステーションゆいまーる【訪問介護】徳島県徳島市南蔵本町３丁目３５－２", "url": "https://www.kaigokensaku.mhlw.go.jp/36/index.php?action_kouhyou_detail_004_kani=true&JigyosyoCd=3670104292-00&ServiceCd=110&Type=search", "url2": null }, "geometry": { "type": "Point", "coordinates": [ 134.517247200000043, 34.0715079 ] } },
{ "type": "Feature", "properties": { "内容": "クレア城南訪問介護サービス【訪問介護】徳島市八万町上福万170-30", "url": "https://www.kaigokensaku.mhlw.go.jp/36/index.php?action_kouhyou_detail_004_kani=true&JigyosyoCd=3670103203-00&ServiceCd=110&Type=search", "url2": "www.crea-care.com" }, "geometry": { "type": "Point", "coordinates": [ 134.52839521533167, 34.054158596127287 ] } },
{ "type": "Feature", "properties": { "内容": "飛鳥指定訪問介護事業所【訪問介護】徳島県徳島市北佐古一番町6番1号社会医療法人川島会川島病院", "url": "https://www.kaigokensaku.mhlw.go.jp/36/index.php?action_kouhyou_detail_004_kani=true&JigyosyoCd=3670103468-00&ServiceCd=110&Type=search", "url2": "http://khg.or.jp/" }, "geometry": { "type": "Point", "coordinates": [ 134.5389338, 34.0811601 ] } },
{ "type": "Feature", "properties": { "内容": "ホームヘルパーステーションピア【訪問介護】徳島市八万町大野5-5特別養護老人ホームピア", "url": "https://www.kaigokensaku.mhlw.go.jp/36/index.php?action_kouhyou_detail_004_kani=true&JigyosyoCd=3670100050-00&ServiceCd=110&Type=search", "url2": "https://keirou-group.jp/" }, "geometry": { "type": "Point", "coordinates": [ 134.5499855, 34.0438341 ] } },
{ "type": "Feature", "properties": { "内容": "有限会社　めぐみ【訪問介護】南庄町一丁目3-1リバティ216", "url": "https://www.kaigokensaku.mhlw.go.jp/36/index.php?action_kouhyou_detail_004_kani=true&JigyosyoCd=3670102205-00&ServiceCd=110&Type=search", "url2": null }, "geometry": { "type": "Point", "coordinates": [ 134.5162, 34.0719578 ] } },
{ "type": "Feature", "properties": { "内容": "有限会社セリアスホーム訪問介護事業所【訪問介護】徳島県徳島市一宮町片山33番地19", "url": "https://www.kaigokensaku.mhlw.go.jp/36/index.php?action_kouhyou_detail_004_kani=true&JigyosyoCd=3670100365-00&ServiceCd=110&Type=search", "url2": "https://www.serious-home.com" }, "geometry": { "type": "Point", "coordinates": [ 134.48048940000001, 34.035653 ] } },
{ "type": "Feature", "properties": { "内容": "訪問介護はいさい【訪問介護】徳島県徳島市国府町早淵245-2橋本マンション202", "url": "https://www.kaigokensaku.mhlw.go.jp/36/index.php?action_kouhyou_detail_004_kani=true&JigyosyoCd=3670105794-00&ServiceCd=110&Type=search", "url2": "https://first-18.jimdosite.com" }, "geometry": { "type": "Point", "coordinates": [ 134.5549537, 34.0703652 ] } },
{ "type": "Feature", "properties": { "内容": "ヘルパーステーションおかがわ【訪問介護】徳島県徳島市住吉一丁目4番33号", "url": "https://www.kaigokensaku.mhlw.go.jp/36/index.php?action_kouhyou_detail_004_kani=true&JigyosyoCd=3670105125-00&ServiceCd=110&Type=search", "url2": "http:www.okagawa-g.com" }, "geometry": { "type": "Point", "coordinates": [ 134.564653980309885, 34.074391099075832 ] } },
{ "type": "Feature", "properties": { "内容": "夢心【訪問介護】徳島県徳島市川内町北原167番地1ユーハイツ101", "url": "https://www.kaigokensaku.mhlw.go.jp/36/index.php?action_kouhyou_detail_004_kani=true&JigyosyoCd=3670105638-00&ServiceCd=110&Type=search", "url2": null }, "geometry": { "type": "Point", "coordinates": [ 134.578096499999987, 34.1166194 ] } },
{ "type": "Feature", "properties": { "内容": "訪問介護事業所　八万苑【訪問介護】徳島県徳島市八万町下長谷251番地", "url": "https://www.kaigokensaku.mhlw.go.jp/36/index.php?action_kouhyou_detail_004_kani=true&JigyosyoCd=3670105091-00&ServiceCd=110&Type=search", "url2": null }, "geometry": { "type": "Point", "coordinates": [ 134.513690700000012, 34.0449942 ] } },
{ "type": "Feature", "properties": { "内容": "ヘルパーステーションビオラ【訪問介護】徳島県徳島市八万町内浜130番地1森住宅C棟C-1", "url": "https://www.kaigokensaku.mhlw.go.jp/36/index.php?action_kouhyou_detail_004_kani=true&JigyosyoCd=3670105893-00&ServiceCd=110&Type=search", "url2": null }, "geometry": { "type": "Point", "coordinates": [ 134.540490973016347, 34.051448315290621 ] } },
{ "type": "Feature", "properties": { "内容": "ヘルパーステーション夢【訪問介護】徳島県徳島市西新浜町一丁目２番６－２号", "url": "https://www.kaigokensaku.mhlw.go.jp/36/index.php?action_kouhyou_detail_004_kani=true&JigyosyoCd=3670102700-00&ServiceCd=110&Type=search", "url2": null }, "geometry": { "type": "Point", "coordinates": [ 134.5634886, 34.0462558 ] } },
{ "type": "Feature", "properties": { "内容": "ハウスヘルパーステーション【訪問介護】徳島市大原町東千代ヶ丸１９番地５２ハウス大原", "url": "https://www.kaigokensaku.mhlw.go.jp/36/index.php?action_kouhyou_detail_004_kani=true&JigyosyoCd=3670106032-00&ServiceCd=110&Type=search", "url2": null }, "geometry": { "type": "Point", "coordinates": [ 134.570757672900584, 34.025129550165474 ] } },
{ "type": "Feature", "properties": { "内容": "ヘルパーステーションアイナ【訪問介護】徳島市大原町千代ヶ丸146番地", "url": "https://www.kaigokensaku.mhlw.go.jp/36/index.php?action_kouhyou_detail_004_kani=true&JigyosyoCd=3670104102-00&ServiceCd=110&Type=search", "url2": "https://www.doushisha.jp" }, "geometry": { "type": "Point", "coordinates": [ 134.569019089024323, 34.028226839606084 ] } },
{ "type": "Feature", "properties": { "内容": "ヘルパーステーションえがお【訪問介護】徳島県徳島市国府町中408番地の4", "url": "https://www.kaigokensaku.mhlw.go.jp/36/index.php?action_kouhyou_detail_004_kani=true&JigyosyoCd=3670104839-00&ServiceCd=110&Type=search", "url2": null }, "geometry": { "type": "Point", "coordinates": [ 134.47675920000006, 34.0613832 ] } },
{ "type": "Feature", "properties": { "内容": "ヘルパーステーションみつば【訪問介護】徳島県徳島市八万町上福万２２０番地１３", "url": "https://www.kaigokensaku.mhlw.go.jp/36/index.php?action_kouhyou_detail_004_kani=true&JigyosyoCd=3670101488-00&ServiceCd=110&Type=search", "url2": null }, "geometry": { "type": "Point", "coordinates": [ 134.529701295089154, 34.050363656081416 ] } },
{ "type": "Feature", "properties": { "内容": "プチトマト介護サービス【訪問介護】安宅２丁目７番２２号", "url": "https://www.kaigokensaku.mhlw.go.jp/36/index.php?action_kouhyou_detail_004_kani=true&JigyosyoCd=3670200678-00&ServiceCd=110&Type=search", "url2": null }, "geometry": { "type": "Point", "coordinates": [ 134.576391899999976, 34.0704869 ] } },
{ "type": "Feature", "properties": { "内容": "ﾍﾙﾊﾟｰｽﾃｰｼｮﾝ一華【訪問介護】徳島県徳島市東吉野町２丁目29-4コーポクリエイト101号", "url": "https://www.kaigokensaku.mhlw.go.jp/36/index.php?action_kouhyou_detail_004_kani=true&JigyosyoCd=3670104300-00&ServiceCd=110&Type=search", "url2": null }, "geometry": { "type": "Point", "coordinates": [ 134.56483120678638, 34.084237836688551 ] } },
{ "type": "Feature", "properties": { "内容": "国府介護サービス【訪問介護】徳島県徳島市国府町敷地１２１", "url": "https://www.kaigokensaku.mhlw.go.jp/36/index.php?action_kouhyou_detail_004_kani=true&JigyosyoCd=3670101991-00&ServiceCd=110&Type=search", "url2": null }, "geometry": { "type": "Point", "coordinates": [ 134.46750316614839, 34.076026597692078 ] } },
{ "type": "Feature", "properties": { "内容": "ヘルパーステーション　パンジー【訪問介護】徳島県徳島市西新浜町2丁目3-33", "url": "https://www.kaigokensaku.mhlw.go.jp/36/index.php?action_kouhyou_detail_004_kani=true&JigyosyoCd=3650180015-00&ServiceCd=110&Type=search", "url2": "https://www.royal-hc.com/" }, "geometry": { "type": "Point", "coordinates": [ 134.5596627, 34.0419007 ] } },
{ "type": "Feature", "properties": { "内容": "訪問介護ステーション暖【訪問介護】徳島県徳島市勝占町中須92-1大松ジョリカ　B101", "url": "https://www.kaigokensaku.mhlw.go.jp/36/index.php?action_kouhyou_detail_004_kani=true&JigyosyoCd=3670105208-00&ServiceCd=110&Type=search", "url2": "www.ahh-npo.org/" }, "geometry": { "type": "Point", "coordinates": [ 134.554543012631797, 34.022353465792854 ] } },
{ "type": "Feature", "properties": { "内容": "常三島ヘルパーステーション【訪問介護】徳島県徳島市中常三島町1丁目3-3スタンフォード常三島302号室", "url": "https://www.kaigokensaku.mhlw.go.jp/36/index.php?action_kouhyou_detail_004_kani=true&JigyosyoCd=3670102601-00&ServiceCd=110&Type=search", "url2": null }, "geometry": { "type": "Point", "coordinates": [ 134.559732, 34.0796219 ] } },
{ "type": "Feature", "properties": { "内容": "ヘルパーステーションＲａｃｕ【訪問介護】徳島県徳島市かちどき橋6丁目4番地の1サービス付き高齢者向け住宅　洛Ｋａｃｈｉｄｏｋｉ", "url": "https://www.kaigokensaku.mhlw.go.jp/36/index.php?action_kouhyou_detail_004_kani=true&JigyosyoCd=3670104458-00&ServiceCd=110&Type=search", "url2": null }, "geometry": { "type": "Point", "coordinates": [ 134.553463400000027, 34.057652 ] } },
{ "type": "Feature", "properties": { "内容": "心愛介護サービス【訪問介護】徳島県徳島市多家良町北地１５番地", "url": "https://www.kaigokensaku.mhlw.go.jp/36/index.php?action_kouhyou_detail_004_kani=true&JigyosyoCd=3670101942-00&ServiceCd=110&Type=search", "url2": null }, "geometry": { "type": "Point", "coordinates": [ 134.531916199999984, 33.995252900000033 ] } },
{ "type": "Feature", "properties": { "内容": "ヘルパーステーション　ハーモニー【訪問介護】徳島県徳島市八万町下福万１６１－６", "url": "https://www.kaigokensaku.mhlw.go.jp/36/index.php?action_kouhyou_detail_004_kani=true&JigyosyoCd=3670102676-00&ServiceCd=110&Type=search", "url2": null }, "geometry": { "type": "Point", "coordinates": [ 134.533448499999963, 34.0514967 ] } },
{ "type": "Feature", "properties": { "内容": "有限会社　ケアサービス和【訪問介護】徳島県徳島市新浜町1丁目4番４１号", "url": "https://www.kaigokensaku.mhlw.go.jp/36/index.php?action_kouhyou_detail_004_kani=true&JigyosyoCd=3671500571-00&ServiceCd=110&Type=search", "url2": null }, "geometry": { "type": "Point", "coordinates": [ 134.569577799999962, 34.051768099999983 ] } },
{ "type": "Feature", "properties": { "内容": "ヘルパーステーションこばと【訪問介護】徳島県徳島市栄町４丁目１０番地", "url": "https://www.kaigokensaku.mhlw.go.jp/36/index.php?action_kouhyou_detail_004_kani=true&JigyosyoCd=3660190350-00&ServiceCd=110&Type=search", "url2": null }, "geometry": { "type": "Point", "coordinates": [ 134.548838257672116, 34.062051696484211 ] } },
{ "type": "Feature", "properties": { "内容": "つだ訪問介護サービス【訪問介護】徳島県徳島市津田浜之町１番３２号", "url": "https://www.kaigokensaku.mhlw.go.jp/36/index.php?action_kouhyou_detail_004_kani=true&JigyosyoCd=3670101405-00&ServiceCd=110&Type=search", "url2": null }, "geometry": { "type": "Point", "coordinates": [ 134.576013800000027, 34.0533749 ] } },
{ "type": "Feature", "properties": { "内容": "ヘルパーステーション和ごころ【訪問介護】徳島県徳島市昭和町八丁目87-21101", "url": "https://www.kaigokensaku.mhlw.go.jp/36/index.php?action_kouhyou_detail_004_kani=true&JigyosyoCd=3670106065-00&ServiceCd=110&Type=search", "url2": null }, "geometry": { "type": "Point", "coordinates": [ 134.568232, 34.0556528 ] } },
{ "type": "Feature", "properties": { "内容": "ライフサポート　しんくら【訪問介護】徳島市新蔵町一丁目19番地坪井ビル4Ｆ", "url": "https://www.kaigokensaku.mhlw.go.jp/36/index.php?action_kouhyou_detail_004_kani=true&JigyosyoCd=3670102486-00&ServiceCd=110&Type=search", "url2": null }, "geometry": { "type": "Point", "coordinates": [ 134.558149100000037, 34.0706091 ] } },
{ "type": "Feature", "properties": { "内容": "ヘルパーステーション　とまと【訪問介護】徳島市富田橋11-4プチメゾン富田橋102", "url": "https://www.kaigokensaku.mhlw.go.jp/36/index.php?action_kouhyou_detail_004_kani=true&JigyosyoCd=3670103781-00&ServiceCd=110&Type=search", "url2": "tomato1156@globe.ocn.ne.jp" }, "geometry": { "type": "Point", "coordinates": [ 134.550995397971008, 34.05935016260532 ] } },
{ "type": "Feature", "properties": { "内容": "ヘルパーステーションかもな【訪問介護】徳島市名東町2丁目456", "url": "https://www.kaigokensaku.mhlw.go.jp/36/index.php?action_kouhyou_detail_004_kani=true&JigyosyoCd=3670100035-00&ServiceCd=110&Type=search", "url2": "http://www.sawarabikai.or.jp/" }, "geometry": { "type": "Point", "coordinates": [ 134.495810300000016, 34.0592393 ] } },
{ "type": "Feature", "properties": { "内容": "社会福祉法人　すだち会　大神子ヘルパーステーション【訪問介護】徳島県徳島市新浜本町1丁目7番70号特別養護老人ホーム　なつめ荘２階", "url": "https://www.kaigokensaku.mhlw.go.jp/36/index.php?action_kouhyou_detail_004_kani=true&JigyosyoCd=3670102726-00&ServiceCd=110&Type=search", "url2": null }, "geometry": { "type": "Point", "coordinates": [ 134.572486300000037, 34.0440842 ] } },
{ "type": "Feature", "properties": { "内容": "ヘルパーステーションＢｅｅ【訪問介護】徳島市一宮町西丁８９３番地", "url": "https://www.kaigokensaku.mhlw.go.jp/36/index.php?action_kouhyou_detail_004_kani=true&JigyosyoCd=3670105273-00&ServiceCd=110&Type=search", "url2": null }, "geometry": { "type": "Point", "coordinates": [ 134.472141599999986, 34.0459704 ] } },
{ "type": "Feature", "properties": { "内容": "ヘルパーステーション心残りゼロ【訪問介護】徳島市中昭和町２丁目１０７", "url": "https://www.kaigokensaku.mhlw.go.jp/36/index.php?action_kouhyou_detail_004_kani=true&JigyosyoCd=3670106024-00&ServiceCd=110&Type=search", "url2": "https//www.grouplibing@trad.ocn.ne.jp" }, "geometry": { "type": "Point", "coordinates": [ 134.5583134, 34.0612104 ] } },
{ "type": "Feature", "properties": { "内容": "労福協　なのはなヘルパーステーション【訪問介護】徳島市昭和町3丁目35-1", "url": "https://www.kaigokensaku.mhlw.go.jp/36/index.php?action_kouhyou_detail_004_kani=true&JigyosyoCd=3670100621-00&ServiceCd=110&Type=search", "url2": "http://tokushima-rofuku.net/" }, "geometry": { "type": "Point", "coordinates": [ 134.560775556483463, 34.06287826381174 ] } },
{ "type": "Feature", "properties": { "内容": "ホームヘルパーステーションたんぽぽ【訪問介護】徳島市南昭和町三丁目40番地の4", "url": "https://www.kaigokensaku.mhlw.go.jp/36/index.php?action_kouhyou_detail_004_kani=true&JigyosyoCd=3670101082-00&ServiceCd=110&Type=search", "url2": null }, "geometry": { "type": "Point", "coordinates": [ 134.558090194248166, 34.05792655461827 ] } },
{ "type": "Feature", "properties": { "内容": "ヘルパーステーションキョーワ【訪問介護】徳島県徳島市川内町北原170", "url": "https://www.kaigokensaku.mhlw.go.jp/36/index.php?action_kouhyou_detail_004_kani=true&JigyosyoCd=3670105059-00&ServiceCd=110&Type=search", "url2": null }, "geometry": { "type": "Point", "coordinates": [ 134.55989790000001, 34.1042468 ] } },
{ "type": "Feature", "properties": { "内容": "メビウス訪問介護事業所【訪問介護】徳島県徳島市国府町府中７１３番地の１７", "url": "https://www.kaigokensaku.mhlw.go.jp/36/index.php?action_kouhyou_detail_004_kani=true&JigyosyoCd=3670104235-00&ServiceCd=110&Type=search", "url2": null }, "geometry": { "type": "Point", "coordinates": [ 134.4771412, 34.0703791 ] } },
{ "type": "Feature", "properties": { "内容": "合同会社　プリム【訪問介護】徳島県徳島市秋田町６丁目15-2", "url": "https://www.kaigokensaku.mhlw.go.jp/36/index.php?action_kouhyou_detail_004_kani=true&JigyosyoCd=3670106115-00&ServiceCd=110&Type=search", "url2": null }, "geometry": { "type": "Point", "coordinates": [ 134.5492801, 34.058624 ] } },
{ "type": "Feature", "properties": { "内容": "ヘルパーステーション悠和ライフ【訪問介護】徳島県徳島市佐古四番町3番17号", "url": "https://www.kaigokensaku.mhlw.go.jp/36/index.php?action_kouhyou_detail_004_kani=true&JigyosyoCd=3670104409-00&ServiceCd=110&Type=search", "url2": "http://ashikabikai.jp/" }, "geometry": { "type": "Point", "coordinates": [ 134.532099370876693, 34.077806157381296 ] } },
{ "type": "Feature", "properties": { "内容": "白さぎサービスセンター【訪問介護】徳島県徳島市川内町榎瀬112", "url": "https://www.kaigokensaku.mhlw.go.jp/36/index.php?action_kouhyou_detail_004_kani=true&JigyosyoCd=3670100316-00&ServiceCd=110&Type=search", "url2": "suikouen@mb.pikara.ne.jp" }, "geometry": { "type": "Point", "coordinates": [ 134.566247, 34.1138484 ] } },
{ "type": "Feature", "properties": { "内容": "あじさいのもり徳島【訪問介護】徳島県徳島市北矢三町３丁目2-55", "url": "https://www.kaigokensaku.mhlw.go.jp/36/index.php?action_kouhyou_detail_004_kani=true&JigyosyoCd=3670105240-00&ServiceCd=110&Type=search", "url2": null }, "geometry": { "type": "Point", "coordinates": [ 134.51987459999998, 34.0855129 ] } },
{ "type": "Feature", "properties": { "内容": "訪問介護サービスすずめ【訪問介護】徳島県徳島市川内町大松804番地", "url": "https://www.kaigokensaku.mhlw.go.jp/36/index.php?action_kouhyou_detail_004_kani=true&JigyosyoCd=3670101934-00&ServiceCd=110&Type=search", "url2": null }, "geometry": { "type": "Point", "coordinates": [ 134.578096499999987, 34.1166194 ] } },
{ "type": "Feature", "properties": { "内容": "すずな訪問介護ステーション【訪問介護】徳島県徳島市山城西3丁目19番地", "url": "https://www.kaigokensaku.mhlw.go.jp/36/index.php?action_kouhyou_detail_004_kani=true&JigyosyoCd=3670105596-00&ServiceCd=110&Type=search", "url2": null }, "geometry": { "type": "Point", "coordinates": [ 134.5566579, 34.050142699999981 ] } },
{ "type": "Feature", "properties": { "内容": "ヘルパーステーション春水【訪問介護】徳島県徳島市名東町３丁目１３高齢者住宅春水", "url": "https://www.kaigokensaku.mhlw.go.jp/36/index.php?action_kouhyou_detail_004_kani=true&JigyosyoCd=3670103070-00&ServiceCd=110&Type=search", "url2": "https://kawauchi-clinic.jp/shunsui" }, "geometry": { "type": "Point", "coordinates": [ 134.495102, 34.0587365 ] } },
{ "type": "Feature", "properties": { "内容": "訪問介護ステーション　ブルーベル【訪問介護】徳島県徳島市川内町鈴江北１９番地リッチド川内５０５号", "url": "https://www.kaigokensaku.mhlw.go.jp/36/index.php?action_kouhyou_detail_004_kani=true&JigyosyoCd=3670105729-00&ServiceCd=110&Type=search", "url2": null }, "geometry": { "type": "Point", "coordinates": [ 134.572591527555886, 34.098413083316565 ] } },
{ "type": "Feature", "properties": { "内容": "エクラ訪問介護サービス【訪問介護】徳島県徳島市新浜本町２丁目３番３８号", "url": "https://www.kaigokensaku.mhlw.go.jp/36/index.php?action_kouhyou_detail_004_kani=true&JigyosyoCd=3670105315-00&ServiceCd=110&Type=search", "url2": null }, "geometry": { "type": "Point", "coordinates": [ 134.5684894, 34.043097400000022 ] } },
{ "type": "Feature", "properties": { "内容": "しあわせサポート【訪問介護】南沖洲４丁目300番地1", "url": "https://www.kaigokensaku.mhlw.go.jp/36/index.php?action_kouhyou_detail_004_kani=true&JigyosyoCd=3670103823-00&ServiceCd=110&Type=search", "url2": "www.48kb80.biz" }, "geometry": { "type": "Point", "coordinates": [ 134.588110350086879, 34.057629861429248 ] } },
{ "type": "Feature", "properties": { "内容": "ホームヘルパーステーションあさがお【訪問介護】徳島県徳島市大原町外籠47番地の４", "url": "https://www.kaigokensaku.mhlw.go.jp/36/index.php?action_kouhyou_detail_004_kani=true&JigyosyoCd=3670105000-00&ServiceCd=110&Type=search", "url2": "http://www.asagao-fukushikai.jp" }, "geometry": { "type": "Point", "coordinates": [ 134.568526614155644, 34.034173076797579 ] } },
{ "type": "Feature", "properties": { "内容": "ヘルパーステーションたすけあい川内【訪問介護】徳島県徳島市川内町榎瀬８２４－１号", "url": "https://www.kaigokensaku.mhlw.go.jp/36/index.php?action_kouhyou_detail_004_kani=true&JigyosyoCd=3670103989-00&ServiceCd=110&Type=search", "url2": "http://dreamer-service.org" }, "geometry": { "type": "Point", "coordinates": [ 134.55287850000002, 34.1067341 ] } },
{ "type": "Feature", "properties": { "内容": "ヘルパーステーションたすけあい沖洲【訪問介護】徳島県徳島市北沖洲4丁目14番38", "url": "https://www.kaigokensaku.mhlw.go.jp/36/index.php?action_kouhyou_detail_004_kani=true&JigyosyoCd=3670104284-00&ServiceCd=110&Type=search", "url2": "http://dreamer-service.org" }, "geometry": { "type": "Point", "coordinates": [ 134.596625323848002, 34.071497039966715 ] } },
{ "type": "Feature", "properties": { "内容": "ヘルパーステーションたすけあい【訪問介護】徳島県徳島市末広二丁目1番80号", "url": "https://www.kaigokensaku.mhlw.go.jp/36/index.php?action_kouhyou_detail_004_kani=true&JigyosyoCd=3670100068-00&ServiceCd=110&Type=search", "url2": "http://dreamer-service.org" }, "geometry": { "type": "Point", "coordinates": [ 134.573939200000041, 34.0642404 ] } },
{ "type": "Feature", "properties": { "内容": "ヘルパーステーションなのはな徳島【訪問介護】徳島県徳島市上八万町西山１４３０-２", "url": "https://www.kaigokensaku.mhlw.go.jp/36/index.php?action_kouhyou_detail_004_kani=true&JigyosyoCd=3670101561-00&ServiceCd=110&Type=search", "url2": "https://www.npo-nanohana.or.jp/" }, "geometry": { "type": "Point", "coordinates": [ 134.490472508598259, 34.031489573995295 ] } },
{ "type": "Feature", "properties": { "内容": "ケアサービス　ゆうき【訪問介護】徳島県徳島市国府町中425-1", "url": "https://www.kaigokensaku.mhlw.go.jp/36/index.php?action_kouhyou_detail_004_kani=true&JigyosyoCd=3670103690-00&ServiceCd=110&Type=search", "url2": "nagae-group.jp" }, "geometry": { "type": "Point", "coordinates": [ 134.47796459999995, 34.059489 ] } },
{ "type": "Feature", "properties": { "内容": "いちごヘルパーステーション【訪問介護】徳島県徳島市昭和町８丁目４８番地３０", "url": "https://www.kaigokensaku.mhlw.go.jp/36/index.php?action_kouhyou_detail_004_kani=true&JigyosyoCd=3670103229-00&ServiceCd=110&Type=search", "url2": "ichie-kizuna.or.jp" }, "geometry": { "type": "Point", "coordinates": [ 134.56966902275397, 34.056900056972843 ] } },
{ "type": "Feature", "properties": { "内容": "あんじゅケアセンター【訪問介護】川内町平石夷野４１５－１０", "url": "https://www.kaigokensaku.mhlw.go.jp/36/index.php?action_kouhyou_detail_004_kani=true&JigyosyoCd=3670102791-00&ServiceCd=110&Type=search", "url2": null }, "geometry": { "type": "Point", "coordinates": [ 134.588545, 34.1165564 ] } },
{ "type": "Feature", "properties": { "内容": "あじさいのもり徳島東【訪問介護】徳島県徳島市末広1丁目4-12コーポ斎藤102号室", "url": "https://www.kaigokensaku.mhlw.go.jp/36/index.php?action_kouhyou_detail_004_kani=true&JigyosyoCd=3670105232-00&ServiceCd=110&Type=search", "url2": "https://www.senior-life.jp" }, "geometry": { "type": "Point", "coordinates": [ 134.571730594581624, 34.066183272883059 ] } },
{ "type": "Feature", "properties": { "内容": "ヘルパーステーション來のこ【訪問介護】徳島県徳島市佐古4番町7-15", "url": "https://www.kaigokensaku.mhlw.go.jp/36/index.php?action_kouhyou_detail_004_kani=true&JigyosyoCd=3670104888-00&ServiceCd=110&Type=search", "url2": "https://kinoko.kutsurogiya.com/" }, "geometry": { "type": "Point", "coordinates": [ 134.532057881614747, 34.078415261547832 ] } },
{ "type": "Feature", "properties": { "内容": "有限会社ケアサービス工藤【訪問介護】徳島県徳島市福島１丁目５－１", "url": "https://www.kaigokensaku.mhlw.go.jp/36/index.php?action_kouhyou_detail_004_kani=true&JigyosyoCd=3670100514-00&ServiceCd=110&Type=search", "url2": null }, "geometry": { "type": "Point", "coordinates": [ 134.563590200000021, 34.0723339 ] } },
{ "type": "Feature", "properties": { "内容": "ヘルパーステーションぱーとなー徳島【訪問介護】徳島県徳島市北矢三町3丁目3－27グランドハイツ矢三203号室", "url": "https://www.kaigokensaku.mhlw.go.jp/36/index.php?action_kouhyou_detail_004_kani=true&JigyosyoCd=3670106180-00&ServiceCd=110&Type=search", "url2": null }, "geometry": { "type": "Point", "coordinates": [ 134.519762500000013, 34.0883779 ] } },
{ "type": "Feature", "properties": { "内容": "セントケア徳島【訪問介護】徳島市山城西3丁目20", "url": "https://www.kaigokensaku.mhlw.go.jp/36/index.php?action_kouhyou_detail_004_kani=true&JigyosyoCd=3670103286-00&ServiceCd=110&Type=search", "url2": "https://www.saint-care.com/center/874/" }, "geometry": { "type": "Point", "coordinates": [ 134.556170260006297, 34.050352671026083 ] } },
{ "type": "Feature", "properties": { "内容": "ヘルパーステーションとみだ【訪問介護】徳島市中昭和町２丁目９４", "url": "https://www.kaigokensaku.mhlw.go.jp/36/index.php?action_kouhyou_detail_004_kani=true&JigyosyoCd=3610124772-00&ServiceCd=110&Type=search", "url2": "http://hayashikai.or.jp/helperstation/" }, "geometry": { "type": "Point", "coordinates": [ 134.558607400000028, 34.0617405 ] } },
{ "type": "Feature", "properties": { "内容": "ヘルパーステーション　きずな【訪問介護】丈六町小谷46番地1", "url": "https://www.kaigokensaku.mhlw.go.jp/36/index.php?action_kouhyou_detail_004_kani=true&JigyosyoCd=3670105984-00&ServiceCd=110&Type=search", "url2": "https://www.jonanh.com/kizuna/" }, "geometry": { "type": "Point", "coordinates": [ 134.547725097761543, 34.0141311603087 ] } },
{ "type": "Feature", "properties": { "内容": "ヘルパーステーションそれいゆ【訪問介護】徳島県徳島市西新浜町１丁目５－５０ハミングタウン２棟１０５号", "url": "https://www.kaigokensaku.mhlw.go.jp/36/index.php?action_kouhyou_detail_004_kani=true&JigyosyoCd=3670300403-00&ServiceCd=110&Type=search", "url2": null }, "geometry": { "type": "Point", "coordinates": [ 134.560904533169008, 34.043958755145283 ] } },
{ "type": "Feature", "properties": { "内容": "株式会社介護サービスロイヤルライフ・あい【訪問介護】徳島県徳島市川内町上別宮北51-1スカイステージ701号", "url": "https://www.kaigokensaku.mhlw.go.jp/36/index.php?action_kouhyou_detail_004_kani=true&JigyosyoCd=3670102684-00&ServiceCd=110&Type=search", "url2": null }, "geometry": { "type": "Point", "coordinates": [ 134.566554938529947, 34.102157641425691 ] } },
{ "type": "Feature", "properties": { "内容": "なのはな訪問介護事業所【訪問介護】徳島県徳島市大原町内開８４番地の７", "url": "https://www.kaigokensaku.mhlw.go.jp/36/index.php?action_kouhyou_detail_004_kani=true&JigyosyoCd=3670105992-00&ServiceCd=110&Type=search", "url2": null }, "geometry": { "type": "Point", "coordinates": [ 134.5665038, 34.028944399999986 ] } },
{ "type": "Feature", "properties": { "内容": "合同会社ケアサポートはーと【訪問介護】徳島県徳島市佐古二番町12－11", "url": "https://www.kaigokensaku.mhlw.go.jp/36/index.php?action_kouhyou_detail_004_kani=true&JigyosyoCd=3670102643-00&ServiceCd=110&Type=search", "url2": null }, "geometry": { "type": "Point", "coordinates": [ 134.53793328343238, 34.079066997788644 ] } },
{ "type": "Feature", "properties": { "内容": "ヘルパーステーションミント【訪問介護】徳島県徳島市川内町北原78番地2", "url": "https://www.kaigokensaku.mhlw.go.jp/36/index.php?action_kouhyou_detail_004_kani=true&JigyosyoCd=3671502080-00&ServiceCd=110&Type=search", "url2": null }, "geometry": { "type": "Point", "coordinates": [ 134.565206753911099, 34.102433549144465 ] } },
{ "type": "Feature", "properties": { "内容": "訪問介護ステーション　とうか【訪問介護】徳島県徳島市北沖洲2丁目8-41パレスフェアリーⅡ　202", "url": "https://www.kaigokensaku.mhlw.go.jp/36/index.php?action_kouhyou_detail_004_kani=true&JigyosyoCd=3670105935-00&ServiceCd=110&Type=search", "url2": null }, "geometry": { "type": "Point", "coordinates": [ 134.588319500000011, 34.0690406 ] } },
{ "type": "Feature", "properties": { "内容": "青香福祉会ホームヘルプ事業所【訪問介護】徳島県徳島市川内町平石住吉183番地", "url": "https://www.kaigokensaku.mhlw.go.jp/36/index.php?action_kouhyou_detail_004_kani=true&JigyosyoCd=3670100209-00&ServiceCd=110&Type=search", "url2": "http://seikahukushikai.jp/" }, "geometry": { "type": "Point", "coordinates": [ 134.585925800000041, 34.1140428 ] } },
{ "type": "Feature", "properties": { "内容": "在宅ケア支援センター凌雲津田【訪問介護】徳島県徳島市津田町三丁目7-9", "url": "https://www.kaigokensaku.mhlw.go.jp/36/index.php?action_kouhyou_detail_004_kani=true&JigyosyoCd=3670104391-00&ServiceCd=110&Type=search", "url2": "http://www.ryoun.com" }, "geometry": { "type": "Point", "coordinates": [ 134.582716600000026, 34.0470057 ] } },
{ "type": "Feature", "properties": { "内容": "あおみ訪問介護事業所【訪問介護】徳島県徳島市新浜本町一丁目１番４３号", "url": "https://www.kaigokensaku.mhlw.go.jp/36/index.php?action_kouhyou_detail_004_kani=true&JigyosyoCd=3670105778-00&ServiceCd=110&Type=search", "url2": "https://www.aomihoumon.net" }, "geometry": { "type": "Point", "coordinates": [ 134.572313742707792, 34.045664421277571 ] } },
{ "type": "Feature", "properties": { "内容": "おおぎ訪問介護サービス【訪問介護】徳島県徳島市上八万町樋口246番地1", "url": "https://www.kaigokensaku.mhlw.go.jp/36/index.php?action_kouhyou_detail_004_kani=true&JigyosyoCd=3670101231-00&ServiceCd=110&Type=search", "url2": "http://www.oogi-taxi.com" }, "geometry": { "type": "Point", "coordinates": [ 134.507995299999948, 34.0365951 ] } },
{ "type": "Feature", "properties": { "内容": "特定非営利活動法人　あいの里【訪問介護】徳島市国府町和田字居内５５番地の１", "url": "https://www.kaigokensaku.mhlw.go.jp/36/index.php?action_kouhyou_detail_004_kani=true&JigyosyoCd=3670102288-00&ServiceCd=110&Type=search", "url2": null }, "geometry": { "type": "Point", "coordinates": [ 134.491130099999964, 34.0734152 ] } },
{ "type": "Feature", "properties": { "内容": "宝タクシー株式会社【訪問介護】徳島市寺島本町西２丁目6番地", "url": "https://www.kaigokensaku.mhlw.go.jp/36/index.php?action_kouhyou_detail_004_kani=true&JigyosyoCd=3670101041-00&ServiceCd=110&Type=search", "url2": "http://www.takara-taxi.com/" }, "geometry": { "type": "Point", "coordinates": [ 134.54787209999995, 34.0749612 ] } },
{ "type": "Feature", "properties": { "内容": "有限会社　ケアセンター北浜【訪問介護】徳島県徳島市蔵本町２－２３", "url": "https://www.kaigokensaku.mhlw.go.jp/36/index.php?action_kouhyou_detail_004_kani=true&JigyosyoCd=3670100159-00&ServiceCd=110&Type=search", "url2": null }, "geometry": { "type": "Point", "coordinates": [ 134.518560159524554, 34.077987680495646 ] } },
{ "type": "Feature", "properties": { "内容": "訪問介護事業所　ハートフル【訪問介護】川内町平石流通団地３８", "url": "https://www.kaigokensaku.mhlw.go.jp/36/index.php?action_kouhyou_detail_004_kani=true&JigyosyoCd=3670103088-00&ServiceCd=110&Type=search", "url2": null }, "geometry": { "type": "Point", "coordinates": [ 134.585059499999943, 34.1065548 ] } },
{ "type": "Feature", "properties": { "内容": "ヘルパーステーションなかよし【訪問介護】徳島県徳島市春日三丁目1番1－3ハウズ坂口１０２号", "url": "https://www.kaigokensaku.mhlw.go.jp/36/index.php?action_kouhyou_detail_004_kani=true&JigyosyoCd=3670100944-00&ServiceCd=110&Type=search", "url2": null }, "geometry": { "type": "Point", "coordinates": [ 134.527689868352297, 34.090750661937456 ] } },
{ "type": "Feature", "properties": { "内容": "有限会社東丸タクシー指定訪問介護事業所【訪問介護】徳島県徳島市西須賀町中開３７－２", "url": "https://www.kaigokensaku.mhlw.go.jp/36/index.php?action_kouhyou_detail_004_kani=true&JigyosyoCd=3670100761-00&ServiceCd=110&Type=search", "url2": null }, "geometry": { "type": "Point", "coordinates": [ 134.549552899999981, 34.0278052 ] } },
{ "type": "Feature", "properties": { "内容": "セントケア城ノ内【訪問介護】南田宮１丁目4-41", "url": "https://www.kaigokensaku.mhlw.go.jp/36/index.php?action_kouhyou_detail_004_kani=true&JigyosyoCd=3670103310-00&ServiceCd=110&Type=search", "url2": "http://www.saint-care.com/" }, "geometry": { "type": "Point", "coordinates": [ 138.252924, 36.204824 ] } },
{ "type": "Feature", "properties": { "内容": "ヘルパーステーションげんき【訪問介護】徳島県徳島市応神町東貞方字諏訪ノ市172-2デイサービスセンターげんき", "url": "https://www.kaigokensaku.mhlw.go.jp/36/index.php?action_kouhyou_detail_004_kani=true&JigyosyoCd=3670102312-00&ServiceCd=110&Type=search", "url2": "http://daysevice-genki.net" }, "geometry": { "type": "Point", "coordinates": [ 134.512191199999961, 34.111456 ] } },
{ "type": "Feature", "properties": { "内容": "（有）ケアサービス木村指定訪問介護事業所【訪問介護】徳島県徳島市北田宮３丁目３－４１", "url": "https://www.kaigokensaku.mhlw.go.jp/36/index.php?action_kouhyou_detail_004_kani=true&JigyosyoCd=3670100241-00&ServiceCd=110&Type=search", "url2": null }, "geometry": { "type": "Point", "coordinates": [ 134.536489399999937, 34.0874038 ] } },
{ "type": "Feature", "properties": { "内容": "ヘルパーステーションキャット【訪問介護】徳島県徳島市西新浜町一丁目２番６－２号", "url": "https://www.kaigokensaku.mhlw.go.jp/36/index.php?action_kouhyou_detail_004_kani=true&JigyosyoCd=3670106271-00&ServiceCd=110&Type=search", "url2": null }, "geometry": { "type": "Point", "coordinates": [ 134.5634738, 34.04624840000001 ] } },
{ "type": "Feature", "properties": { "内容": "ヘルパーステーションへるぷる【訪問介護】南昭和町一丁目１１番地１イレーネ南昭和３０１", "url": "https://www.kaigokensaku.mhlw.go.jp/36/index.php?action_kouhyou_detail_004_kani=true&JigyosyoCd=3670106297-00&ServiceCd=110&Type=search", "url2": "https://linkle-group.co.jp" }, "geometry": { "type": "Point", "coordinates": [ 134.5555095, 34.0596155 ] } },
{ "type": "Feature", "properties": { "内容": "鮎喰川介護タクシー【訪問介護】徳島県徳島市国府町井戸字堂ノ裏５１−１", "url": "https://www.kaigokensaku.mhlw.go.jp/36/index.php?action_kouhyou_detail_004_kani=true&JigyosyoCd=3670101058-00&ServiceCd=110&Type=search", "url2": null }, "geometry": { "type": "Point", "coordinates": [ 134.484213899999986, 34.0857199 ] } },
{ "type": "Feature", "properties": { "内容": "訪問介護ステーション藍【訪問介護】徳島市蔵本町1丁目25-11", "url": "https://www.kaigokensaku.mhlw.go.jp/36/index.php?action_kouhyou_detail_004_kani=true&JigyosyoCd=3670106073-00&ServiceCd=110&Type=search", "url2": "http://tenma-hpg.com/" }, "geometry": { "type": "Point", "coordinates": [ 134.5194281, 34.078696 ] } },
{ "type": "Feature", "properties": { "内容": "アンヘルパーステーション【訪問介護】徳島県徳島市川内町加賀須野600－1", "url": "https://www.kaigokensaku.mhlw.go.jp/36/index.php?action_kouhyou_detail_004_kani=true&JigyosyoCd=3670104540-00&ServiceCd=110&Type=search", "url2": "hp.kaipoke.biz/bx7/" }, "geometry": { "type": "Point", "coordinates": [ 134.580775899999907, 34.1272996 ] } },
{ "type": "Feature", "properties": { "内容": "ヘルパーステーションエクセレント城北【訪問介護】徳島県徳島市南矢三町１丁目４０３－５ＯＨＫＡＷＡビル１Ｆ", "url": "https://www.kaigokensaku.mhlw.go.jp/36/index.php?action_kouhyou_detail_004_kani=true&JigyosyoCd=3670102932-00&ServiceCd=110&Type=search", "url2": "http://www.excare.co.jp/" }, "geometry": { "type": "Point", "coordinates": [ 134.532576, 34.0829264 ] } },
{ "type": "Feature", "properties": { "内容": "ニチイケアセンター二軒屋【訪問介護】徳島県徳島市南二軒屋町2-1176-1豊田ビル1階", "url": "https://www.kaigokensaku.mhlw.go.jp/36/index.php?action_kouhyou_detail_004_kani=true&JigyosyoCd=3670100092-00&ServiceCd=110&Type=search", "url2": "http://www.nichiigakkan.co.jp" }, "geometry": { "type": "Point", "coordinates": [ 134.544903100000056, 34.0527189 ] } },
{ "type": "Feature", "properties": { "内容": "みつばちケア【訪問介護】徳島県徳島市南島田町二丁目１２０番地１０", "url": "https://www.kaigokensaku.mhlw.go.jp/36/index.php?action_kouhyou_detail_004_kani=true&JigyosyoCd=3670104268-00&ServiceCd=110&Type=search", "url2": null }, "geometry": { "type": "Point", "coordinates": [ 134.5102448, 34.0816259 ] } },
{ "type": "Feature", "properties": { "内容": "KAHOHOMECARE【訪問介護】徳島県徳島市八万町馬場山33番地", "url": "https://www.kaigokensaku.mhlw.go.jp/36/index.php?action_kouhyou_detail_004_kani=true&JigyosyoCd=3670106149-00&ServiceCd=110&Type=search", "url2": "https://kaho-home-care.jp/" }, "geometry": { "type": "Point", "coordinates": [ 134.5220964, 34.0476189 ] } },
{ "type": "Feature", "properties": { "内容": "ケアサポート喜楽【訪問介護】徳島県徳島市末広5丁目1番57-5号", "url": "https://www.kaigokensaku.mhlw.go.jp/36/index.php?action_kouhyou_detail_004_kani=true&JigyosyoCd=3670106057-00&ServiceCd=110&Type=search", "url2": null }, "geometry": { "type": "Point", "coordinates": [ 134.5771977, 34.0633906 ] } },
{ "type": "Feature", "properties": { "内容": "ケアステーション風見鶏　徳島支社【訪問介護】徳島県徳島市佐古5番町5-3", "url": "https://www.kaigokensaku.mhlw.go.jp/36/index.php?action_kouhyou_detail_004_kani=true&JigyosyoCd=3670103005-00&ServiceCd=110&Type=search", "url2": "http://www.mediwell-m.com" }, "geometry": { "type": "Point", "coordinates": [ 134.5319012, 34.0776354 ] } },
{ "type": "Feature", "properties": { "内容": "ヘルパーステーションイツモ【訪問介護】徳島県徳島市佐古二番町5番11号", "url": "https://www.kaigokensaku.mhlw.go.jp/36/index.php?action_kouhyou_detail_004_kani=true&JigyosyoCd=3670105299-00&ServiceCd=110&Type=search", "url2": "http://itsumosmile.jp/" }, "geometry": { "type": "Point", "coordinates": [ 134.538474400000013, 34.077175 ] } },
{ "type": "Feature", "properties": { "内容": "医療法人慈成会ホームヘルプサービスてらさわ【訪問介護】徳島県徳島市津田西町1丁目３－９", "url": "https://www.kaigokensaku.mhlw.go.jp/36/index.php?action_kouhyou_detail_004_kani=true&JigyosyoCd=3660190087-00&ServiceCd=110&Type=search", "url2": null }, "geometry": { "type": "Point", "coordinates": [ 134.5766026, 34.0511252 ] } },
{ "type": "Feature", "properties": { "内容": "松村病院　訪問介護事業所【訪問介護】徳島県徳島市川内町鶴島162サービス付き高齢者向け住宅わかくさ", "url": "https://www.kaigokensaku.mhlw.go.jp/36/index.php?action_kouhyou_detail_004_kani=true&JigyosyoCd=3610125076-00&ServiceCd=110&Type=search", "url2": "http://www.wakakusakai.com" }, "geometry": { "type": "Point", "coordinates": [ 134.578096499999987, 34.1166194 ] } },
{ "type": "Feature", "properties": { "内容": "徳島市医師会ヘルパーステーション【訪問介護】徳島県徳島市幸町３丁目７７番地徳島市医師会館３階", "url": "https://www.kaigokensaku.mhlw.go.jp/36/index.php?action_kouhyou_detail_004_kani=true&JigyosyoCd=3660190004-00&ServiceCd=110&Type=search", "url2": "http://www.tokushimashi-med.or.jp/" }, "geometry": { "type": "Point", "coordinates": [ 134.555803730302387, 34.068823675567685 ] } },
{ "type": "Feature", "properties": { "内容": "ホームケア茶々【訪問介護】川内町旭野226-3-2Ｆ", "url": "https://www.kaigokensaku.mhlw.go.jp/36/index.php?action_kouhyou_detail_004_kani=true&JigyosyoCd=3670103567-00&ServiceCd=110&Type=search", "url2": null }, "geometry": { "type": "Point", "coordinates": [ 134.601055800000012, 34.0937677 ] } },
{ "type": "Feature", "properties": { "内容": "ヘルパーステーションゆめ【訪問介護】徳島県徳島市名東町１丁目９９－２", "url": "https://www.kaigokensaku.mhlw.go.jp/36/index.php?action_kouhyou_detail_004_kani=true&JigyosyoCd=3660190541-00&ServiceCd=110&Type=search", "url2": "https;//minnanoouti-mtk.com" }, "geometry": { "type": "Point", "coordinates": [ 138.252924, 36.204824 ] } },
{ "type": "Feature", "properties": { "内容": "株式会社YOU介護サービス【訪問介護】徳島市八万町千鳥２４－２", "url": "https://www.kaigokensaku.mhlw.go.jp/36/index.php?action_kouhyou_detail_004_kani=true&JigyosyoCd=3670102767-00&ServiceCd=110&Type=search", "url2": null }, "geometry": { "type": "Point", "coordinates": [ 134.535762200000022, 34.050333 ] } },
{ "type": "Feature", "properties": { "内容": "ヘルパーステーション晴れの日【訪問介護】徳島県徳島市住吉一丁目４番３３号", "url": "https://www.kaigokensaku.mhlw.go.jp/36/index.php?action_kouhyou_detail_004_kani=true&JigyosyoCd=3670106172-00&ServiceCd=110&Type=search", "url2": null }, "geometry": { "type": "Point", "coordinates": [ 134.564617020237733, 34.074471194451874 ] } },
{ "type": "Feature", "properties": { "内容": "ヘルパーステーションひなた【訪問介護】徳島県徳島市名東町３丁目３３２番地の７０", "url": "https://www.kaigokensaku.mhlw.go.jp/36/index.php?action_kouhyou_detail_004_kani=true&JigyosyoCd=3670104656-00&ServiceCd=110&Type=search", "url2": null }, "geometry": { "type": "Point", "coordinates": [ 134.488124800000037, 34.0502874 ] } },
{ "type": "Feature", "properties": { "内容": "ヘルパーステーションエクセレント城南【訪問介護】徳島県徳島市八万町川南62-1", "url": "https://www.kaigokensaku.mhlw.go.jp/36/index.php?action_kouhyou_detail_004_kani=true&JigyosyoCd=3670103948-00&ServiceCd=110&Type=search", "url2": "http://www.excare.co.jp" }, "geometry": { "type": "Point", "coordinates": [ 134.540070199999946, 34.0444003 ] } },
{ "type": "Feature", "properties": { "内容": "ニチイケアセンター徳島西【訪問介護】徳島県徳島市国府町府中字市ノ窪588番地6", "url": "https://www.kaigokensaku.mhlw.go.jp/36/index.php?action_kouhyou_detail_004_kani=true&JigyosyoCd=3670100456-00&ServiceCd=110&Type=search", "url2": "http://www.nichiigakkan.co.jp" }, "geometry": { "type": "Point", "coordinates": [ 134.480696099999989, 34.073461700000024 ] } },
{ "type": "Feature", "properties": { "内容": "ニチイケアセンター矢三【訪問介護】徳島県徳島市南矢三町3丁目2-38", "url": "https://www.kaigokensaku.mhlw.go.jp/36/index.php?action_kouhyou_detail_004_kani=true&JigyosyoCd=3670105323-00&ServiceCd=110&Type=search", "url2": "http://www.nichiigakkan.co.jp" }, "geometry": { "type": "Point", "coordinates": [ 134.5226903, 34.0836861 ] } },
{ "type": "Feature", "properties": { "内容": "花乃苑訪問介護センター【訪問介護】徳島市北沖洲2丁目9番55号", "url": "https://www.kaigokensaku.mhlw.go.jp/36/index.php?action_kouhyou_detail_004_kani=true&JigyosyoCd=3670102833-00&ServiceCd=110&Type=search", "url2": "https://hananoen-group.com/" }, "geometry": { "type": "Point", "coordinates": [ 134.588371400000028, 34.0702009 ] } },
{ "type": "Feature", "properties": { "内容": "すこやかヘルパーステーション【訪問介護】徳島県徳島市北沖洲２丁目３番４４号タウンパレス１０１号", "url": "https://www.kaigokensaku.mhlw.go.jp/36/index.php?action_kouhyou_detail_004_kani=true&JigyosyoCd=3670103146-00&ServiceCd=110&Type=search", "url2": null }, "geometry": { "type": "Point", "coordinates": [ 134.58619, 34.066636700000011 ] } },
{ "type": "Feature", "properties": { "内容": "富久ヘルパーステーション【訪問介護】徳島県徳島市川内町富久102－4", "url": "https://www.kaigokensaku.mhlw.go.jp/36/index.php?action_kouhyou_detail_004_kani=true&JigyosyoCd=3670104706-00&ServiceCd=110&Type=search", "url2": null }, "geometry": { "type": "Point", "coordinates": [ 134.5914146, 34.1046801 ] } },
{ "type": "Feature", "properties": { "内容": "社会福祉法人飛鳥ヘルパーステーション【訪問介護】徳島県徳島市北佐古一番町1番6号", "url": "https://www.kaigokensaku.mhlw.go.jp/36/index.php?action_kouhyou_detail_004_kani=true&JigyosyoCd=3670105406-00&ServiceCd=110&Type=search", "url2": "http://asuka.khg.or.jp/helper.html" }, "geometry": { "type": "Point", "coordinates": [ 134.5415573, 34.079404 ] } },
{ "type": "Feature", "properties": { "内容": "ヘルパーステーションなないろ【訪問介護】徳島県徳島市中島田町４丁目５番地９", "url": "https://www.kaigokensaku.mhlw.go.jp/36/index.php?action_kouhyou_detail_004_kani=true&JigyosyoCd=3670102718-00&ServiceCd=110&Type=search", "url2": null }, "geometry": { "type": "Point", "coordinates": [ 134.5088561, 34.0815148 ] } },
{ "type": "Feature", "properties": { "内容": "とくしま健生ヘルパーステーション【訪問介護】徳島県徳島市吉野本町６丁目３０－４健生在宅ケアセンター2階", "url": "https://www.kaigokensaku.mhlw.go.jp/36/index.php?action_kouhyou_detail_004_kani=true&JigyosyoCd=3670100597-00&ServiceCd=110&Type=search", "url2": "http:／／www2.tch.ne.jp/～ｈcoopt" }, "geometry": { "type": "Point", "coordinates": [ 134.55247410000004, 34.0868015 ] } },
{ "type": "Feature", "properties": { "内容": "訪問介護大きなエプロン【訪問介護】徳島県徳島市南佐古七番町１－２４", "url": "https://www.kaigokensaku.mhlw.go.jp/36/index.php?action_kouhyou_detail_004_kani=true&JigyosyoCd=3670102379-00&ServiceCd=110&Type=search", "url2": "http://ookina-apron.jp/wordpress/" }, "geometry": { "type": "Point", "coordinates": [ 134.525151378478796, 34.076152030406249 ] } },
{ "type": "Feature", "properties": { "内容": "ヘルパーステーションあじさいのもり【訪問介護】徳島県徳島市南矢三町３丁目３番47号ヘルパーステーションあじさいのもり", "url": "https://www.kaigokensaku.mhlw.go.jp/36/index.php?action_kouhyou_detail_004_kani=true&JigyosyoCd=3670105224-00&ServiceCd=110&Type=search", "url2": null }, "geometry": { "type": "Point", "coordinates": [ 134.521820686508107, 34.084184759400202 ] } },
{ "type": "Feature", "properties": { "内容": "ヘルパーステーションおーぷんはーと【訪問介護】徳島県徳島市末広五丁目4番16号", "url": "https://www.kaigokensaku.mhlw.go.jp/36/index.php?action_kouhyou_detail_004_kani=true&JigyosyoCd=3670103716-00&ServiceCd=110&Type=search", "url2": null }, "geometry": { "type": "Point", "coordinates": [ 134.5770973, 34.0649514 ] } },
{ "type": "Feature", "properties": { "内容": "訪問介護ゲンキ丸【訪問介護】徳島県徳島市大原町千代ヶ丸５番地", "url": "https://www.kaigokensaku.mhlw.go.jp/36/index.php?action_kouhyou_detail_004_kani=true&JigyosyoCd=3670102437-00&ServiceCd=110&Type=search", "url2": null }, "geometry": { "type": "Point", "coordinates": [ 134.565037500000017, 34.023061600000034 ] } },
{ "type": "Feature", "properties": { "内容": "ヘルパーステーションあいじつ【訪問介護】徳島県徳島市佐古四番町6-11愛日ビル3・4階", "url": "https://www.kaigokensaku.mhlw.go.jp/36/index.php?action_kouhyou_detail_004_kani=true&JigyosyoCd=3670103351-00&ServiceCd=110&Type=search", "url2": "http://www.youaijitu.com/" }, "geometry": { "type": "Point", "coordinates": [ 134.532306699999907, 34.077685400000014 ] } },
{ "type": "Feature", "properties": { "内容": "きらら訪問介護サービス【訪問介護】徳島県徳島市北山町岩崎11番地3", "url": "https://www.kaigokensaku.mhlw.go.jp/36/index.php?action_kouhyou_detail_004_kani=true&JigyosyoCd=3670103104-00&ServiceCd=110&Type=search", "url2": "http://r.goope.jp/kiraraen" }, "geometry": { "type": "Point", "coordinates": [ 134.5355624, 34.024125 ] } },
{ "type": "Feature", "properties": { "内容": "ヘルパーステーション虹の橋【訪問介護】徳島県徳島市藍場町1-5ゲートウェイWEST徳島3F　303号室", "url": "https://www.kaigokensaku.mhlw.go.jp/36/index.php?action_kouhyou_detail_004_kani=true&JigyosyoCd=3670103583-00&ServiceCd=110&Type=search", "url2": "https://nijinohashikaigo.com/" }, "geometry": { "type": "Point", "coordinates": [ 134.54888585468089, 34.072676236911995 ] } },
{ "type": "Feature", "properties": { "内容": "ヘルパーステーションジラソーレ大松【訪問介護】徳島県徳島市大松町榎原外50-1ジラソーレ大松", "url": "https://www.kaigokensaku.mhlw.go.jp/36/index.php?action_kouhyou_detail_004_kani=true&JigyosyoCd=3610127122-00&ServiceCd=110&Type=search", "url2": "http://himawari-gi.com" }, "geometry": { "type": "Point", "coordinates": [ 134.555985661901786, 34.024753716960291 ] } },
{ "type": "Feature", "properties": { "内容": "ヘルパーステーションレインボー【訪問介護】徳島県徳島市藍場町1-5ゲートウェイWEST徳島3F303号室", "url": "https://www.kaigokensaku.mhlw.go.jp/36/index.php?action_kouhyou_detail_004_kani=true&JigyosyoCd=3670105661-00&ServiceCd=110&Type=search", "url2": "https://nijinohashikaigo.com/" }, "geometry": { "type": "Point", "coordinates": [ 134.548914867845156, 34.072659821034563 ] } },
{ "type": "Feature", "properties": { "内容": "介護老人保健施設エルダリーガーデン【訪問介護】徳島県徳島市南庄町4丁目60番地2", "url": "https://www.kaigokensaku.mhlw.go.jp/36/index.php?action_kouhyou_detail_004_kani=true&JigyosyoCd=3650180163-00&ServiceCd=110&Type=search", "url2": "http://www.matsunaga-hp.jp/elderlygarden" }, "geometry": { "type": "Point", "coordinates": [ 134.508234099999981, 34.072277 ] } },
{ "type": "Feature", "properties": { "内容": "ヘルパーステーションKanoa【訪問介護】徳島県徳島市中前川町4丁目8-1", "url": "https://www.kaigokensaku.mhlw.go.jp/36/index.php?action_kouhyou_detail_004_kani=true&JigyosyoCd=3670106131-00&ServiceCd=110&Type=search", "url2": "https：//ohana0323．com" }, "geometry": { "type": "Point", "coordinates": [ 134.554846300000037, 34.0492255 ] } },
{ "type": "Feature", "properties": { "内容": "アメイン訪問介護ステーション【訪問介護】蔵本町2丁目20宮城ビル205号室", "url": "https://www.kaigokensaku.mhlw.go.jp/36/index.php?action_kouhyou_detail_004_kani=true&JigyosyoCd=3670106263-00&ServiceCd=110&Type=search", "url2": null }, "geometry": { "type": "Point", "coordinates": [ 134.5191017, 34.0775137 ] } },
{ "type": "Feature", "properties": { "内容": "ケアサポートＡＬＬはぁーと【訪問介護】徳島県徳島市春日3丁目2-7", "url": "https://www.kaigokensaku.mhlw.go.jp/36/index.php?action_kouhyou_detail_004_kani=true&JigyosyoCd=3670104664-00&ServiceCd=110&Type=search", "url2": null }, "geometry": { "type": "Point", "coordinates": [ 134.5258921, 34.089527200000035 ] } },
{ "type": "Feature", "properties": { "内容": "ニチイケアセンターおきのす【訪問介護】徳島県徳島市北沖洲3丁目8番7-5号", "url": "https://www.kaigokensaku.mhlw.go.jp/36/index.php?action_kouhyou_detail_004_kani=true&JigyosyoCd=3670103138-00&ServiceCd=110&Type=search", "url2": "http://nichiigakkan.co.jp" }, "geometry": { "type": "Point", "coordinates": [ 134.589710100000048, 34.0700398 ] } },
{ "type": "Feature", "properties": { "内容": "ヘルパーステーション秋桜【訪問介護】徳島県徳島市金沢２丁目５－７６", "url": "https://www.kaigokensaku.mhlw.go.jp/36/index.php?action_kouhyou_detail_004_kani=true&JigyosyoCd=3670104680-00&ServiceCd=110&Type=search", "url2": null }, "geometry": { "type": "Point", "coordinates": [ 134.585535757615787, 34.074382239278179 ] } },
{ "type": "Feature", "properties": { "内容": "高杉訪問介護事業所【訪問介護】徳島県徳島市国府町芝原字天満24-15", "url": "https://www.kaigokensaku.mhlw.go.jp/36/index.php?action_kouhyou_detail_004_kani=true&JigyosyoCd=3670106214-00&ServiceCd=110&Type=search", "url2": null }, "geometry": { "type": "Point", "coordinates": [ 134.463589, 34.100029 ] } },
{ "type": "Feature", "properties": { "内容": "ケアセンターぷらす【訪問介護】徳島市蔵本町二丁目11番地ダイバーシティビル605号", "url": "https://www.kaigokensaku.mhlw.go.jp/36/index.php?action_kouhyou_detail_004_kani=true&JigyosyoCd=3670105653-00&ServiceCd=110&Type=search", "url2": null }, "geometry": { "type": "Point", "coordinates": [ 134.5190677, 34.0787839 ] } },
{ "type": "Feature", "properties": { "内容": "訪問介護ステーションBaton【訪問介護】徳島県徳島市新浜町4丁目3番34号プレジール四丁目101", "url": "https://www.kaigokensaku.mhlw.go.jp/36/index.php?action_kouhyou_detail_004_kani=true&JigyosyoCd=3670106206-00&ServiceCd=110&Type=search", "url2": "https://www.yabe-care.com" }, "geometry": { "type": "Point", "coordinates": [ 134.5655252, 34.0490618 ] } },
{ "type": "Feature", "properties": { "内容": "健祥会ヘルパーステーション徳島【訪問介護】徳島県徳島市国府町東高輪字天満347番地1健祥会ひまわり内", "url": "https://www.kaigokensaku.mhlw.go.jp/36/index.php?action_kouhyou_detail_004_kani=true&JigyosyoCd=3670100233-00&ServiceCd=110&Type=search", "url2": "https://www.kenshokai.group/" }, "geometry": { "type": "Point", "coordinates": [ 134.481402280812063, 34.090514799796594 ] } },
{ "type": "Feature", "properties": { "内容": "光の園ヘルパーステーション【訪問介護】徳島県徳島市渋野町西池27-1光の園", "url": "https://www.kaigokensaku.mhlw.go.jp/36/index.php?action_kouhyou_detail_004_kani=true&JigyosyoCd=3670105463-00&ServiceCd=110&Type=search", "url2": "http://seiyohkai.jp/" }, "geometry": { "type": "Point", "coordinates": [ 134.5364025, 34.0037471 ] } },
{ "type": "Feature", "properties": { "内容": "白寿会ヘルパーステーション【訪問介護】徳島県徳島市住吉四丁目12番10号", "url": "https://www.kaigokensaku.mhlw.go.jp/36/index.php?action_kouhyou_detail_004_kani=true&JigyosyoCd=3670100175-00&ServiceCd=110&Type=search", "url2": "http://hakuju-kai.or.jp/" }, "geometry": { "type": "Point", "coordinates": [ 134.569017199999962, 34.0827271 ] } },
{ "type": "Feature", "properties": { "内容": "すえひろヘルパーステーション【訪問介護】徳島市南末広町3番45-8号", "url": "https://www.kaigokensaku.mhlw.go.jp/36/index.php?action_kouhyou_detail_004_kani=true&JigyosyoCd=3670103575-00&ServiceCd=110&Type=search", "url2": null }, "geometry": { "type": "Point", "coordinates": [ 134.5735999, 34.0632949 ] } },
{ "type": "Feature", "properties": { "内容": "ライフアシスタント　こもれび【訪問介護】徳島県徳島市南佐古八番町４－８", "url": "https://www.kaigokensaku.mhlw.go.jp/36/index.php?action_kouhyou_detail_004_kani=true&JigyosyoCd=3670100829-00&ServiceCd=110&Type=search", "url2": null }, "geometry": { "type": "Point", "coordinates": [ 134.522661122540967, 34.073107843809439 ] } },
{ "type": "Feature", "properties": { "内容": "訪問介護ステーション彩とり【訪問介護】徳島県徳島市方上町中須賀31番地1", "url": "https://www.kaigokensaku.mhlw.go.jp/36/index.php?action_kouhyou_detail_004_kani=true&JigyosyoCd=3670102585-00&ServiceCd=110&Type=search", "url2": "grandforest.co.jp" }, "geometry": { "type": "Point", "coordinates": [ 134.539175900000032, 34.0271274 ] } },
{ "type": "Feature", "properties": { "内容": "ヘルパーステーション阿波っ子【訪問介護】徳島県徳島市国府町和田字居内１０７番地", "url": "https://www.kaigokensaku.mhlw.go.jp/36/index.php?action_kouhyou_detail_004_kani=true&JigyosyoCd=3670103344-00&ServiceCd=110&Type=search", "url2": "tamaki-aozora.ne.jp" }, "geometry": { "type": "Point", "coordinates": [ 134.490835699999934, 34.0747872 ] } },
{ "type": "Feature", "properties": { "内容": "ヘルパーステーションふれあい【訪問介護】徳島県徳島市中央通一丁目27番地水落ビル2階", "url": "https://www.kaigokensaku.mhlw.go.jp/36/index.php?action_kouhyou_detail_004_kani=true&JigyosyoCd=3670100688-00&ServiceCd=110&Type=search", "url2": null }, "geometry": { "type": "Point", "coordinates": [ 134.550116500000058, 34.0638513 ] } },
{ "type": "Feature", "properties": { "内容": "ヘルパーステーションつくし【訪問介護】徳島県徳島市南昭和町五丁目68-2", "url": "https://www.kaigokensaku.mhlw.go.jp/36/index.php?action_kouhyou_detail_004_kani=true&JigyosyoCd=3670105885-00&ServiceCd=110&Type=search", "url2": null }, "geometry": { "type": "Point", "coordinates": [ 134.5625322, 34.0557781 ] } },
{ "type": "Feature", "properties": { "内容": "山城ヘルパーステーション【訪問介護】徳島県徳島市南昭和町2丁目4－7", "url": "https://www.kaigokensaku.mhlw.go.jp/36/index.php?action_kouhyou_detail_004_kani=true&JigyosyoCd=3670103237-00&ServiceCd=110&Type=search", "url2": "https://yamashiro-clinic.jp/home-care" }, "geometry": { "type": "Point", "coordinates": [ 134.556581667713004, 34.059773505324102 ] } },
{ "type": "Feature", "properties": { "内容": "アイワヘルパーステーション【訪問介護】徳島県徳島市北矢三町四丁目６－６１メゾニティ北矢三Ｂ－１０１", "url": "https://www.kaigokensaku.mhlw.go.jp/36/index.php?action_kouhyou_detail_004_kani=true&JigyosyoCd=3670104581-00&ServiceCd=110&Type=search", "url2": null }, "geometry": { "type": "Point", "coordinates": [ 134.519073803996065, 34.085374851282374 ] } },
{ "type": "Feature", "properties": { "内容": "光風会ホームヘルプサービス【訪問介護】徳島県徳島市下的本丁61-9", "url": "https://www.kaigokensaku.mhlw.go.jp/36/index.php?action_kouhyou_detail_004_kani=true&JigyosyoCd=3670100027-00&ServiceCd=110&Type=search", "url2": "kouhuukai@tk2.nmt.ne.jp" }, "geometry": { "type": "Point", "coordinates": [ 134.4857312, 34.0361347 ] } },
{ "type": "Feature", "properties": { "内容": "有限会社コスモス【訪問介護】徳島県徳島市大原町内開25番地", "url": "https://www.kaigokensaku.mhlw.go.jp/36/index.php?action_kouhyou_detail_004_kani=true&JigyosyoCd=3670400336-00&ServiceCd=110&Type=search", "url2": null }, "geometry": { "type": "Point", "coordinates": [ 134.5696595538069, 34.027504302623797 ] } },
{ "type": "Feature", "properties": { "内容": "安全タクシー株式会社【訪問介護】徳島県徳島市鮎喰町２丁目７７", "url": "https://www.kaigokensaku.mhlw.go.jp/36/index.php?action_kouhyou_detail_004_kani=true&JigyosyoCd=3670101116-00&ServiceCd=110&Type=search", "url2": "anzen4988@violin.ocn.ne.jp" }, "geometry": { "type": "Point", "coordinates": [ 134.5002515, 34.0722545 ] } },
{ "type": "Feature", "properties": { "内容": "ヘルパーステーション　遊【訪問介護】徳島県徳島市佐古六番町9番3号サービス付き高齢者向け住宅　遊", "url": "https://www.kaigokensaku.mhlw.go.jp/36/index.php?action_kouhyou_detail_004_kani=true&JigyosyoCd=3670103880-00&ServiceCd=110&Type=search", "url2": "http://www.yoshinari-you.com" }, "geometry": { "type": "Point", "coordinates": [ 134.529493099999968, 34.079349 ] } },
{ "type": "Feature", "properties": { "内容": "ヘルパーステーション心陽【訪問介護】徳島県徳島市南昭和町５丁目６８－２昭和マンションB-15", "url": "https://www.kaigokensaku.mhlw.go.jp/36/index.php?action_kouhyou_detail_004_kani=true&JigyosyoCd=3670106289-00&ServiceCd=110&Type=search", "url2": null }, "geometry": { "type": "Point", "coordinates": [ 134.5625169, 34.0557752 ] } },
{ "type": "Feature", "properties": { "内容": "ケアステーション　未来【訪問介護】徳島県徳島市名東町3丁目332番地の66自宅", "url": "https://www.kaigokensaku.mhlw.go.jp/36/index.php?action_kouhyou_detail_004_kani=true&JigyosyoCd=3670104557-00&ServiceCd=110&Type=search", "url2": null }, "geometry": { "type": "Point", "coordinates": [ 134.487599899999964, 34.049937400000019 ] } },
{ "type": "Feature", "properties": { "内容": "ホームケアべんり堂　ヘルパーステーション【訪問介護】徳島県徳島市北矢三町1丁目１番１５号べんり堂ビル", "url": "https://www.kaigokensaku.mhlw.go.jp/36/index.php?action_kouhyou_detail_004_kani=true&JigyosyoCd=3670100357-00&ServiceCd=110&Type=search", "url2": "http://www.benrido.net/" }, "geometry": { "type": "Point", "coordinates": [ 134.528917900000039, 34.0864814 ] } },
{ "type": "Feature", "properties": { "内容": "末広ヘルパーステーション【訪問介護】徳島県徳島市南末広町1-12", "url": "https://www.kaigokensaku.mhlw.go.jp/36/index.php?action_kouhyou_detail_004_kani=true&JigyosyoCd=3670104029-00&ServiceCd=110&Type=search", "url2": "https://ichie-kizuna.or.jp/" }, "geometry": { "type": "Point", "coordinates": [ 134.571153399999957, 34.0639321 ] } },
{ "type": "Feature", "properties": { "内容": "ヘルパーステーションMelia【訪問介護】徳島市末広１丁目５ー１１２０５号室　PinoⅡ", "url": "https://www.kaigokensaku.mhlw.go.jp/36/index.php?action_kouhyou_detail_004_kani=true&JigyosyoCd=3670106362-00&ServiceCd=110&Type=search", "url2": "https://www.tasuki-group.jp/" }, "geometry": { "type": "Point", "coordinates": [ 134.570835699999975, 34.0646946 ] } },
{ "type": "Feature", "properties": { "内容": "ケアサービス　のぞみ【訪問介護】徳島県徳島市丈六町八万免64-1", "url": "https://www.kaigokensaku.mhlw.go.jp/36/index.php?action_kouhyou_detail_004_kani=true&JigyosyoCd=3670102460-00&ServiceCd=110&Type=search", "url2": "http://kidsnozomi.jimdo.com" }, "geometry": { "type": "Point", "coordinates": [ 134.54880060000005, 34.0097689 ] } },
{ "type": "Feature", "properties": { "内容": "ヘルパーステーションＫＯＫＵＡ【訪問介護】徳島市佐古八番町５－１５-203号杉田マンション杉田マンション２０３", "url": "https://www.kaigokensaku.mhlw.go.jp/36/index.php?action_kouhyou_detail_004_kani=true&JigyosyoCd=3670105927-00&ServiceCd=110&Type=search", "url2": null }, "geometry": { "type": "Point", "coordinates": [ 134.521825299999989, 34.078716900000011 ] } },
{ "type": "Feature", "properties": { "内容": "指定居宅介護サービス事業所　エンジェル【訪問介護】徳島市佐古二番町11番6号", "url": "https://www.kaigokensaku.mhlw.go.jp/36/index.php?action_kouhyou_detail_004_kani=true&JigyosyoCd=3670100654-00&ServiceCd=110&Type=search", "url2": null }, "geometry": { "type": "Point", "coordinates": [ 134.537420099999963, 34.0788132 ] } },
{ "type": "Feature", "properties": { "内容": "TAOKAヘルパーステーション山手【訪問介護】徳島県徳島市東山手町1丁目5", "url": "https://www.kaigokensaku.mhlw.go.jp/36/index.php?action_kouhyou_detail_004_kani=true&JigyosyoCd=3670101959-00&ServiceCd=110&Type=search", "url2": "https://taoka-zaitaku.jp/" }, "geometry": { "type": "Point", "coordinates": [ 134.545694365870645, 34.069786773264255 ] } },
{ "type": "Feature", "properties": { "内容": "フクシス【訪問介護】徳島県徳島市新蔵町３丁目８番ロイヤルハイツ１０１号", "url": "https://www.kaigokensaku.mhlw.go.jp/36/index.php?action_kouhyou_detail_004_kani=true&JigyosyoCd=3670102148-00&ServiceCd=110&Type=search", "url2": null }, "geometry": { "type": "Point", "coordinates": [ 134.560915499999965, 34.0704925 ] } },
{ "type": "Feature", "properties": { "内容": "ケアサポートゆとり【訪問介護】徳島県鳴門市鳴門町高島字竹島363-１", "url": "https://www.kaigokensaku.mhlw.go.jp/36/index.php?action_kouhyou_detail_004_kani=true&JigyosyoCd=3670200603-00&ServiceCd=110&Type=search", "url2": null }, "geometry": { "type": "Point", "coordinates": [ 134.602292300000045, 34.1720483 ] } },
{ "type": "Feature", "properties": { "内容": "ライフサポート・コラボ【訪問介護】徳島県鳴門市大津町大代672-1", "url": "https://www.kaigokensaku.mhlw.go.jp/36/index.php?action_kouhyou_detail_004_kani=true&JigyosyoCd=3670200579-00&ServiceCd=110&Type=search", "url2": null }, "geometry": { "type": "Point", "coordinates": [ 134.570198799999957, 34.1662291 ] } },
{ "type": "Feature", "properties": { "内容": "訪問介護サービス　ふるさと【訪問介護】徳島県鳴門市大麻町大谷字森崎44-10", "url": "https://www.kaigokensaku.mhlw.go.jp/36/index.php?action_kouhyou_detail_004_kani=true&JigyosyoCd=3670200819-00&ServiceCd=110&Type=search", "url2": null }, "geometry": { "type": "Point", "coordinates": [ 134.544762200000037, 34.1584131 ] } },
{ "type": "Feature", "properties": { "内容": "合同会社ヘルパーステーションかなた訪問介護事業所【訪問介護】徳島県鳴門市鳴門町高島字中島２６８番地", "url": "https://www.kaigokensaku.mhlw.go.jp/36/index.php?action_kouhyou_detail_004_kani=true&JigyosyoCd=3670201023-00&ServiceCd=110&Type=search", "url2": null }, "geometry": { "type": "Point", "coordinates": [ 134.601875699999937, 34.2020721 ] } },
{ "type": "Feature", "properties": { "内容": "COCOサポートOTOMO【訪問介護】大麻町桧字ダンノ上24番地", "url": "https://www.kaigokensaku.mhlw.go.jp/36/index.php?action_kouhyou_detail_004_kani=true&JigyosyoCd=3670201130-00&ServiceCd=110&Type=search", "url2": "https://kokohana-kaigo.net/" }, "geometry": { "type": "Point", "coordinates": [ 134.49158030000001, 34.1546238 ] } },
{ "type": "Feature", "properties": { "内容": "株式会社　花雲【訪問介護】徳島県鳴門市鳴門町高島字浜中74番地", "url": "https://www.kaigokensaku.mhlw.go.jp/36/index.php?action_kouhyou_detail_004_kani=true&JigyosyoCd=3670200926-00&ServiceCd=110&Type=search", "url2": "http://www.kaun-takashima.com" }, "geometry": { "type": "Point", "coordinates": [ 134.590584121840692, 34.202997209041399 ] } },
{ "type": "Feature", "properties": { "内容": "山びこへるぷケアセンター【訪問介護】徳島県鳴門市大津町木津野字仲ノ越84-2", "url": "https://www.kaigokensaku.mhlw.go.jp/36/index.php?action_kouhyou_detail_004_kani=true&JigyosyoCd=3670200173-00&ServiceCd=110&Type=search", "url2": "houmonkaigo@yamabikohelp.com" }, "geometry": { "type": "Point", "coordinates": [ 134.591295582785932, 34.167460758771078 ] } },
{ "type": "Feature", "properties": { "内容": "訪問介護センターたなごころ【訪問介護】徳島県鳴門市撫養町斎田字西発47-10", "url": "https://www.kaigokensaku.mhlw.go.jp/36/index.php?action_kouhyou_detail_004_kani=true&JigyosyoCd=3670200868-00&ServiceCd=110&Type=search", "url2": "https://npoyamayaku.main.jp/訪問介護センターたなごころ/" }, "geometry": { "type": "Point", "coordinates": [ 134.603353299999981, 34.1695515 ] } },
{ "type": "Feature", "properties": { "内容": "ヘルパーステーション　いろは【訪問介護】徳島県鳴門市大麻町姫田字久保ノ内２６－１８", "url": "https://www.kaigokensaku.mhlw.go.jp/36/index.php?action_kouhyou_detail_004_kani=true&JigyosyoCd=3671501058-00&ServiceCd=110&Type=search", "url2": null }, "geometry": { "type": "Point", "coordinates": [ 134.5577194, 34.1649626 ] } },
{ "type": "Feature", "properties": { "内容": "合同会社ＣｏＣｏヘルパースーション【訪問介護】徳島県鳴門市大津町矢倉字裏15番地９", "url": "https://www.kaigokensaku.mhlw.go.jp/36/index.php?action_kouhyou_detail_004_kani=true&JigyosyoCd=3670200660-00&ServiceCd=110&Type=search", "url2": null }, "geometry": { "type": "Point", "coordinates": [ 134.592787, 34.1583753 ] } },
{ "type": "Feature", "properties": { "内容": "社会福祉法人鳴門市社会福祉協議会訪問介護事業所【訪問介護】徳島県鳴門市撫養町南浜字東浜165番地10鳴門市産業福祉センター", "url": "https://www.kaigokensaku.mhlw.go.jp/36/index.php?action_kouhyou_detail_004_kani=true&JigyosyoCd=3670200090-00&ServiceCd=110&Type=search", "url2": "http://www.narutoshi.-shakyo.com" }, "geometry": { "type": "Point", "coordinates": [ 134.609296978884089, 34.173658691624055 ] } },
{ "type": "Feature", "properties": { "内容": "ホームヘルパーステーションおおつ【訪問介護】徳島県鳴門市大津町大代字戎野472番地", "url": "https://www.kaigokensaku.mhlw.go.jp/36/index.php?action_kouhyou_detail_004_kani=true&JigyosyoCd=3670200454-00&ServiceCd=110&Type=search", "url2": "http://www.ryokujyukai.com" }, "geometry": { "type": "Point", "coordinates": [ 134.573879, 34.159638 ] } },
{ "type": "Feature", "properties": { "内容": "ヘルパーステーションぴいぷる【訪問介護】徳島県鳴門市撫養町斎田字見白12-7", "url": "https://www.kaigokensaku.mhlw.go.jp/36/index.php?action_kouhyou_detail_004_kani=true&JigyosyoCd=3670201163-00&ServiceCd=110&Type=search", "url2": null }, "geometry": { "type": "Point", "coordinates": [ 134.5979107, 34.1827771 ] } },
{ "type": "Feature", "properties": { "内容": "貴洋会在宅介護支援センター【訪問介護】徳島県鳴門市撫養町立岩字5枚146", "url": "https://www.kaigokensaku.mhlw.go.jp/36/index.php?action_kouhyou_detail_004_kani=true&JigyosyoCd=3670200058-00&ServiceCd=110&Type=search", "url2": "ｈｔｔｐ：//ｓｙｕｎｃｈｏｅｎ．ｊｐ" }, "geometry": { "type": "Point", "coordinates": [ 134.6207425, 34.1665106 ] } },
{ "type": "Feature", "properties": { "内容": "すみれヘルパーステーション【訪問介護】徳島県鳴門市大津町吉永字三石野777番地", "url": "https://www.kaigokensaku.mhlw.go.jp/36/index.php?action_kouhyou_detail_004_kani=true&JigyosyoCd=3670200686-00&ServiceCd=110&Type=search", "url2": "http://www.hashimoto-clinic.jp" }, "geometry": { "type": "Point", "coordinates": [ 134.605688678326374, 34.165743007051823 ] } },
{ "type": "Feature", "properties": { "内容": "ファミーユ愛【訪問介護】徳島県鳴門市撫養町木津７９８番地3リッチde鳴門Ⅱ105号", "url": "https://www.kaigokensaku.mhlw.go.jp/36/index.php?action_kouhyou_detail_004_kani=true&JigyosyoCd=3670200611-00&ServiceCd=110&Type=search", "url2": null }, "geometry": { "type": "Point", "coordinates": [ 134.582897782278451, 34.16747016222255 ] } },
{ "type": "Feature", "properties": { "内容": "訪問介護事業所ここしあわせ【訪問介護】徳島県鳴門市瀬戸町明神字丸山２５７番地", "url": "https://www.kaigokensaku.mhlw.go.jp/36/index.php?action_kouhyou_detail_004_kani=true&JigyosyoCd=3670201007-00&ServiceCd=110&Type=search", "url2": null }, "geometry": { "type": "Point", "coordinates": [ 134.58246051032873, 34.206932492588678 ] } },
{ "type": "Feature", "properties": { "内容": "ヘルパーステーション　こだぬき【訪問介護】徳島県鳴門市鳴門町高島南370", "url": "https://www.kaigokensaku.mhlw.go.jp/36/index.php?action_kouhyou_detail_004_kani=true&JigyosyoCd=3670201148-00&ServiceCd=110&Type=search", "url2": "http://www13.plala.or.jp/tanukideikoi/index.html" }, "geometry": { "type": "Point", "coordinates": [ 134.5936874, 34.2013408 ] } },
{ "type": "Feature", "properties": { "内容": "ヘルパ－ステイションSaNaMi【訪問介護】徳島県鳴門市撫養町斎田字北浜39-2", "url": "https://www.kaigokensaku.mhlw.go.jp/36/index.php?action_kouhyou_detail_004_kani=true&JigyosyoCd=3670201189-00&ServiceCd=110&Type=search", "url2": null }, "geometry": { "type": "Point", "coordinates": [ 134.605713713491781, 34.177966511230885 ] } },
{ "type": "Feature", "properties": { "内容": "ホームヘルパーステーション　おおあさ【訪問介護】徳島県鳴門市大麻町桧字東山田５８－６", "url": "https://www.kaigokensaku.mhlw.go.jp/36/index.php?action_kouhyou_detail_004_kani=true&JigyosyoCd=3670200033-00&ServiceCd=110&Type=search", "url2": "http//ryokujyukai.com" }, "geometry": { "type": "Point", "coordinates": [ 134.500430700000038, 34.1675533 ] } },
{ "type": "Feature", "properties": { "内容": "ほっとサービス株式会社【訪問介護】徳島県鳴門市撫養町木津943-5", "url": "https://www.kaigokensaku.mhlw.go.jp/36/index.php?action_kouhyou_detail_004_kani=true&JigyosyoCd=3670200553-00&ServiceCd=110&Type=search", "url2": null }, "geometry": { "type": "Point", "coordinates": [ 134.587574200000034, 34.1710701 ] } },
{ "type": "Feature", "properties": { "内容": "なぎの家ヘルパーステーション【訪問介護】徳島県鳴門市撫養町黒崎字松島200番地088-679-6007", "url": "https://www.kaigokensaku.mhlw.go.jp/36/index.php?action_kouhyou_detail_004_kani=true&JigyosyoCd=3670200975-00&ServiceCd=110&Type=search", "url2": "http://www.kanematsu-hp.com/" }, "geometry": { "type": "Point", "coordinates": [ 134.6006569, 34.1878734 ] } },
{ "type": "Feature", "properties": { "内容": "有限会社　ほほえみ【訪問介護】徳島県鳴門市撫養町立岩字五枚220-1", "url": "https://www.kaigokensaku.mhlw.go.jp/36/index.php?action_kouhyou_detail_004_kani=true&JigyosyoCd=3671500597-00&ServiceCd=110&Type=search", "url2": null }, "geometry": { "type": "Point", "coordinates": [ 134.62044549999996, 34.1640219 ] } },
{ "type": "Feature", "properties": { "内容": "京訪問介護サービス【訪問介護】徳島県鳴門市里浦町里浦字坂田４３２－１５５ビィラフェニックス岡崎海岸４０９", "url": "https://www.kaigokensaku.mhlw.go.jp/36/index.php?action_kouhyou_detail_004_kani=true&JigyosyoCd=3670201049-00&ServiceCd=110&Type=search", "url2": null }, "geometry": { "type": "Point", "coordinates": [ 134.631184217095665, 34.180991263831118 ] } },
{ "type": "Feature", "properties": { "内容": "第一介護サービス【訪問介護】徳島県鳴門市撫養町南浜字東浜512番地", "url": "https://www.kaigokensaku.mhlw.go.jp/36/index.php?action_kouhyou_detail_004_kani=true&JigyosyoCd=3670200181-00&ServiceCd=110&Type=search", "url2": null }, "geometry": { "type": "Point", "coordinates": [ 134.60847190000004, 34.175973 ] } },
{ "type": "Feature", "properties": { "内容": "セントケア鳴門【訪問介護】徳島県鳴門市撫養町南浜字東浜31-31土江事務所", "url": "https://www.kaigokensaku.mhlw.go.jp/36/index.php?action_kouhyou_detail_004_kani=true&JigyosyoCd=3670200736-00&ServiceCd=110&Type=search", "url2": "http://www.saint-care.com/" }, "geometry": { "type": "Point", "coordinates": [ 134.6108633, 34.172979 ] } },
{ "type": "Feature", "properties": { "内容": "訪問介護ステーションゆう【訪問介護】徳島県小松島市中田町字狭間48", "url": "https://www.kaigokensaku.mhlw.go.jp/36/index.php?action_kouhyou_detail_004_kani=true&JigyosyoCd=3650380094-00&ServiceCd=110&Type=search", "url2": "http://www.seiyukai.com" }, "geometry": { "type": "Point", "coordinates": [ 134.57065369999998, 34.0152656 ] } },
{ "type": "Feature", "properties": { "内容": "小松島ヘルパーステーション【訪問介護】徳島県小松島市田浦町字近里85番2", "url": "https://www.kaigokensaku.mhlw.go.jp/36/index.php?action_kouhyou_detail_004_kani=true&JigyosyoCd=3670300064-00&ServiceCd=110&Type=search", "url2": "http://www.sudachikai.jp" }, "geometry": { "type": "Point", "coordinates": [ 134.569204200000058, 34.00307 ] } },
{ "type": "Feature", "properties": { "内容": "ヘルパーステーション　ぽっかぽか【訪問介護】徳島県小松島市田野町字高田53-3", "url": "https://www.kaigokensaku.mhlw.go.jp/36/index.php?action_kouhyou_detail_004_kani=true&JigyosyoCd=3671300386-00&ServiceCd=110&Type=search", "url2": null }, "geometry": { "type": "Point", "coordinates": [ 134.596950800000059, 33.9831368 ] } },
{ "type": "Feature", "properties": { "内容": "平成ヘルパーステーション【訪問介護】徳島県小松島市大林町字北浦20番地1", "url": "https://www.kaigokensaku.mhlw.go.jp/36/index.php?action_kouhyou_detail_004_kani=true&JigyosyoCd=3670100118-00&ServiceCd=110&Type=search", "url2": null }, "geometry": { "type": "Point", "coordinates": [ 134.619700818904079, 33.976400012308225 ] } },
{ "type": "Feature", "properties": { "内容": "ヘルパーステーション　ひまわり【訪問介護】小松島市中田町字新開58番地", "url": "https://www.kaigokensaku.mhlw.go.jp/36/index.php?action_kouhyou_detail_004_kani=true&JigyosyoCd=3670300098-00&ServiceCd=110&Type=search", "url2": "ｈｔｔｐ：∥ｗｗｗ13．ｐｌａｌａ．ｏｒ．ｊｐ/ｒｏｙａｌ-ｈｐ/" }, "geometry": { "type": "Point", "coordinates": [ 134.5824857, 34.0137687 ] } },
{ "type": "Feature", "properties": { "内容": "訪問介護ステーションゆう【訪問介護】徳島県小松島市中田町字狭間47番地", "url": "https://www.kaigokensaku.mhlw.go.jp/36/index.php?action_kouhyou_detail_004_kani=true&JigyosyoCd=3670300585-00&ServiceCd=110&Type=search", "url2": "http://tenma-hpg.com/" }, "geometry": { "type": "Point", "coordinates": [ 134.5705882, 34.0150962 ] } },
{ "type": "Feature", "properties": { "内容": "ヘルパーステーションライフ【訪問介護】徳島県小松島市赤石町14番27号", "url": "https://www.kaigokensaku.mhlw.go.jp/36/index.php?action_kouhyou_detail_004_kani=true&JigyosyoCd=3670300254-00&ServiceCd=110&Type=search", "url2": "https://www.jiyukai.jp" }, "geometry": { "type": "Point", "coordinates": [ 134.611072526354604, 33.980108951563992 ] } },
{ "type": "Feature", "properties": { "内容": "訪問介護サービス青い鳥【訪問介護】徳島県小松島市田浦町近里83番地1ケントパレス徳島南703号", "url": "https://www.kaigokensaku.mhlw.go.jp/36/index.php?action_kouhyou_detail_004_kani=true&JigyosyoCd=3670300387-00&ServiceCd=110&Type=search", "url2": "https://care-net.biz/36/aoitori-support/" }, "geometry": { "type": "Point", "coordinates": [ 134.568397399999981, 34.0027938 ] } },
{ "type": "Feature", "properties": { "内容": "千歳苑指定訪問介護事業所【訪問介護】徳島県小松島市小松島町字元根井54番地1", "url": "https://www.kaigokensaku.mhlw.go.jp/36/index.php?action_kouhyou_detail_004_kani=true&JigyosyoCd=3670300056-00&ServiceCd=110&Type=search", "url2": "https://aishinkai-t.com/titoseen/" }, "geometry": { "type": "Point", "coordinates": [ 134.591159599999969, 34.0153574 ] } },
{ "type": "Feature", "properties": { "内容": "ヘルパーステーション　ぱーとなー【訪問介護】徳島県小松島市中郷町字加藤152番地の１", "url": "https://www.kaigokensaku.mhlw.go.jp/36/index.php?action_kouhyou_detail_004_kani=true&JigyosyoCd=3670101801-00&ServiceCd=110&Type=search", "url2": "www.pa-tona-kids.com" }, "geometry": { "type": "Point", "coordinates": [ 134.569770699999935, 34.006861200000024 ] } },
{ "type": "Feature", "properties": { "内容": "ヘルパーステーションくろーばー【訪問介護】徳島県小松島市横須町１３番７７号", "url": "https://www.kaigokensaku.mhlw.go.jp/36/index.php?action_kouhyou_detail_004_kani=true&JigyosyoCd=3670300551-00&ServiceCd=110&Type=search", "url2": null }, "geometry": { "type": "Point", "coordinates": [ 134.595811322090128, 34.001732232510228 ] } },
{ "type": "Feature", "properties": { "内容": "Ｇｒｅｅｎヘルパー事業所【訪問介護】徳島県小松島市字新港37-5", "url": "https://www.kaigokensaku.mhlw.go.jp/36/index.php?action_kouhyou_detail_004_kani=true&JigyosyoCd=3670300536-00&ServiceCd=110&Type=search", "url2": null }, "geometry": { "type": "Point", "coordinates": [ 134.5879156, 34.0123179 ] } },
{ "type": "Feature", "properties": { "内容": "ヘルパーステーション　まりん【訪問介護】富岡町佃町571-3", "url": "https://www.kaigokensaku.mhlw.go.jp/36/index.php?action_kouhyou_detail_004_kani=true&JigyosyoCd=3670400856-00&ServiceCd=110&Type=search", "url2": null }, "geometry": { "type": "Point", "coordinates": [ 134.6604121, 33.9223199 ] } },
{ "type": "Feature", "properties": { "内容": "特定非営利活動法人つなぐ手たけのこ【訪問介護】徳島県阿南市羽ノ浦町宮倉太田34-7", "url": "https://www.kaigokensaku.mhlw.go.jp/36/index.php?action_kouhyou_detail_004_kani=true&JigyosyoCd=3670400757-00&ServiceCd=110&Type=search", "url2": null }, "geometry": { "type": "Point", "coordinates": [ 134.617414199999985, 33.9634037 ] } },
{ "type": "Feature", "properties": { "内容": "あすみ訪問介護事業所【訪問介護】徳島県阿南市羽ノ浦町中庄蔵ノホケ43番地１", "url": "https://www.kaigokensaku.mhlw.go.jp/36/index.php?action_kouhyou_detail_004_kani=true&JigyosyoCd=3671300303-00&ServiceCd=110&Type=search", "url2": "http://www.asumikaigo.com" }, "geometry": { "type": "Point", "coordinates": [ 134.627276597849374, 33.955811810212033 ] } },
{ "type": "Feature", "properties": { "内容": "琴江荘訪問介護事業所【訪問介護】徳島県阿南市宝田町今市金剛寺３８番地１", "url": "https://www.kaigokensaku.mhlw.go.jp/36/index.php?action_kouhyou_detail_004_kani=true&JigyosyoCd=3670400047-00&ServiceCd=110&Type=search", "url2": "http://anan-hukushikai.com/" }, "geometry": { "type": "Point", "coordinates": [ 134.6473502, 33.9251475 ] } },
{ "type": "Feature", "properties": { "内容": "有限会社ライフサポートキムラ訪問介護事業部【訪問介護】徳島県阿南市横見町高川原29番地", "url": "https://www.kaigokensaku.mhlw.go.jp/36/index.php?action_kouhyou_detail_004_kani=true&JigyosyoCd=3670400203-00&ServiceCd=110&Type=search", "url2": "https://www.lifesupportkimura.net" }, "geometry": { "type": "Point", "coordinates": [ 134.654266199999938, 33.927341499999983 ] } },
{ "type": "Feature", "properties": { "内容": "セントケア阿南【訪問介護】徳島県阿南市津乃峰町東分100-7ペイシャトー1階", "url": "https://www.kaigokensaku.mhlw.go.jp/36/index.php?action_kouhyou_detail_004_kani=true&JigyosyoCd=3670400641-00&ServiceCd=110&Type=search", "url2": "http://www.saint-care.com/" }, "geometry": { "type": "Point", "coordinates": [ 134.6520797, 33.8869676 ] } },
{ "type": "Feature", "properties": { "内容": "ニチイケアセンター阿南【訪問介護】徳島県阿南市富岡町西石塚18-3西田ビル2F", "url": "https://www.kaigokensaku.mhlw.go.jp/36/index.php?action_kouhyou_detail_004_kani=true&JigyosyoCd=3670400872-00&ServiceCd=110&Type=search", "url2": "https://www.nichiigakkan.co.jp" }, "geometry": { "type": "Point", "coordinates": [ 134.65406631163944, 33.918701 ] } },
{ "type": "Feature", "properties": { "内容": "訪問介護事業所　ゆとり【訪問介護】徳島県阿南市那賀川町日向3-7", "url": "https://www.kaigokensaku.mhlw.go.jp/36/index.php?action_kouhyou_detail_004_kani=true&JigyosyoCd=3670400591-00&ServiceCd=110&Type=search", "url2": null }, "geometry": { "type": "Point", "coordinates": [ 134.648657899999989, 33.9588592 ] } },
{ "type": "Feature", "properties": { "内容": "シルバー介護阿南【訪問介護】徳島県阿南市富岡町西新町8-1", "url": "https://www.kaigokensaku.mhlw.go.jp/36/index.php?action_kouhyou_detail_004_kani=true&JigyosyoCd=3670400146-00&ServiceCd=110&Type=search", "url2": "http://silver-kaigo.jimdo.com/" }, "geometry": { "type": "Point", "coordinates": [ 134.651191499999982, 33.922581200000025 ] } },
{ "type": "Feature", "properties": { "内容": "訪問介護事業所　なごみ【訪問介護】徳島県阿南市羽ノ浦町中庄なかれ5番地2", "url": "https://www.kaigokensaku.mhlw.go.jp/36/index.php?action_kouhyou_detail_004_kani=true&JigyosyoCd=3670400609-00&ServiceCd=110&Type=search", "url2": "http//fujino.ezdns.jp" }, "geometry": { "type": "Point", "coordinates": [ 134.628151800000069, 33.9554325 ] } },
{ "type": "Feature", "properties": { "内容": "訪問介護事業所りん【訪問介護】阿南市那賀川町手島はり4番地3", "url": "https://www.kaigokensaku.mhlw.go.jp/36/index.php?action_kouhyou_detail_004_kani=true&JigyosyoCd=3670400708-00&ServiceCd=110&Type=search", "url2": null }, "geometry": { "type": "Point", "coordinates": [ 134.652117317196627, 33.95427033970374 ] } },
{ "type": "Feature", "properties": { "内容": "ヘルパーステーションほっとピース【訪問介護】徳島県阿南市羽ノ浦町宮倉橋ノ本20番地6メゾン春日野Ⅰ　１０１", "url": "https://www.kaigokensaku.mhlw.go.jp/36/index.php?action_kouhyou_detail_004_kani=true&JigyosyoCd=3670400732-00&ServiceCd=110&Type=search", "url2": null }, "geometry": { "type": "Point", "coordinates": [ 134.61520059999998, 33.9563936 ] } },
{ "type": "Feature", "properties": { "内容": "ホームヘルプサービス阿南市社協【訪問介護】徳島県阿南市富岡町北通３３番地１阿南市ひまわり会館内", "url": "https://www.kaigokensaku.mhlw.go.jp/36/index.php?action_kouhyou_detail_004_kani=true&JigyosyoCd=3670400070-00&ServiceCd=110&Type=search", "url2": "https://shakyo-anan.e-tokushima.or.jp/" }, "geometry": { "type": "Point", "coordinates": [ 134.662173226983668, 33.920640848545411 ] } },
{ "type": "Feature", "properties": { "内容": "心和会　ホームヘルパーステーション悠和【訪問介護】徳島県阿南市新野町信里65ケアハウス悠和館", "url": "https://www.kaigokensaku.mhlw.go.jp/36/index.php?action_kouhyou_detail_004_kani=true&JigyosyoCd=3670400054-00&ServiceCd=110&Type=search", "url2": "https://maharahospital.jp/" }, "geometry": { "type": "Point", "coordinates": [ 134.599450201852363, 33.846600998252299 ] } },
{ "type": "Feature", "properties": { "内容": "ヘルパーステーション陽海【訪問介護】畭町新はり179番地１２", "url": "https://www.kaigokensaku.mhlw.go.jp/36/index.php?action_kouhyou_detail_004_kani=true&JigyosyoCd=3670400989-00&ServiceCd=110&Type=search", "url2": "sora-harumi.com" }, "geometry": { "type": "Point", "coordinates": [ 134.6865029, 33.9264523 ] } },
{ "type": "Feature", "properties": { "内容": "阿南荘ホームヘルプサービス【訪問介護】徳島県阿南市宝田町今市金剛地４３", "url": "https://www.kaigokensaku.mhlw.go.jp/36/index.php?action_kouhyou_detail_004_kani=true&JigyosyoCd=3670400021-00&ServiceCd=110&Type=search", "url2": "http://anan-hukushikai.com" }, "geometry": { "type": "Point", "coordinates": [ 134.646325299999944, 33.9220841 ] } },
{ "type": "Feature", "properties": { "内容": "ヘルパーステーションはまゆう【訪問介護】阿南市羽ノ浦町中庄池ノ上55-1", "url": "https://www.kaigokensaku.mhlw.go.jp/36/index.php?action_kouhyou_detail_004_kani=true&JigyosyoCd=3651380440-00&ServiceCd=110&Type=search", "url2": null }, "geometry": { "type": "Point", "coordinates": [ 134.635611695387297, 33.957903506412272 ] } },
{ "type": "Feature", "properties": { "内容": "デイセンターカルメン【訪問介護】徳島県阿南市羽ノ浦町中庄大知渕８番地１", "url": "https://www.kaigokensaku.mhlw.go.jp/36/index.php?action_kouhyou_detail_004_kani=true&JigyosyoCd=3671300238-00&ServiceCd=110&Type=search", "url2": "http://www.kenshokai.group" }, "geometry": { "type": "Point", "coordinates": [ 134.63617320000003, 33.9544408 ] } },
{ "type": "Feature", "properties": { "内容": "ヘルパーステーションあゆむ【訪問介護】徳島県阿南市見能林町清水山ノ東7-1", "url": "https://www.kaigokensaku.mhlw.go.jp/36/index.php?action_kouhyou_detail_004_kani=true&JigyosyoCd=3670400690-00&ServiceCd=110&Type=search", "url2": "http://hs-ayumu.com" }, "geometry": { "type": "Point", "coordinates": [ 134.668046373541301, 33.903727248829277 ] } },
{ "type": "Feature", "properties": { "内容": "ライフサポートさくら【訪問介護】徳島県阿南市那賀川町芳崎146-2", "url": "https://www.kaigokensaku.mhlw.go.jp/36/index.php?action_kouhyou_detail_004_kani=true&JigyosyoCd=3670101124-00&ServiceCd=110&Type=search", "url2": null }, "geometry": { "type": "Point", "coordinates": [ 134.664092399999959, 33.9583009 ] } },
{ "type": "Feature", "properties": { "内容": "訪問介護ステーションなかがわ苑【訪問介護】徳島県阿南市那賀川町大京原393-1", "url": "https://www.kaigokensaku.mhlw.go.jp/36/index.php?action_kouhyou_detail_004_kani=true&JigyosyoCd=3670400583-00&ServiceCd=110&Type=search", "url2": null }, "geometry": { "type": "Point", "coordinates": [ 134.649583099999973, 33.9444919 ] } },
{ "type": "Feature", "properties": { "内容": "社会福祉法人吉野川市社会福祉協議会訪問介護事業所【訪問介護】徳島県吉野川市鴨島町鴨島252番地１吉野川市民プラザ内", "url": "https://www.kaigokensaku.mhlw.go.jp/36/index.php?action_kouhyou_detail_004_kani=true&JigyosyoCd=3671700304-00&ServiceCd=110&Type=search", "url2": "http://www.yossya.jp" }, "geometry": { "type": "Point", "coordinates": [ 134.356336916532939, 34.070274385438154 ] } },
{ "type": "Feature", "properties": { "内容": "ヘルパーステーションゆず【訪問介護】徳島県吉野川市鴨島町敷地３６４番地１０", "url": "https://www.kaigokensaku.mhlw.go.jp/36/index.php?action_kouhyou_detail_004_kani=true&JigyosyoCd=3671700379-00&ServiceCd=110&Type=search", "url2": "http://yuzu-kaigo.info/" }, "geometry": { "type": "Point", "coordinates": [ 134.344488727819822, 34.057119290340751 ] } },
{ "type": "Feature", "properties": { "内容": "ヘルパーステーション　ぽっかぽか【訪問介護】徳島県吉野川市川島町山田字中須賀２５－１７", "url": "https://www.kaigokensaku.mhlw.go.jp/36/index.php?action_kouhyou_detail_004_kani=true&JigyosyoCd=3671700726-00&ServiceCd=110&Type=search", "url2": null }, "geometry": { "type": "Point", "coordinates": [ 134.32963003736495, 34.064868144521306 ] } },
{ "type": "Feature", "properties": { "内容": "ふたごケア株式会社【訪問介護】徳島県吉野川市鴨島町西麻植字檀ノ原98番地19", "url": "https://www.kaigokensaku.mhlw.go.jp/36/index.php?action_kouhyou_detail_004_kani=true&JigyosyoCd=3671700429-00&ServiceCd=110&Type=search", "url2": null }, "geometry": { "type": "Point", "coordinates": [ 134.338941200000022, 34.0610522 ] } },
{ "type": "Feature", "properties": { "内容": "訪問介護ステーションあわふじ【訪問介護】徳島県吉野川市山川町村雲196", "url": "https://www.kaigokensaku.mhlw.go.jp/36/index.php?action_kouhyou_detail_004_kani=true&JigyosyoCd=3671700700-00&ServiceCd=110&Type=search", "url2": null }, "geometry": { "type": "Point", "coordinates": [ 134.225740839564537, 34.055770008690814 ] } },
{ "type": "Feature", "properties": { "内容": "ヘルパーステーション和紙のさと【訪問介護】山川町川田８９８－１", "url": "https://www.kaigokensaku.mhlw.go.jp/36/index.php?action_kouhyou_detail_004_kani=true&JigyosyoCd=3671700171-00&ServiceCd=110&Type=search", "url2": "http://www.hakuyuu.com" }, "geometry": { "type": "Point", "coordinates": [ 134.21667560000003, 34.0583059 ] } },
{ "type": "Feature", "properties": { "内容": "特定非営利活動法人　ハートこあら【訪問介護】山川町湯立320番地5", "url": "https://www.kaigokensaku.mhlw.go.jp/36/index.php?action_kouhyou_detail_004_kani=true&JigyosyoCd=3671700403-00&ServiceCd=110&Type=search", "url2": "http://heart-koala.com" }, "geometry": { "type": "Point", "coordinates": [ 134.233000241737756, 34.055780491425821 ] } },
{ "type": "Feature", "properties": { "内容": "訪問介護さくら【訪問介護】徳島県吉野川市山川町前川212-6", "url": "https://www.kaigokensaku.mhlw.go.jp/36/index.php?action_kouhyou_detail_004_kani=true&JigyosyoCd=3611713136-00&ServiceCd=110&Type=search", "url2": null }, "geometry": { "type": "Point", "coordinates": [ 134.239279777379238, 34.05683040787418 ] } },
{ "type": "Feature", "properties": { "内容": "ホームヘルパーステーションみま【訪問介護】徳島県吉野川市鴨島町上下島421番地ー1", "url": "https://www.kaigokensaku.mhlw.go.jp/36/index.php?action_kouhyou_detail_004_kani=true&JigyosyoCd=3671700924-00&ServiceCd=110&Type=search", "url2": "http//www.mima-gr.jp/" }, "geometry": { "type": "Point", "coordinates": [ 134.350082540336615, 34.070905327592989 ] } },
{ "type": "Feature", "properties": { "内容": "医療法人　中西内科クリニック【訪問介護】徳島県吉野川市山川町川東88-1", "url": "https://www.kaigokensaku.mhlw.go.jp/36/index.php?action_kouhyou_detail_004_kani=true&JigyosyoCd=3611713102-00&ServiceCd=110&Type=search", "url2": "http://koutukai.com" }, "geometry": { "type": "Point", "coordinates": [ 134.228972099999964, 34.0447775 ] } },
{ "type": "Feature", "properties": { "内容": "セントケア吉野川【訪問介護】徳島県吉野川市川島町三ツ島字北新田482", "url": "https://www.kaigokensaku.mhlw.go.jp/36/index.php?action_kouhyou_detail_004_kani=true&JigyosyoCd=3671700551-00&ServiceCd=110&Type=search", "url2": null }, "geometry": { "type": "Point", "coordinates": [ 134.27865291979677, 34.063852396812983 ] } },
{ "type": "Feature", "properties": { "内容": "ヘルパーステーション菜花【訪問介護】徳島県吉野川市川島町学字西出目106-3", "url": "https://www.kaigokensaku.mhlw.go.jp/36/index.php?action_kouhyou_detail_004_kani=true&JigyosyoCd=3671700841-00&ServiceCd=110&Type=search", "url2": null }, "geometry": { "type": "Point", "coordinates": [ 134.27414060000001, 34.0577193 ] } },
{ "type": "Feature", "properties": { "内容": "ヘルパーステーションあわ【訪問介護】徳島県吉野川市鴨島町鴨島５３８番の８", "url": "https://www.kaigokensaku.mhlw.go.jp/36/index.php?action_kouhyou_detail_004_kani=true&JigyosyoCd=3671700411-00&ServiceCd=110&Type=search", "url2": "http://itokawa-akewa.jp/" }, "geometry": { "type": "Point", "coordinates": [ 134.355586799999969, 34.0732679 ] } },
{ "type": "Feature", "properties": { "内容": "デイセンターアルル【訪問介護】徳島県吉野川市鴨島町内原46番地3健祥会プロバンス", "url": "https://www.kaigokensaku.mhlw.go.jp/36/index.php?action_kouhyou_detail_004_kani=true&JigyosyoCd=3671700098-00&ServiceCd=110&Type=search", "url2": "http://www.kenshokai.group/" }, "geometry": { "type": "Point", "coordinates": [ 134.373210699999959, 34.0687962 ] } },
{ "type": "Feature", "properties": { "内容": "菊美荘ホームヘルパーステーション【訪問介護】徳島県吉野川市鴨島町上下島字大北443番地2", "url": "https://www.kaigokensaku.mhlw.go.jp/36/index.php?action_kouhyou_detail_004_kani=true&JigyosyoCd=3671700023-00&ServiceCd=110&Type=search", "url2": null }, "geometry": { "type": "Point", "coordinates": [ 134.349668722784145, 34.072021964546586 ] } },
{ "type": "Feature", "properties": { "内容": "有限会社　真商事【訪問介護】徳島県吉野川市鴨島町敷地514番地1", "url": "https://www.kaigokensaku.mhlw.go.jp/36/index.php?action_kouhyou_detail_004_kani=true&JigyosyoCd=3671700387-00&ServiceCd=110&Type=search", "url2": "http://care-net.biz/36/makoto/" }, "geometry": { "type": "Point", "coordinates": [ 134.348534699999959, 34.055506 ] } },
{ "type": "Feature", "properties": { "内容": "ヤマセ介護サービス【訪問介護】徳島県吉野川市山川町前川１６７－２", "url": "https://www.kaigokensaku.mhlw.go.jp/36/index.php?action_kouhyou_detail_004_kani=true&JigyosyoCd=3671700361-00&ServiceCd=110&Type=search", "url2": "https://www.yamasekanko.net/" }, "geometry": { "type": "Point", "coordinates": [ 134.23739, 34.0594182 ] } },
{ "type": "Feature", "properties": { "内容": "青空訪問介護事業所【訪問介護】徳島県阿波市阿波町平川原49番地", "url": "https://www.kaigokensaku.mhlw.go.jp/36/index.php?action_kouhyou_detail_004_kani=true&JigyosyoCd=3671600397-00&ServiceCd=110&Type=search", "url2": null }, "geometry": { "type": "Point", "coordinates": [ 134.275055699999939, 34.0855211 ] } },
{ "type": "Feature", "properties": { "内容": "有限会社　ケアセンター藤崎【訪問介護】徳島県阿波市阿波町平川原北65-10", "url": "https://www.kaigokensaku.mhlw.go.jp/36/index.php?action_kouhyou_detail_004_kani=true&JigyosyoCd=3671600033-00&ServiceCd=110&Type=search", "url2": null }, "geometry": { "type": "Point", "coordinates": [ 134.275419599999964, 34.083874 ] } },
{ "type": "Feature", "properties": { "内容": "ヘルパーステーションシンシア【訪問介護】吉野町西条字西大竹66-1", "url": "https://www.kaigokensaku.mhlw.go.jp/36/index.php?action_kouhyou_detail_004_kani=true&JigyosyoCd=3671600470-00&ServiceCd=110&Type=search", "url2": null }, "geometry": { "type": "Point", "coordinates": [ 134.380018599999971, 34.1060168 ] } },
{ "type": "Feature", "properties": { "内容": "ヘルパーステーションなせな【訪問介護】徳島県阿波市土成町吉田字御所屋敷の二３４番地", "url": "https://www.kaigokensaku.mhlw.go.jp/36/index.php?action_kouhyou_detail_004_kani=true&JigyosyoCd=3671600629-00&ServiceCd=110&Type=search", "url2": null }, "geometry": { "type": "Point", "coordinates": [ 134.354809582664501, 34.107148731796045 ] } },
{ "type": "Feature", "properties": { "内容": "阿波すだち【訪問介護】阿波町南五味知104-2", "url": "https://www.kaigokensaku.mhlw.go.jp/36/index.php?action_kouhyou_detail_004_kani=true&JigyosyoCd=3671600355-00&ServiceCd=110&Type=search", "url2": "http://awasudachi.net/" }, "geometry": { "type": "Point", "coordinates": [ 134.236541557672126, 34.089833787026166 ] } },
{ "type": "Feature", "properties": { "内容": "阿波市社協ホームヘルプ事業所【訪問介護】徳島県阿波市市場町興崎字北分６０番地市場総合福祉センター", "url": "https://www.kaigokensaku.mhlw.go.jp/36/index.php?action_kouhyou_detail_004_kani=true&JigyosyoCd=3671600223-00&ServiceCd=110&Type=search", "url2": "https://www.awasishakyo.com" }, "geometry": { "type": "Point", "coordinates": [ 134.288967899999989, 34.098720299999982 ] } },
{ "type": "Feature", "properties": { "内容": "訪問介護ステーションみらい【訪問介護】徳島県阿波市吉野町柿原1丁目358番地1", "url": "https://www.kaigokensaku.mhlw.go.jp/36/index.php?action_kouhyou_detail_004_kani=true&JigyosyoCd=3671600421-00&ServiceCd=110&Type=search", "url2": null }, "geometry": { "type": "Point", "coordinates": [ 134.336924599999946, 34.0903545 ] } },
{ "type": "Feature", "properties": { "内容": "ＡＷＡ介護サービス【訪問介護】阿波町勝命453-4", "url": "https://www.kaigokensaku.mhlw.go.jp/36/index.php?action_kouhyou_detail_004_kani=true&JigyosyoCd=3671600553-00&ServiceCd=110&Type=search", "url2": null }, "geometry": { "type": "Point", "coordinates": [ 134.26332350000007, 34.0817842 ] } },
{ "type": "Feature", "properties": { "内容": "ウィズユーヘルパステーション【訪問介護】徳島県阿波市阿波町居屋敷４１番地１", "url": "https://www.kaigokensaku.mhlw.go.jp/36/index.php?action_kouhyou_detail_004_kani=true&JigyosyoCd=3671600645-00&ServiceCd=110&Type=search", "url2": "ｋｏｈａｒａ４９４９@gmail.com" }, "geometry": { "type": "Point", "coordinates": [ 134.2156733, 34.0754626 ] } },
{ "type": "Feature", "properties": { "内容": "有限会社アイサービス【訪問介護】徳島県阿波市阿波町山ノ神61-1", "url": "https://www.kaigokensaku.mhlw.go.jp/36/index.php?action_kouhyou_detail_004_kani=true&JigyosyoCd=3671600157-00&ServiceCd=110&Type=search", "url2": "harada888@mb.pikara.ne.jp" }, "geometry": { "type": "Point", "coordinates": [ 134.227334599999949, 34.0988775 ] } },
{ "type": "Feature", "properties": { "内容": "（有）訪問介護ステーションほほえみ【訪問介護】徳島県阿波市阿波町善地１３３", "url": "https://www.kaigokensaku.mhlw.go.jp/36/index.php?action_kouhyou_detail_004_kani=true&JigyosyoCd=3671600140-00&ServiceCd=110&Type=search", "url2": null }, "geometry": { "type": "Point", "coordinates": [ 134.2077827, 34.0830906 ] } },
{ "type": "Feature", "properties": { "内容": "阿波伊月ヘルパーステーション【訪問介護】徳島県阿波市阿波町大原107-1サービス付き高齢者向け住宅　久千田", "url": "https://www.kaigokensaku.mhlw.go.jp/36/index.php?action_kouhyou_detail_004_kani=true&JigyosyoCd=3671600546-00&ServiceCd=110&Type=search", "url2": null }, "geometry": { "type": "Point", "coordinates": [ 134.247122499999932, 34.0794891 ] } },
{ "type": "Feature", "properties": { "内容": "有限会社ゆうあい【訪問介護】徳島県阿波市阿波町南整理２５３－１", "url": "https://www.kaigokensaku.mhlw.go.jp/36/index.php?action_kouhyou_detail_004_kani=true&JigyosyoCd=3671600264-00&ServiceCd=110&Type=search", "url2": null }, "geometry": { "type": "Point", "coordinates": [ 134.192524700000035, 34.0678378 ] } },
{ "type": "Feature", "properties": { "内容": "福祉センターエコサポート【訪問介護】徳島県阿波市土成町水田字月成184番地", "url": "https://www.kaigokensaku.mhlw.go.jp/36/index.php?action_kouhyou_detail_004_kani=true&JigyosyoCd=3671600207-00&ServiceCd=110&Type=search", "url2": null }, "geometry": { "type": "Point", "coordinates": [ 134.315303743179669, 34.095125881209164 ] } },
{ "type": "Feature", "properties": { "内容": "双葉訪問介護事業所【訪問介護】徳島県阿波市阿波町大原77-5　2階202", "url": "https://www.kaigokensaku.mhlw.go.jp/36/index.php?action_kouhyou_detail_004_kani=true&JigyosyoCd=3671600363-00&ServiceCd=110&Type=search", "url2": null }, "geometry": { "type": "Point", "coordinates": [ 134.297314599999908, 34.088424 ] } },
{ "type": "Feature", "properties": { "内容": "ノヴィルケアサービス株式会社【訪問介護】阿波町南整理１４４－２", "url": "https://www.kaigokensaku.mhlw.go.jp/36/index.php?action_kouhyou_detail_004_kani=true&JigyosyoCd=3671600298-00&ServiceCd=110&Type=search", "url2": null }, "geometry": { "type": "Point", "coordinates": [ 134.202076499999947, 34.0730789 ] } },
{ "type": "Feature", "properties": { "内容": "ヘルパーステーション御所【訪問介護】徳島県阿波市土成町宮川内字神田133番地1", "url": "https://www.kaigokensaku.mhlw.go.jp/36/index.php?action_kouhyou_detail_004_kani=true&JigyosyoCd=3671500399-00&ServiceCd=110&Type=search", "url2": null }, "geometry": { "type": "Point", "coordinates": [ 134.353757744041417, 34.124845508176442 ] } },
{ "type": "Feature", "properties": { "内容": "ヘルパーステーション安樹【訪問介護】徳島県阿波市土成町吉田字原田市の一63番地4", "url": "https://www.kaigokensaku.mhlw.go.jp/36/index.php?action_kouhyou_detail_004_kani=true&JigyosyoCd=3671600371-00&ServiceCd=110&Type=search", "url2": "https://shinohara-shoji.com/" }, "geometry": { "type": "Point", "coordinates": [ 134.3535147, 34.1050225 ] } },
{ "type": "Feature", "properties": { "内容": "有限会社優しい介護【訪問介護】市場町上喜来字南久保752", "url": "https://www.kaigokensaku.mhlw.go.jp/36/index.php?action_kouhyou_detail_004_kani=true&JigyosyoCd=3671600215-00&ServiceCd=110&Type=search", "url2": null }, "geometry": { "type": "Point", "coordinates": [ 134.271647199999961, 34.1010585 ] } },
{ "type": "Feature", "properties": { "内容": "ヘルパーステーションみどり【訪問介護】徳島県阿波市市場町香美字秋葉本80番地1", "url": "https://www.kaigokensaku.mhlw.go.jp/36/index.php?action_kouhyou_detail_004_kani=true&JigyosyoCd=3671600116-00&ServiceCd=110&Type=search", "url2": "http://www.yotsubakai-midori.jp" }, "geometry": { "type": "Point", "coordinates": [ 134.283868799999937, 34.0852602 ] } },
{ "type": "Feature", "properties": { "内容": "訪問介護はな【訪問介護】徳島県阿波市阿波町東原146-1", "url": "https://www.kaigokensaku.mhlw.go.jp/36/index.php?action_kouhyou_detail_004_kani=true&JigyosyoCd=3671600504-00&ServiceCd=110&Type=search", "url2": null }, "geometry": { "type": "Point", "coordinates": [ 134.234194288578038, 34.081713648785879 ] } },
{ "type": "Feature", "properties": { "内容": "若宮の里ヘルパーステーション【訪問介護】徳島県美馬市脇町大字猪尻字若宮南80-1", "url": "https://www.kaigokensaku.mhlw.go.jp/36/index.php?action_kouhyou_detail_004_kani=true&JigyosyoCd=3670500168-00&ServiceCd=110&Type=search", "url2": null }, "geometry": { "type": "Point", "coordinates": [ 134.157970400000067, 34.0645465 ] } },
{ "type": "Feature", "properties": { "内容": "医療法人　恵愛会　訪問介護はるか【訪問介護】美馬町字沼田28番地", "url": "https://www.kaigokensaku.mhlw.go.jp/36/index.php?action_kouhyou_detail_004_kani=true&JigyosyoCd=3670500457-00&ServiceCd=110&Type=search", "url2": null }, "geometry": { "type": "Point", "coordinates": [ 134.037902130302456, 34.049711643933954 ] } },
{ "type": "Feature", "properties": { "内容": "有限会社コスモス【訪問介護】徳島県美馬市脇町野村４２２４番地６", "url": "https://www.kaigokensaku.mhlw.go.jp/36/index.php?action_kouhyou_detail_004_kani=true&JigyosyoCd=3671800476-00&ServiceCd=110&Type=search", "url2": null }, "geometry": { "type": "Point", "coordinates": [ 134.097166181676812, 34.058872866383538 ] } },
{ "type": "Feature", "properties": { "内容": "訪問介護事業所スミセ【訪問介護】徳島県美馬市脇町字拝原1584番地秦ビル105", "url": "https://www.kaigokensaku.mhlw.go.jp/36/index.php?action_kouhyou_detail_004_kani=true&JigyosyoCd=3670500374-00&ServiceCd=110&Type=search", "url2": null }, "geometry": { "type": "Point", "coordinates": [ 134.164036300000021, 34.0638938 ] } },
{ "type": "Feature", "properties": { "内容": "ケアサービス光【訪問介護】徳島県美馬市美馬町字柿木１６番地の3", "url": "https://www.kaigokensaku.mhlw.go.jp/36/index.php?action_kouhyou_detail_004_kani=true&JigyosyoCd=3671800377-00&ServiceCd=110&Type=search", "url2": "長江グループ" }, "geometry": { "type": "Point", "coordinates": [ 134.0605799, 34.0570521 ] } },
{ "type": "Feature", "properties": { "内容": "若宮の里ﾍﾙﾊﾟｰｽﾃｰｼｮﾝ【訪問介護】徳島県美馬市脇町大字猪尻字若宮南80-1", "url": "https://www.kaigokensaku.mhlw.go.jp/36/index.php?action_kouhyou_detail_004_kani=true&JigyosyoCd=3670500408-00&ServiceCd=110&Type=search", "url2": "http://www.houetsu.com/" }, "geometry": { "type": "Point", "coordinates": [ 134.157970400000067, 34.0645465 ] } },
{ "type": "Feature", "properties": { "内容": "訪問介護事業所悠優徳【訪問介護】徳島県美馬市穴吹町穴吹字盤若１００番地１１", "url": "https://www.kaigokensaku.mhlw.go.jp/36/index.php?action_kouhyou_detail_004_kani=true&JigyosyoCd=3670500440-00&ServiceCd=110&Type=search", "url2": null }, "geometry": { "type": "Point", "coordinates": [ 134.165214, 34.0485179 ] } },
{ "type": "Feature", "properties": { "内容": "ケアセンターことぶき【訪問介護】徳島県美馬市脇町木ノ内3677番地3", "url": "https://www.kaigokensaku.mhlw.go.jp/36/index.php?action_kouhyou_detail_004_kani=true&JigyosyoCd=3670500101-00&ServiceCd=110&Type=search", "url2": null }, "geometry": { "type": "Point", "coordinates": [ 134.102507, 34.057586 ] } },
{ "type": "Feature", "properties": { "内容": "美馬市社協脇町ホームヘルパーステーション【訪問介護】徳島県美馬市脇町大字脇町1265番地1", "url": "https://www.kaigokensaku.mhlw.go.jp/36/index.php?action_kouhyou_detail_004_kani=true&JigyosyoCd=3670500069-00&ServiceCd=110&Type=search", "url2": "https://shakyo.ict-tokushima.jp/mima/" }, "geometry": { "type": "Point", "coordinates": [ 134.147407721812442, 34.070550273717089 ] } },
{ "type": "Feature", "properties": { "内容": "うだつ介護センター【訪問介護】徳島県美馬市脇町字曽江名３５９－１８", "url": "https://www.kaigokensaku.mhlw.go.jp/36/index.php?action_kouhyou_detail_004_kani=true&JigyosyoCd=3670500358-00&ServiceCd=110&Type=search", "url2": "udatsu@ruby.plala.or.jp" }, "geometry": { "type": "Point", "coordinates": [ 134.172490100000033, 34.0873797 ] } },
{ "type": "Feature", "properties": { "内容": "ケアセンター大和【訪問介護】徳島県美馬市美馬町字ノリコヘ18番地", "url": "https://www.kaigokensaku.mhlw.go.jp/36/index.php?action_kouhyou_detail_004_kani=true&JigyosyoCd=3670500523-00&ServiceCd=110&Type=search", "url2": "https://yamato-care.com" }, "geometry": { "type": "Point", "coordinates": [ 134.0829387, 34.0708785 ] } },
{ "type": "Feature", "properties": { "内容": "健祥会デイサービスセンターうだつ【訪問介護】徳島県美馬市脇町大字脇町962番地1", "url": "https://www.kaigokensaku.mhlw.go.jp/36/index.php?action_kouhyou_detail_004_kani=true&JigyosyoCd=3671800294-00&ServiceCd=110&Type=search", "url2": "http://www.kenshokai.group/" }, "geometry": { "type": "Point", "coordinates": [ 134.137614399999961, 34.0723178 ] } },
{ "type": "Feature", "properties": { "内容": "山城会ホームヘルパーステーション【訪問介護】徳島県三好市山城町西宇1227-4", "url": "https://www.kaigokensaku.mhlw.go.jp/36/index.php?action_kouhyou_detail_004_kani=true&JigyosyoCd=3671900037-00&ServiceCd=110&Type=search", "url2": "http://yamashirokai.or.jp/" }, "geometry": { "type": "Point", "coordinates": [ 133.758924900000011, 33.9132442 ] } },
{ "type": "Feature", "properties": { "内容": "そよかぜ訪問介護ステーション【訪問介護】徳島県三好市池田町中西西原209-1", "url": "https://www.kaigokensaku.mhlw.go.jp/36/index.php?action_kouhyou_detail_004_kani=true&JigyosyoCd=3670600265-00&ServiceCd=110&Type=search", "url2": "https://uchida-kai.jp/kaigo-homes/soyokaze/" }, "geometry": { "type": "Point", "coordinates": [ 133.7867579, 34.0090121 ] } },
{ "type": "Feature", "properties": { "内容": "永楽荘在宅介護支援センター【訪問介護】徳島県三好市池田町州津西ノ久保２７３－１永楽荘在宅介護支援センター", "url": "https://www.kaigokensaku.mhlw.go.jp/36/index.php?action_kouhyou_detail_004_kani=true&JigyosyoCd=3671900243-00&ServiceCd=110&Type=search", "url2": null }, "geometry": { "type": "Point", "coordinates": [ 133.840081700000042, 34.0346411 ] } },
{ "type": "Feature", "properties": { "内容": "有限会社マダムエイド【訪問介護】徳島県三好市池田町ウエノ2671-11", "url": "https://www.kaigokensaku.mhlw.go.jp/36/index.php?action_kouhyou_detail_004_kani=true&JigyosyoCd=3670600398-00&ServiceCd=110&Type=search", "url2": null }, "geometry": { "type": "Point", "coordinates": [ 133.7999474, 34.0297297 ] } },
{ "type": "Feature", "properties": { "内容": "株式会社　幸の和【訪問介護】徳島県三好市三野町芝生1098-1", "url": "https://www.kaigokensaku.mhlw.go.jp/36/index.php?action_kouhyou_detail_004_kani=true&JigyosyoCd=3670600133-00&ServiceCd=110&Type=search", "url2": null }, "geometry": { "type": "Point", "coordinates": [ 133.972372197930895, 34.041211820776837 ] } },
{ "type": "Feature", "properties": { "内容": "特別養護老人ホーム健祥会清盛【訪問介護】徳島県三好市東祖谷古味36番地1", "url": "https://www.kaigokensaku.mhlw.go.jp/36/index.php?action_kouhyou_detail_004_kani=true&JigyosyoCd=3671900136-00&ServiceCd=110&Type=search", "url2": "http://www.kenshokai.group" }, "geometry": { "type": "Point", "coordinates": [ 133.894242599999984, 33.8382284 ] } },
{ "type": "Feature", "properties": { "内容": "三好市西部ヘルパーステーション【訪問介護】徳島県三好市西祖谷山村一宇343-4西祖谷老人福祉センター", "url": "https://www.kaigokensaku.mhlw.go.jp/36/index.php?action_kouhyou_detail_004_kani=true&JigyosyoCd=3670600059-00&ServiceCd=110&Type=search", "url2": "http：//miyoshicity-shakyo-jp/" }, "geometry": { "type": "Point", "coordinates": [ 133.816995250297168, 33.893137405088233 ] } },
{ "type": "Feature", "properties": { "内容": "三好市ヘルパーステーション【訪問介護】徳島県三好市池田町サラダ1884番地4三好市社会福祉協議会", "url": "https://www.kaigokensaku.mhlw.go.jp/36/index.php?action_kouhyou_detail_004_kani=true&JigyosyoCd=3670600372-00&ServiceCd=110&Type=search", "url2": null }, "geometry": { "type": "Point", "coordinates": [ 133.803213699999986, 34.0259366 ] } },
{ "type": "Feature", "properties": { "内容": "特別養護老人ホーム喜楽苑【訪問介護】徳島県勝浦郡勝浦町大字棚野字竹国１０番１", "url": "https://www.kaigokensaku.mhlw.go.jp/36/index.php?action_kouhyou_detail_004_kani=true&JigyosyoCd=3671000085-00&ServiceCd=110&Type=search", "url2": "http://syoujukai.or.jp" }, "geometry": { "type": "Point", "coordinates": [ 134.504657100000031, 33.9319361 ] } },
{ "type": "Feature", "properties": { "内容": "特別養護老人ホーム健祥会ピーター【訪問介護】徳島県勝浦郡上勝町大字正木字西浦111番地7", "url": "https://www.kaigokensaku.mhlw.go.jp/36/index.php?action_kouhyou_detail_004_kani=true&JigyosyoCd=3671000028-00&ServiceCd=110&Type=search", "url2": "https://www.kenshokai.group/" }, "geometry": { "type": "Point", "coordinates": [ 134.420406400000047, 33.9243288 ] } },
{ "type": "Feature", "properties": { "内容": "有限会社　明日香ライフケア【訪問介護】徳島県名西郡石井町浦庄字下浦339番地3", "url": "https://www.kaigokensaku.mhlw.go.jp/36/index.php?action_kouhyou_detail_004_kani=true&JigyosyoCd=3671200172-00&ServiceCd=110&Type=search", "url2": "https://www.asuka-lifecare.com" }, "geometry": { "type": "Point", "coordinates": [ 134.411823700000014, 34.0688796 ] } },
{ "type": "Feature", "properties": { "内容": "訪問介護ステーション和来【訪問介護】徳島県名西郡石井町高原字中島473番地1", "url": "https://www.kaigokensaku.mhlw.go.jp/36/index.php?action_kouhyou_detail_004_kani=true&JigyosyoCd=3671200453-00&ServiceCd=110&Type=search", "url2": null }, "geometry": { "type": "Point", "coordinates": [ 134.435935100000052, 34.0900854 ] } },
{ "type": "Feature", "properties": { "内容": "青藍訪問介護事業所【訪問介護】徳島県名西郡石井町浦庄字上浦１５７番地１１", "url": "https://www.kaigokensaku.mhlw.go.jp/36/index.php?action_kouhyou_detail_004_kani=true&JigyosyoCd=3671200313-00&ServiceCd=110&Type=search", "url2": "http://www.seiranso.com" }, "geometry": { "type": "Point", "coordinates": [ 134.404646800000023, 34.0709793 ] } },
{ "type": "Feature", "properties": { "内容": "あい介護福祉サービス有限会社【訪問介護】徳島県名西郡石井町石井字重松680番地の１", "url": "https://www.kaigokensaku.mhlw.go.jp/36/index.php?action_kouhyou_detail_004_kani=true&JigyosyoCd=3671200198-00&ServiceCd=110&Type=search", "url2": "http://www.ai-kaigo.jo/" }, "geometry": { "type": "Point", "coordinates": [ 134.4350157, 34.0733096 ] } },
{ "type": "Feature", "properties": { "内容": "合同会社徳島県ふれあい介護支援センター　訪問介護事業所【訪問介護】徳島県名西郡石井町高川原字天神671-3", "url": "https://www.kaigokensaku.mhlw.go.jp/36/index.php?action_kouhyou_detail_004_kani=true&JigyosyoCd=3671200347-00&ServiceCd=110&Type=search", "url2": null }, "geometry": { "type": "Point", "coordinates": [ 134.4424262, 34.0823113 ] } },
{ "type": "Feature", "properties": { "内容": "まことホームヘルプサービスステーション【訪問介護】徳島県名西郡石井町藍畑字東覚円103番地3", "url": "https://www.kaigokensaku.mhlw.go.jp/36/index.php?action_kouhyou_detail_004_kani=true&JigyosyoCd=3671200362-00&ServiceCd=110&Type=search", "url2": "http://www.yuseikai.net/makoto-g/hs/" }, "geometry": { "type": "Point", "coordinates": [ 134.435387900000023, 34.0958819 ] } },
{ "type": "Feature", "properties": { "内容": "訪問介護のあ【訪問介護】徳島県名西郡石井町高川原字加茂野34-2", "url": "https://www.kaigokensaku.mhlw.go.jp/36/index.php?action_kouhyou_detail_004_kani=true&JigyosyoCd=3671200610-00&ServiceCd=110&Type=search", "url2": "https://www.noa0808.com/" }, "geometry": { "type": "Point", "coordinates": [ 134.4575939, 34.0873162 ] } },
{ "type": "Feature", "properties": { "内容": "神山町社会福祉協議会　訪問介護事業所【訪問介護】徳島県名西郡神山町神領字本上角９３番地１神山町高齢者生産活動センター", "url": "https://www.kaigokensaku.mhlw.go.jp/36/index.php?action_kouhyou_detail_004_kani=true&JigyosyoCd=3671200081-00&ServiceCd=110&Type=search", "url2": "https://shakyo.ict-tokushima.jp/kamiyama/?page_id=15" }, "geometry": { "type": "Point", "coordinates": [ 134.370222199999944, 33.9723628 ] } },
{ "type": "Feature", "properties": { "内容": "那賀町訪問介護事業所【訪問介護】徳島県那賀郡那賀町延野字王子原31番地1", "url": "https://www.kaigokensaku.mhlw.go.jp/36/index.php?action_kouhyou_detail_004_kani=true&JigyosyoCd=3671300667-00&ServiceCd=110&Type=search", "url2": "http://shakyo-naka.e-tokushima.or.jp" }, "geometry": { "type": "Point", "coordinates": [ 134.478812799999957, 33.820647500000014 ] } },
{ "type": "Feature", "properties": { "内容": "那賀町に光を照らすヘルパーステーション【訪問介護】徳島県那賀郡那賀町百合字石橋500番地3那賀町に光を照らす高齢者住宅", "url": "https://www.kaigokensaku.mhlw.go.jp/36/index.php?action_kouhyou_detail_004_kani=true&JigyosyoCd=3671300709-00&ServiceCd=110&Type=search", "url2": "naka_hikarioterasu@yahoo.co.jp" }, "geometry": { "type": "Point", "coordinates": [ 134.487659300000018, 33.84622 ] } },
{ "type": "Feature", "properties": { "内容": "訪問介護　　こだま【訪問介護】徳島県那賀郡那賀町仁宇字王子前78-3", "url": "https://www.kaigokensaku.mhlw.go.jp/36/index.php?action_kouhyou_detail_004_kani=true&JigyosyoCd=3671300691-00&ServiceCd=110&Type=search", "url2": null }, "geometry": { "type": "Point", "coordinates": [ 134.476343989549235, 33.854341454915875 ] } },
{ "type": "Feature", "properties": { "内容": "特別養護老人ホーム緑風会チロル【訪問介護】徳島県那賀郡那賀町成瀬字小谷口２番地", "url": "https://www.kaigokensaku.mhlw.go.jp/36/index.php?action_kouhyou_detail_004_kani=true&JigyosyoCd=3671300121-00&ServiceCd=110&Type=search", "url2": "http://www.ryokufu1984.or.jp/" }, "geometry": { "type": "Point", "coordinates": [ 134.284983499999953, 33.7828668 ] } },
{ "type": "Feature", "properties": { "内容": "ヘルパーステーション遊楽【訪問介護】徳島県海部郡牟岐町大字川長字山戸４５番地", "url": "https://www.kaigokensaku.mhlw.go.jp/36/index.php?action_kouhyou_detail_004_kani=true&JigyosyoCd=3671400160-00&ServiceCd=110&Type=search", "url2": "http://www.wakahokai.com" }, "geometry": { "type": "Point", "coordinates": [ 134.423188399999958, 33.6755584 ] } },
{ "type": "Feature", "properties": { "内容": "特別養護老人ホーム緑風荘【訪問介護】徳島県海部郡牟岐町大字中村字山田30番地特別養護老人ホーム　緑風荘", "url": "https://www.kaigokensaku.mhlw.go.jp/36/index.php?action_kouhyou_detail_004_kani=true&JigyosyoCd=3671400095-00&ServiceCd=110&Type=search", "url2": "http://www.kenshokai.group" }, "geometry": { "type": "Point", "coordinates": [ 134.413139699999988, 33.6684733 ] } },
{ "type": "Feature", "properties": { "内容": "美波町社会福祉協議会ホームヘルプサービス派遣事業【訪問介護】徳島県海部郡美波町奥河内字井ノ上15番地１美波町デイサービスセンター竜宮", "url": "https://www.kaigokensaku.mhlw.go.jp/36/index.php?action_kouhyou_detail_004_kani=true&JigyosyoCd=3671400301-00&ServiceCd=110&Type=search", "url2": "http://shakyo.ict-tokushima.jp/minami/" }, "geometry": { "type": "Point", "coordinates": [ 134.532229442371062, 33.734106931841296 ] } },
{ "type": "Feature", "properties": { "内容": "訪問介護ステーションヒワサ【訪問介護】徳島県海部郡美波町奥河内字寺前１１０番地４", "url": "https://www.kaigokensaku.mhlw.go.jp/36/index.php?action_kouhyou_detail_004_kani=true&JigyosyoCd=3671400053-00&ServiceCd=110&Type=search", "url2": "toukoukai.com" }, "geometry": { "type": "Point", "coordinates": [ 134.531344200000035, 33.73227 ] } },
{ "type": "Feature", "properties": { "内容": "ヘルパーステーション笑歩【訪問介護】徳島県海部郡美波町西の地魚呑２番地", "url": "https://www.kaigokensaku.mhlw.go.jp/36/index.php?action_kouhyou_detail_004_kani=true&JigyosyoCd=3671400541-00&ServiceCd=110&Type=search", "url2": null }, "geometry": { "type": "Point", "coordinates": [ 134.598054100000013, 33.7782742 ] } },
{ "type": "Feature", "properties": { "内容": "セントケア日和佐【訪問介護】徳島県海部郡美波町奥河内字弁才天107-3", "url": "https://www.kaigokensaku.mhlw.go.jp/36/index.php?action_kouhyou_detail_004_kani=true&JigyosyoCd=3671400467-00&ServiceCd=110&Type=search", "url2": null }, "geometry": { "type": "Point", "coordinates": [ 134.529672099999971, 33.7277648 ] } },
{ "type": "Feature", "properties": { "内容": "訪問介護ステーションヒワサ【訪問介護】徳島県海部郡美波町西河内字丹前99番地", "url": "https://www.kaigokensaku.mhlw.go.jp/36/index.php?action_kouhyou_detail_004_kani=true&JigyosyoCd=3671400483-00&ServiceCd=110&Type=search", "url2": "http://toukoukai.com/" }, "geometry": { "type": "Point", "coordinates": [ 134.531344200000035, 33.73227 ] } },
{ "type": "Feature", "properties": { "内容": "海陽町訪問介護事業所【訪問介護】徳島県海部郡海陽町奥浦字新町４４番地海陽町役場海部庁舎　２階", "url": "https://www.kaigokensaku.mhlw.go.jp/36/index.php?action_kouhyou_detail_004_kani=true&JigyosyoCd=3671400392-00&ServiceCd=110&Type=search", "url2": "https://www.kaiyo-shakyo.jp/" }, "geometry": { "type": "Point", "coordinates": [ 134.3527077, 33.596188 ] } },
{ "type": "Feature", "properties": { "内容": "ヘルパーステーション　笑顔【訪問介護】徳島県海部郡海陽町久保字板取１２-４", "url": "https://www.kaigokensaku.mhlw.go.jp/36/index.php?action_kouhyou_detail_004_kani=true&JigyosyoCd=3671400350-00&ServiceCd=110&Type=search", "url2": "http://orino.jp" }, "geometry": { "type": "Point", "coordinates": [ 134.305304100000058, 33.5695046 ] } },
{ "type": "Feature", "properties": { "内容": "セントケア海陽【訪問介護】徳島県海部郡海陽町奥浦字一宇谷1番17徳島県海部郡海陽町奥浦字一宇谷1番17", "url": "https://www.kaigokensaku.mhlw.go.jp/36/index.php?action_kouhyou_detail_004_kani=true&JigyosyoCd=3671400475-00&ServiceCd=110&Type=search", "url2": null }, "geometry": { "type": "Point", "coordinates": [ 134.352378388499488, 33.593274472176823 ] } },
{ "type": "Feature", "properties": { "内容": "ヘルパーステーション　員【訪問介護】徳島県板野郡松茂町中喜来字稲本２２７－２カーサセレーノB202", "url": "https://www.kaigokensaku.mhlw.go.jp/36/index.php?action_kouhyou_detail_004_kani=true&JigyosyoCd=3670102775-00&ServiceCd=110&Type=search", "url2": null }, "geometry": { "type": "Point", "coordinates": [ 134.594640900000059, 34.1445923 ] } },
{ "type": "Feature", "properties": { "内容": "ケアステーション・エール【訪問介護】笹木野字八下２３番地１１", "url": "https://www.kaigokensaku.mhlw.go.jp/36/index.php?action_kouhyou_detail_004_kani=true&JigyosyoCd=3671502171-00&ServiceCd=110&Type=search", "url2": null }, "geometry": { "type": "Point", "coordinates": [ 134.585771200000011, 34.1320807 ] } },
{ "type": "Feature", "properties": { "内容": "えんじゅホームヘルパーステーション【訪問介護】徳島県板野郡松茂町広島字四番越５番地１", "url": "https://www.kaigokensaku.mhlw.go.jp/36/index.php?action_kouhyou_detail_004_kani=true&JigyosyoCd=3671500134-00&ServiceCd=110&Type=search", "url2": "https://yujoukai.jp" }, "geometry": { "type": "Point", "coordinates": [ 134.583689199999981, 34.1366623 ] } },
{ "type": "Feature", "properties": { "内容": "ふくゆうヘルパーステーション【訪問介護】徳島県板野郡松茂町笹木野字八北開拓175番地1", "url": "https://www.kaigokensaku.mhlw.go.jp/36/index.php?action_kouhyou_detail_004_kani=true&JigyosyoCd=3671501561-00&ServiceCd=110&Type=search", "url2": "https://www.yujoukai.jp" }, "geometry": { "type": "Point", "coordinates": [ 134.59451880000006, 34.143495200000011 ] } },
{ "type": "Feature", "properties": { "内容": "ヘルパーステーション「長生苑」【訪問介護】徳島県板野郡松茂町満穂字満穂開拓７９番地１", "url": "https://www.kaigokensaku.mhlw.go.jp/36/index.php?action_kouhyou_detail_004_kani=true&JigyosyoCd=3671502221-00&ServiceCd=110&Type=search", "url2": null }, "geometry": { "type": "Point", "coordinates": [ 134.600241, 34.1402964 ] } },
{ "type": "Feature", "properties": { "内容": "訪問介護　はる【訪問介護】板野郡松茂町満穂字満穂開拓36-1", "url": "https://www.kaigokensaku.mhlw.go.jp/36/index.php?action_kouhyou_detail_004_kani=true&JigyosyoCd=3671501413-00&ServiceCd=110&Type=search", "url2": null }, "geometry": { "type": "Point", "coordinates": [ 134.598529500000041, 34.139229 ] } },
{ "type": "Feature", "properties": { "内容": "紡ぎ訪問介護ステーション【訪問介護】徳島県板野郡松茂町笹木野字八北開拓25番地", "url": "https://www.kaigokensaku.mhlw.go.jp/36/index.php?action_kouhyou_detail_004_kani=true&JigyosyoCd=3671502130-00&ServiceCd=110&Type=search", "url2": "grandforest.co.jp" }, "geometry": { "type": "Point", "coordinates": [ 134.5862768, 34.135932 ] } },
{ "type": "Feature", "properties": { "内容": "有限会社大輪【訪問介護】徳島県板野郡松茂町長原246-1パープルハウス101号室", "url": "https://www.kaigokensaku.mhlw.go.jp/36/index.php?action_kouhyou_detail_004_kani=true&JigyosyoCd=3671500761-00&ServiceCd=110&Type=search", "url2": null }, "geometry": { "type": "Point", "coordinates": [ 134.600947099999985, 34.1101825 ] } },
{ "type": "Feature", "properties": { "内容": "ヘルパーステーションまとり【訪問介護】徳島県板野郡北島町江尻妙蛇池36－2ロイヤルハイツ北島３０８", "url": "https://www.kaigokensaku.mhlw.go.jp/36/index.php?action_kouhyou_detail_004_kani=true&JigyosyoCd=3671502056-00&ServiceCd=110&Type=search", "url2": null }, "geometry": { "type": "Point", "coordinates": [ 134.549311499999988, 34.1195627 ] } },
{ "type": "Feature", "properties": { "内容": "有限会社JIタクシー【訪問介護】徳島県板野郡北島町鯛浜字かや133番地の3", "url": "https://www.kaigokensaku.mhlw.go.jp/36/index.php?action_kouhyou_detail_004_kani=true&JigyosyoCd=3671500563-00&ServiceCd=110&Type=search", "url2": null }, "geometry": { "type": "Point", "coordinates": [ 134.550650600000012, 34.1180936 ] } },
{ "type": "Feature", "properties": { "内容": "訪問介護ステーション彩都【訪問介護】徳島県板野郡北島町中村字岸ノ上1番地236", "url": "https://www.kaigokensaku.mhlw.go.jp/36/index.php?action_kouhyou_detail_004_kani=true&JigyosyoCd=3671502239-00&ServiceCd=110&Type=search", "url2": "https://naruto-saito.co.jp/" }, "geometry": { "type": "Point", "coordinates": [ 134.5692063, 34.1295753 ] } },
{ "type": "Feature", "properties": { "内容": "かぐや姫介護サービス【訪問介護】徳島県板野郡北島町高房字堤下２１－４ひかりＢＬＤ", "url": "https://www.kaigokensaku.mhlw.go.jp/36/index.php?action_kouhyou_detail_004_kani=true&JigyosyoCd=3671501371-00&ServiceCd=110&Type=search", "url2": null }, "geometry": { "type": "Point", "coordinates": [ 134.532477500000027, 34.127441 ] } },
{ "type": "Feature", "properties": { "内容": "ホームヘルパーステーション歩の里【訪問介護】徳島県板野郡北島町太郎八須字鍋川9番地の１１", "url": "https://www.kaigokensaku.mhlw.go.jp/36/index.php?action_kouhyou_detail_004_kani=true&JigyosyoCd=3671500514-00&ServiceCd=110&Type=search", "url2": null }, "geometry": { "type": "Point", "coordinates": [ 134.565144844208817, 34.135611511188074 ] } },
{ "type": "Feature", "properties": { "内容": "訪問介護事業所ＯＨＡＮＡ【訪問介護】徳島県板野郡北島町鯛浜字川久保４６番地１", "url": "https://www.kaigokensaku.mhlw.go.jp/36/index.php?action_kouhyou_detail_004_kani=true&JigyosyoCd=3670103641-00&ServiceCd=110&Type=search", "url2": null }, "geometry": { "type": "Point", "coordinates": [ 134.550355700000011, 34.1116094 ] } },
{ "type": "Feature", "properties": { "内容": "訪問介護事業所ゆうゆう【訪問介護】江尻字柳池12-1", "url": "https://www.kaigokensaku.mhlw.go.jp/36/index.php?action_kouhyou_detail_004_kani=true&JigyosyoCd=3671502189-00&ServiceCd=110&Type=search", "url2": "producekk.wixsite.com" }, "geometry": { "type": "Point", "coordinates": [ 134.5488469, 34.1230102 ] } },
{ "type": "Feature", "properties": { "内容": "ニチイケアセンター徳島北【訪問介護】徳島県板野郡北島町高房字堤下１２－６", "url": "https://www.kaigokensaku.mhlw.go.jp/36/index.php?action_kouhyou_detail_004_kani=true&JigyosyoCd=3671502114-00&ServiceCd=110&Type=search", "url2": "http://www.nichiigakkan.co.jp" }, "geometry": { "type": "Point", "coordinates": [ 134.5310625, 34.1267969 ] } },
{ "type": "Feature", "properties": { "内容": "北島えんじゅヘルパーステーション【訪問介護】徳島県板野郡北島町北村字大開５番７", "url": "https://www.kaigokensaku.mhlw.go.jp/36/index.php?action_kouhyou_detail_004_kani=true&JigyosyoCd=3671500811-00&ServiceCd=110&Type=search", "url2": "https://yujoukai.jp" }, "geometry": { "type": "Point", "coordinates": [ 134.563610599999947, 34.1335849 ] } },
{ "type": "Feature", "properties": { "内容": "吉野川病院訪問介護事業所【訪問介護】徳島県板野郡北島町高房字八丁野西36-13", "url": "https://www.kaigokensaku.mhlw.go.jp/36/index.php?action_kouhyou_detail_004_kani=true&JigyosyoCd=3611510045-00&ServiceCd=110&Type=search", "url2": "http://syuseikai.net/" }, "geometry": { "type": "Point", "coordinates": [ 134.537749100000042, 34.131904500000026 ] } },
{ "type": "Feature", "properties": { "内容": "TAOKAヘルパーステーション北島【訪問介護】徳島県板野郡北島町鯛浜字外野34番地", "url": "https://www.kaigokensaku.mhlw.go.jp/36/index.php?action_kouhyou_detail_004_kani=true&JigyosyoCd=3671501215-00&ServiceCd=110&Type=search", "url2": "http://www.kitajima-taoka.or.jp/" }, "geometry": { "type": "Point", "coordinates": [ 134.553681165745502, 34.110784412919365 ] } },
{ "type": "Feature", "properties": { "内容": "合同会社ホワイトベア【訪問介護】徳島県板野郡藍住町住吉江端14-11", "url": "https://www.kaigokensaku.mhlw.go.jp/36/index.php?action_kouhyou_detail_004_kani=true&JigyosyoCd=3671502098-00&ServiceCd=110&Type=search", "url2": null }, "geometry": { "type": "Point", "coordinates": [ 134.506897205804449, 34.132278709380039 ] } },
{ "type": "Feature", "properties": { "内容": "ヘルパーステーションかのん【訪問介護】徳島県板野郡藍住町住吉字藤ノ木61番1", "url": "https://www.kaigokensaku.mhlw.go.jp/36/index.php?action_kouhyou_detail_004_kani=true&JigyosyoCd=3671501629-00&ServiceCd=110&Type=search", "url2": null }, "geometry": { "type": "Point", "coordinates": [ 134.504183179118627, 34.126285009649045 ] } },
{ "type": "Feature", "properties": { "内容": "ヘルパーステーションあゆみ【訪問介護】徳島県板野郡藍住町東中富字龍池傍示100番地31", "url": "https://www.kaigokensaku.mhlw.go.jp/36/index.php?action_kouhyou_detail_004_kani=true&JigyosyoCd=3671501587-00&ServiceCd=110&Type=search", "url2": null }, "geometry": { "type": "Point", "coordinates": [ 134.4901466, 34.1126696 ] } },
{ "type": "Feature", "properties": { "内容": "さわやか徳島ヘルパーステーション【訪問介護】徳島県板野郡藍住町富吉字地神60番3", "url": "https://www.kaigokensaku.mhlw.go.jp/36/index.php?action_kouhyou_detail_004_kani=true&JigyosyoCd=3671500233-00&ServiceCd=110&Type=search", "url2": "http://55web.jp/sawayaka/" }, "geometry": { "type": "Point", "coordinates": [ 134.4874489, 34.1374334 ] } },
{ "type": "Feature", "properties": { "内容": "ホウモンカイゴステーションヤドリギ【訪問介護】徳島県板野郡藍住町徳命字元村東22－22", "url": "https://www.kaigokensaku.mhlw.go.jp/36/index.php?action_kouhyou_detail_004_kani=true&JigyosyoCd=3671502320-00&ServiceCd=110&Type=search", "url2": "https://www.yadorigi-tokushima.com/" }, "geometry": { "type": "Point", "coordinates": [ 134.4997438, 34.1149009 ] } },
{ "type": "Feature", "properties": { "内容": "ヘルパーステーション　ローズ【訪問介護】徳島県板野郡藍住町矢上字原127-2ケアハウス矢上", "url": "https://www.kaigokensaku.mhlw.go.jp/36/index.php?action_kouhyou_detail_004_kani=true&JigyosyoCd=3671500472-00&ServiceCd=110&Type=search", "url2": "suncity@mxi.netwave.or.jp" }, "geometry": { "type": "Point", "coordinates": [ 134.501244700000029, 34.1295346 ] } },
{ "type": "Feature", "properties": { "内容": "クレア訪問介護サービス【訪問介護】徳島県板野郡藍住町住吉字藤ノ木83番地3", "url": "https://www.kaigokensaku.mhlw.go.jp/36/index.php?action_kouhyou_detail_004_kani=true&JigyosyoCd=3671500266-00&ServiceCd=110&Type=search", "url2": "http://www.crea-care.com" }, "geometry": { "type": "Point", "coordinates": [ 134.502430799999956, 34.126196 ] } },
{ "type": "Feature", "properties": { "内容": "ここはあと介護サービス【訪問介護】徳島県板野郡藍住町矢上字原190番地1", "url": "https://www.kaigokensaku.mhlw.go.jp/36/index.php?action_kouhyou_detail_004_kani=true&JigyosyoCd=3671502262-00&ServiceCd=110&Type=search", "url2": "https://nodoka-hinata.jp/" }, "geometry": { "type": "Point", "coordinates": [ 134.501089079762295, 34.126888300916605 ] } },
{ "type": "Feature", "properties": { "内容": "凌雲ヘルパーステーション【訪問介護】徳島県板野郡藍住町矢上字安任156-1", "url": "https://www.kaigokensaku.mhlw.go.jp/36/index.php?action_kouhyou_detail_004_kani=true&JigyosyoCd=3671500050-00&ServiceCd=110&Type=search", "url2": "http.//www.ryoun.com" }, "geometry": { "type": "Point", "coordinates": [ 134.49742, 34.1374337 ] } },
{ "type": "Feature", "properties": { "内容": "ヘルパーステーションあかり【訪問介護】徳島県板野郡藍住町勝瑞字成長62番地", "url": "https://www.kaigokensaku.mhlw.go.jp/36/index.php?action_kouhyou_detail_004_kani=true&JigyosyoCd=3611513445-00&ServiceCd=110&Type=search", "url2": null }, "geometry": { "type": "Point", "coordinates": [ 134.518639900000039, 34.1290101 ] } },
{ "type": "Feature", "properties": { "内容": "有限会社みのりケアサービス【訪問介護】徳島県板野郡藍住町勝瑞字幸島１１６番地３９", "url": "https://www.kaigokensaku.mhlw.go.jp/36/index.php?action_kouhyou_detail_004_kani=true&JigyosyoCd=3671500480-00&ServiceCd=110&Type=search", "url2": null }, "geometry": { "type": "Point", "coordinates": [ 138.252924, 36.204824 ] } },
{ "type": "Feature", "properties": { "内容": "ヘルパーステーション彩【訪問介護】徳島県板野郡藍住町富吉字豊吉８６－１サービス付き高齢者向け住宅　ライフヴィライース徳島　１F", "url": "https://www.kaigokensaku.mhlw.go.jp/36/index.php?action_kouhyou_detail_004_kani=true&JigyosyoCd=3671501405-00&ServiceCd=110&Type=search", "url2": "http://www.seijyukai-med.jp/" }, "geometry": { "type": "Point", "coordinates": [ 134.487790600000039, 34.1330588 ] } },
{ "type": "Feature", "properties": { "内容": "清水内科ヘルパーステーション【訪問介護】徳島県板野郡藍住町東中富字慶長47-1", "url": "https://www.kaigokensaku.mhlw.go.jp/36/index.php?action_kouhyou_detail_004_kani=true&JigyosyoCd=3670104920-00&ServiceCd=110&Type=search", "url2": "http://www.seijukai-med.jp/" }, "geometry": { "type": "Point", "coordinates": [ 134.468569256894568, 34.116904643087885 ] } },
{ "type": "Feature", "properties": { "内容": "あすなろヘルパーステーション【訪問介護】徳島県板野郡藍住町富吉字富吉1114フォーブール富吉103号室", "url": "https://www.kaigokensaku.mhlw.go.jp/36/index.php?action_kouhyou_detail_004_kani=true&JigyosyoCd=3671502346-00&ServiceCd=110&Type=search", "url2": null }, "geometry": { "type": "Point", "coordinates": [ 134.483528045893848, 34.142696107410579 ] } },
{ "type": "Feature", "properties": { "内容": "ヘルパーステーションあい【訪問介護】徳島県板野郡藍住町東中富字敷地傍示５０番地１", "url": "https://www.kaigokensaku.mhlw.go.jp/36/index.php?action_kouhyou_detail_004_kani=true&JigyosyoCd=3671500316-00&ServiceCd=110&Type=search", "url2": "http://いつもここから.com/" }, "geometry": { "type": "Point", "coordinates": [ 134.480805199999963, 34.1321282 ] } },
{ "type": "Feature", "properties": { "内容": "ハートフル介護サービス【訪問介護】徳島県板野郡板野町大寺字楠ノ本138番地2", "url": "https://www.kaigokensaku.mhlw.go.jp/36/index.php?action_kouhyou_detail_004_kani=true&JigyosyoCd=3671500944-00&ServiceCd=110&Type=search", "url2": null }, "geometry": { "type": "Point", "coordinates": [ 134.458548899999982, 34.1319026 ] } },
{ "type": "Feature", "properties": { "内容": "はるかぜ訪問介護ステーション【訪問介護】徳島県板野郡板野町那東字楠木2番地1", "url": "https://www.kaigokensaku.mhlw.go.jp/36/index.php?action_kouhyou_detail_004_kani=true&JigyosyoCd=3671501884-00&ServiceCd=110&Type=search", "url2": "http://kondo-naika.jp/" }, "geometry": { "type": "Point", "coordinates": [ 134.439188599999966, 34.1353611 ] } },
{ "type": "Feature", "properties": { "内容": "アイダックヘルパステーション【訪問介護】徳島県板野郡板野町川端字若王寺50番地3", "url": "https://www.kaigokensaku.mhlw.go.jp/36/index.php?action_kouhyou_detail_004_kani=true&JigyosyoCd=3671500621-00&ServiceCd=110&Type=search", "url2": null }, "geometry": { "type": "Point", "coordinates": [ 134.478946899999983, 34.148085 ] } },
{ "type": "Feature", "properties": { "内容": "穂波園指定訪問介護事業所【訪問介護】徳島県板野郡板野町吹田字西山68番地10", "url": "https://www.kaigokensaku.mhlw.go.jp/36/index.php?action_kouhyou_detail_004_kani=true&JigyosyoCd=3671500084-00&ServiceCd=110&Type=search", "url2": "https://lumiere-tokushima.com/" }, "geometry": { "type": "Point", "coordinates": [ 134.455471200000034, 34.1460011 ] } },
{ "type": "Feature", "properties": { "内容": "ヘルパーステーションアイリス【訪問介護】徳島県板野郡板野町犬伏字東川岸2番地2サービス付き高齢者向け住宅アイリス", "url": "https://www.kaigokensaku.mhlw.go.jp/36/index.php?action_kouhyou_detail_004_kani=true&JigyosyoCd=3671501926-00&ServiceCd=110&Type=search", "url2": "http://www.juzenkai-inoue.awk.jp/" }, "geometry": { "type": "Point", "coordinates": [ 134.451069599999983, 34.1377205 ] } },
{ "type": "Feature", "properties": { "内容": "オアシス【訪問介護】徳島県板野郡板野町中久保字中須賀19番地", "url": "https://www.kaigokensaku.mhlw.go.jp/36/index.php?action_kouhyou_detail_004_kani=true&JigyosyoCd=3671501488-00&ServiceCd=110&Type=search", "url2": null }, "geometry": { "type": "Point", "coordinates": [ 134.451483741139214, 34.118252403213091 ] } },
{ "type": "Feature", "properties": { "内容": "幸福サポート【訪問介護】徳島県板野郡板野町西中富字菅生310番地5", "url": "https://www.kaigokensaku.mhlw.go.jp/36/index.php?action_kouhyou_detail_004_kani=true&JigyosyoCd=3671501132-00&ServiceCd=110&Type=search", "url2": null }, "geometry": { "type": "Point", "coordinates": [ 134.462523799999985, 34.1210234 ] } },
{ "type": "Feature", "properties": { "内容": "ファミリー介護サービス【訪問介護】徳島県板野郡上板町七條字山神30-3", "url": "https://www.kaigokensaku.mhlw.go.jp/36/index.php?action_kouhyou_detail_004_kani=true&JigyosyoCd=3671600587-00&ServiceCd=110&Type=search", "url2": null }, "geometry": { "type": "Point", "coordinates": [ 134.405523324881926, 34.12509544404773 ] } },
{ "type": "Feature", "properties": { "内容": "在宅介護夢サービス【訪問介護】徳島県板野郡上板町高瀬１１２３番地の９", "url": "https://www.kaigokensaku.mhlw.go.jp/36/index.php?action_kouhyou_detail_004_kani=true&JigyosyoCd=3671500449-00&ServiceCd=110&Type=search", "url2": null }, "geometry": { "type": "Point", "coordinates": [ 134.419664399999988, 34.1041114 ] } },
{ "type": "Feature", "properties": { "内容": "こだま訪問介護事業所【訪問介護】徳島県板野郡上板町西分字滝ノ宮南50番1", "url": "https://www.kaigokensaku.mhlw.go.jp/36/index.php?action_kouhyou_detail_004_kani=true&JigyosyoCd=3671501579-00&ServiceCd=110&Type=search", "url2": null }, "geometry": { "type": "Point", "coordinates": [ 134.423538099999973, 34.1327247 ] } },
{ "type": "Feature", "properties": { "内容": "訪問介護ステーション　こまち【訪問介護】徳島県美馬郡つるぎ町貞光字太田西296-3", "url": "https://www.kaigokensaku.mhlw.go.jp/36/index.php?action_kouhyou_detail_004_kani=true&JigyosyoCd=3671800625-00&ServiceCd=110&Type=search", "url2": null }, "geometry": { "type": "Point", "coordinates": [ 134.0743258, 34.0451593 ] } },
{ "type": "Feature", "properties": { "内容": "社会福祉法人　つるぎ町社会福祉協議会【訪問介護】徳島県美馬郡つるぎ町貞光字江ノ脇２３０番地１６", "url": "https://www.kaigokensaku.mhlw.go.jp/36/index.php?action_kouhyou_detail_004_kani=true&JigyosyoCd=3671800583-00&ServiceCd=110&Type=search", "url2": "http://www.tsurugi-shakyo.jp/index.html" }, "geometry": { "type": "Point", "coordinates": [ 134.067517063857849, 34.042872497968375 ] } },
{ "type": "Feature", "properties": { "内容": "ゆうゆう屋【訪問介護】徳島県美馬郡つるぎ町一宇字赤松1317-6", "url": "https://www.kaigokensaku.mhlw.go.jp/36/index.php?action_kouhyou_detail_004_kani=true&JigyosyoCd=3671800633-00&ServiceCd=110&Type=search", "url2": "https://www.youyou-web.com" }, "geometry": { "type": "Point", "coordinates": [ 134.081255899999974, 33.9630151 ] } },
{ "type": "Feature", "properties": { "内容": "すだち介護センター【訪問介護】中庄837-1", "url": "https://www.kaigokensaku.mhlw.go.jp/36/index.php?action_kouhyou_detail_004_kani=true&JigyosyoCd=3671900557-00&ServiceCd=110&Type=search", "url2": null }, "geometry": { "type": "Point", "coordinates": [ 133.7980201, 34.6205875 ] } },
{ "type": "Feature", "properties": { "内容": "株式会社ドレミ【訪問介護】加茂2735-2陽明台", "url": "https://www.kaigokensaku.mhlw.go.jp/36/index.php?action_kouhyou_detail_004_kani=true&JigyosyoCd=3671900524-00&ServiceCd=110&Type=search", "url2": null }, "geometry": { "type": "Point", "coordinates": [ 133.923283632937682, 34.035272692067103 ] } },
{ "type": "Feature", "properties": { "内容": "ケアセンターひばり【訪問介護】徳島県三好郡東みよし町西庄字末石97番地6", "url": "https://www.kaigokensaku.mhlw.go.jp/36/index.php?action_kouhyou_detail_004_kani=true&JigyosyoCd=3671900458-00&ServiceCd=110&Type=search", "url2": null }, "geometry": { "type": "Point", "coordinates": [ 133.944742304883022, 34.040460135418101 ] } },
{ "type": "Feature", "properties": { "内容": "東みよし町ホームヘルプセンター【訪問介護】徳島県三好郡東みよし町西庄字横手70", "url": "https://www.kaigokensaku.mhlw.go.jp/36/index.php?action_kouhyou_detail_004_kani=true&JigyosyoCd=3671900425-00&ServiceCd=110&Type=search", "url2": "http://shakyo.ict-tokushima.jp/higashimiyoshi/" }, "geometry": { "type": "Point", "coordinates": [ 133.939787199999955, 34.043435 ] } },
{ "type": "Feature", "properties": { "内容": "有限会社　ケアサービス優心　三好営業所【訪問介護】徳島県三好郡東みよし町足代４５９０番地３住宅型有料老人ホーム　ふるさとの和内", "url": "https://www.kaigokensaku.mhlw.go.jp/36/index.php?action_kouhyou_detail_004_kani=true&JigyosyoCd=3671900383-00&ServiceCd=110&Type=search", "url2": "http://care-net.biz/36/yuushin/" }, "geometry": { "type": "Point", "coordinates": [ 133.896135929951726, 34.038457323252445 ] } },
{ "type": "Feature", "properties": { "内容": "特別養護老人ホーム　健祥会たんぽぽ【訪問介護】徳島県三好郡東みよし町中庄１６４１番地４", "url": "https://www.kaigokensaku.mhlw.go.jp/36/index.php?action_kouhyou_detail_004_kani=true&JigyosyoCd=3671900094-00&ServiceCd=110&Type=search", "url2": "https://www.kenshokai.group" }, "geometry": { "type": "Point", "coordinates": [ 133.9615854, 34.0340418 ] } }
]
}
