{
"type": "FeatureCollection",
"name": "geo_36_居宅介護支援",
"crs": { "type": "name", "properties": { "name": "urn:ogc:def:crs:OGC:1.3:CRS84" } },
"features": [
{ "type": "Feature", "properties": { "内容": "ケアプランセンター絆【居宅介護支援】徳島県徳島市方上町中須賀31番地1", "url": "https://www.kaigokensaku.mhlw.go.jp/36/index.php?action_kouhyou_detail_004_kani=true&JigyosyoCd=3670103435-00&ServiceCd=430&Type=search", "url2": "http://grandforest.co.jp" }, "geometry": { "type": "Point", "coordinates": [ 134.5391759, 34.0271274 ] } },
{ "type": "Feature", "properties": { "内容": "指定居宅介護支援事業所きずな【居宅介護支援】徳島県徳島市丈六町小谷46番地1", "url": "https://www.kaigokensaku.mhlw.go.jp/36/index.php?action_kouhyou_detail_004_kani=true&JigyosyoCd=3670105570-00&ServiceCd=430&Type=search", "url2": "http://www.keiwa-kai.org/" }, "geometry": { "type": "Point", "coordinates": [ 134.54754270754853, 34.014077801522433 ] } },
{ "type": "Feature", "properties": { "内容": "あすなろ居宅介護支援事業所【居宅介護支援】徳島市城東町2丁目6番29号", "url": "https://www.kaigokensaku.mhlw.go.jp/36/index.php?action_kouhyou_detail_004_kani=true&JigyosyoCd=3670102882-00&ServiceCd=430&Type=search", "url2": "ichiyou-kai.com" }, "geometry": { "type": "Point", "coordinates": [ 134.575291900000025, 34.0738449 ] } },
{ "type": "Feature", "properties": { "内容": "ケアサポート結【居宅介護支援】末広四丁目５番１８号", "url": "https://www.kaigokensaku.mhlw.go.jp/36/index.php?action_kouhyou_detail_004_kani=true&JigyosyoCd=3670105471-00&ServiceCd=430&Type=search", "url2": null }, "geometry": { "type": "Point", "coordinates": [ 134.580106699999988, 34.0658737 ] } },
{ "type": "Feature", "properties": { "内容": "しあわせサポート【居宅介護支援】北沖洲三丁目9番62号", "url": "https://www.kaigokensaku.mhlw.go.jp/36/index.php?action_kouhyou_detail_004_kani=true&JigyosyoCd=3670103823-00&ServiceCd=430&Type=search", "url2": "www,48kb80.biz" }, "geometry": { "type": "Point", "coordinates": [ 134.592068734454386, 34.070770016304401 ] } },
{ "type": "Feature", "properties": { "内容": "なないろケアプランサービス【居宅介護支援】徳島県徳島市中島田町４丁目５番地９", "url": "https://www.kaigokensaku.mhlw.go.jp/36/index.php?action_kouhyou_detail_004_kani=true&JigyosyoCd=3670102718-00&ServiceCd=430&Type=search", "url2": null }, "geometry": { "type": "Point", "coordinates": [ 134.5090065, 34.0814498 ] } },
{ "type": "Feature", "properties": { "内容": "青い鳥居宅介護支援事業所【居宅介護支援】徳島市佐古六番町12番11号", "url": "https://www.kaigokensaku.mhlw.go.jp/36/index.php?action_kouhyou_detail_004_kani=true&JigyosyoCd=3670101744-00&ServiceCd=430&Type=search", "url2": null }, "geometry": { "type": "Point", "coordinates": [ 134.525985, 34.0795155 ] } },
{ "type": "Feature", "properties": { "内容": "ハートインライフ住吉【居宅介護支援】徳島県徳島市住吉2丁目9番地８", "url": "https://www.kaigokensaku.mhlw.go.jp/36/index.php?action_kouhyou_detail_004_kani=true&JigyosyoCd=3670101611-00&ServiceCd=430&Type=search", "url2": "http://www.heartfulcare.jp/" }, "geometry": { "type": "Point", "coordinates": [ 134.567809099999977, 34.0763687 ] } },
{ "type": "Feature", "properties": { "内容": "ケアプランセンターとまと【居宅介護支援】徳島県徳島市問屋町19", "url": "https://www.kaigokensaku.mhlw.go.jp/36/index.php?action_kouhyou_detail_004_kani=true&JigyosyoCd=3670105703-00&ServiceCd=430&Type=search", "url2": "tokukyo.co.jp" }, "geometry": { "type": "Point", "coordinates": [ 134.5484095, 34.047666289614419 ] } },
{ "type": "Feature", "properties": { "内容": "リハビリセンターグリーン丈六指定居宅介護支援事業所【居宅介護支援】徳島県徳島市丈六町山根５１番地", "url": "https://www.kaigokensaku.mhlw.go.jp/36/index.php?action_kouhyou_detail_004_kani=true&JigyosyoCd=3650180205-00&ServiceCd=430&Type=search", "url2": "http://green-jouroku.jp/" }, "geometry": { "type": "Point", "coordinates": [ 134.543328699999961, 34.0093271 ] } },
{ "type": "Feature", "properties": { "内容": "ケアプランとくし【居宅介護支援】徳島県徳島市金沢町２丁目５－７６", "url": "https://www.kaigokensaku.mhlw.go.jp/36/index.php?action_kouhyou_detail_004_kani=true&JigyosyoCd=3670105257-00&ServiceCd=430&Type=search", "url2": null }, "geometry": { "type": "Point", "coordinates": [ 134.5854917, 34.0759315 ] } },
{ "type": "Feature", "properties": { "内容": "喜久寿会居宅介護支援センター【居宅介護支援】徳島県徳島市南末広町4番57号", "url": "https://www.kaigokensaku.mhlw.go.jp/36/index.php?action_kouhyou_detail_004_kani=true&JigyosyoCd=3650180155-00&ServiceCd=430&Type=search", "url2": "http://www.kinoshita-hp.com/" }, "geometry": { "type": "Point", "coordinates": [ 134.576033400000028, 34.0607519 ] } },
{ "type": "Feature", "properties": { "内容": "セリアスホーム居宅介護支援事業所【居宅介護支援】徳島県徳島市一宮町片山３３－１９", "url": "https://www.kaigokensaku.mhlw.go.jp/36/index.php?action_kouhyou_detail_004_kani=true&JigyosyoCd=3670100365-00&ServiceCd=430&Type=search", "url2": "https://www.serious-home.com" }, "geometry": { "type": "Point", "coordinates": [ 134.48048940000001, 34.035653 ] } },
{ "type": "Feature", "properties": { "内容": "やましろケアサポート【居宅介護支援】徳島県徳島市山城西4丁目47番地", "url": "https://www.kaigokensaku.mhlw.go.jp/36/index.php?action_kouhyou_detail_004_kani=true&JigyosyoCd=3670100712-00&ServiceCd=430&Type=search", "url2": "https://yamashiro-clinic.jp/" }, "geometry": { "type": "Point", "coordinates": [ 134.55385858765456, 34.047222122427137 ] } },
{ "type": "Feature", "properties": { "内容": "大神子在宅介護支援センター【居宅介護支援】徳島県徳島市大原町余慶1番地5", "url": "https://www.kaigokensaku.mhlw.go.jp/36/index.php?action_kouhyou_detail_004_kani=true&JigyosyoCd=3670105588-00&ServiceCd=430&Type=search", "url2": "http://sudachikai.jp" }, "geometry": { "type": "Point", "coordinates": [ 134.5724698, 34.0275645 ] } },
{ "type": "Feature", "properties": { "内容": "東洋病院在宅ケアセンター・ヘルスパーク【居宅介護支援】徳島県徳島市北島田町１丁目１６０番地２", "url": "https://www.kaigokensaku.mhlw.go.jp/36/index.php?action_kouhyou_detail_004_kani=true&JigyosyoCd=3610125340-00&ServiceCd=430&Type=search", "url2": "http://www.toyohosp.net/" }, "geometry": { "type": "Point", "coordinates": [ 134.515755200000058, 34.0896084 ] } },
{ "type": "Feature", "properties": { "内容": "ケアサポート結【居宅介護支援】徳島県徳島市末広四丁目５番１８", "url": "https://www.kaigokensaku.mhlw.go.jp/36/index.php?action_kouhyou_detail_004_kani=true&JigyosyoCd=3670106016-00&ServiceCd=430&Type=search", "url2": "https://linkle-group.co.jp/" }, "geometry": { "type": "Point", "coordinates": [ 134.5801104, 34.0658732 ] } },
{ "type": "Feature", "properties": { "内容": "沖の洲病院介護支援センター【居宅介護支援】徳島県徳島市城東町一丁目８番８号", "url": "https://www.kaigokensaku.mhlw.go.jp/36/index.php?action_kouhyou_detail_004_kani=true&JigyosyoCd=3670104607-00&ServiceCd=430&Type=search", "url2": "http://www.nmt.ne.jp/~nagioo/consultation_07_care.html" }, "geometry": { "type": "Point", "coordinates": [ 134.573505100000034, 34.0729944 ] } },
{ "type": "Feature", "properties": { "内容": "介護老人保健施設カサ・デ・エスペランサ　指定居宅介護支援事業所【居宅介護支援】徳島市名東町２丁目６５０番地の３５", "url": "https://www.kaigokensaku.mhlw.go.jp/36/index.php?action_kouhyou_detail_004_kani=true&JigyosyoCd=3650180114-00&ServiceCd=430&Type=search", "url2": "https://sei-ryu-kai.or.jp/casadeesperanz/" }, "geometry": { "type": "Point", "coordinates": [ 134.491997843932694, 34.062258240430843 ] } },
{ "type": "Feature", "properties": { "内容": "常三島介護支援センター【居宅介護支援】徳島県徳島市中常三島町1丁目3-3スタンフォード常三島301号", "url": "https://www.kaigokensaku.mhlw.go.jp/36/index.php?action_kouhyou_detail_004_kani=true&JigyosyoCd=3670103773-00&ServiceCd=430&Type=search", "url2": "http://www.global-assist.jp/" }, "geometry": { "type": "Point", "coordinates": [ 134.559732, 34.0796219 ] } },
{ "type": "Feature", "properties": { "内容": "ニチイケアセンター二軒屋【居宅介護支援】徳島県徳島市南二軒屋町2丁目1176-1豊田ビル1階", "url": "https://www.kaigokensaku.mhlw.go.jp/36/index.php?action_kouhyou_detail_004_kani=true&JigyosyoCd=3670100092-00&ServiceCd=430&Type=search", "url2": "http://www.nichiigakkan.co.jp" }, "geometry": { "type": "Point", "coordinates": [ 134.544903100000056, 34.0527189 ] } },
{ "type": "Feature", "properties": { "内容": "公益社団法人徳島県看護協会指定居宅介護支援事業所徳島【居宅介護支援】上助任町蛭子98－76", "url": "https://www.kaigokensaku.mhlw.go.jp/36/index.php?action_kouhyou_detail_004_kani=true&JigyosyoCd=3660190020-00&ServiceCd=430&Type=search", "url2": "www.toku-na.jp/" }, "geometry": { "type": "Point", "coordinates": [ 134.5491409, 34.0912759 ] } },
{ "type": "Feature", "properties": { "内容": "居宅介護支援事業所ゆとり【居宅介護支援】徳島県徳島市北矢三町3丁目１－７７マイム２１　１０６", "url": "https://www.kaigokensaku.mhlw.go.jp/36/index.php?action_kouhyou_detail_004_kani=true&JigyosyoCd=3670101108-00&ServiceCd=430&Type=search", "url2": null }, "geometry": { "type": "Point", "coordinates": [ 134.522032399999944, 34.0853897 ] } },
{ "type": "Feature", "properties": { "内容": "いちか居宅介護支援事業所【居宅介護支援】徳島県徳島市中吉野町四丁目37-19", "url": "https://www.kaigokensaku.mhlw.go.jp/36/index.php?action_kouhyou_detail_004_kani=true&JigyosyoCd=3670105620-00&ServiceCd=430&Type=search", "url2": null }, "geometry": { "type": "Point", "coordinates": [ 134.5489244, 34.0847722 ] } },
{ "type": "Feature", "properties": { "内容": "合同会社一華【居宅介護支援】徳島県徳島市東吉野町２丁目29-4コーポクリエイト101", "url": "https://www.kaigokensaku.mhlw.go.jp/36/index.php?action_kouhyou_detail_004_kani=true&JigyosyoCd=3670104300-00&ServiceCd=430&Type=search", "url2": null }, "geometry": { "type": "Point", "coordinates": [ 134.56421812014716, 34.083596507313878 ] } },
{ "type": "Feature", "properties": { "内容": "かもな園居宅介護支援事業所【居宅介護支援】徳島県徳島市名東町2丁目454番地", "url": "https://www.kaigokensaku.mhlw.go.jp/36/index.php?action_kouhyou_detail_004_kani=true&JigyosyoCd=3670100035-00&ServiceCd=430&Type=search", "url2": "http://www.sawarabikai.or.jp" }, "geometry": { "type": "Point", "coordinates": [ 134.496137299999987, 34.0591148 ] } },
{ "type": "Feature", "properties": { "内容": "ソーシャルサポート清水【居宅介護支援】徳島県徳島市新浜町3丁目57番地9", "url": "https://www.kaigokensaku.mhlw.go.jp/36/index.php?action_kouhyou_detail_004_kani=true&JigyosyoCd=3670105190-00&ServiceCd=430&Type=search", "url2": null }, "geometry": { "type": "Point", "coordinates": [ 134.566725181510549, 34.048725893330221 ] } },
{ "type": "Feature", "properties": { "内容": "長寿支援センター【居宅介護支援】徳島県徳島市八万町法花谷２７２－２", "url": "https://www.kaigokensaku.mhlw.go.jp/36/index.php?action_kouhyou_detail_004_kani=true&JigyosyoCd=3670103278-00&ServiceCd=430&Type=search", "url2": null }, "geometry": { "type": "Point", "coordinates": [ 134.537248200000022, 34.038673100000011 ] } },
{ "type": "Feature", "properties": { "内容": "ケアプランセンターForYou【居宅介護支援】徳島県徳島市東吉野町二丁目16番地", "url": "https://www.kaigokensaku.mhlw.go.jp/36/index.php?action_kouhyou_detail_004_kani=true&JigyosyoCd=3670105448-00&ServiceCd=430&Type=search", "url2": "https://foryou-kai.co.jp/" }, "geometry": { "type": "Point", "coordinates": [ 134.563783247452136, 34.084395591225487 ] } },
{ "type": "Feature", "properties": { "内容": "医療法人　成美会　鈴江病院【居宅介護支援】徳島県徳島市佐古八番町４－２２医療法人　成美会　鈴江病院", "url": "https://www.kaigokensaku.mhlw.go.jp/36/index.php?action_kouhyou_detail_004_kani=true&JigyosyoCd=3610123568-00&ServiceCd=430&Type=search", "url2": "http：//www.suzue.jp" }, "geometry": { "type": "Point", "coordinates": [ 134.522407599999951, 34.0772907 ] } },
{ "type": "Feature", "properties": { "内容": "シエンス【居宅介護支援】徳島市新蔵町３丁目８番ロイヤルハイツ１０１号", "url": "https://www.kaigokensaku.mhlw.go.jp/36/index.php?action_kouhyou_detail_004_kani=true&JigyosyoCd=3670102148-00&ServiceCd=430&Type=search", "url2": null }, "geometry": { "type": "Point", "coordinates": [ 134.560915499999965, 34.0704925 ] } },
{ "type": "Feature", "properties": { "内容": "マネジメント　つむぎ【居宅介護支援】徳島県徳島市山城西4丁目16-5沖浜ヒルズ館　5F　E号室", "url": "https://www.kaigokensaku.mhlw.go.jp/36/index.php?action_kouhyou_detail_004_kani=true&JigyosyoCd=3670105158-00&ServiceCd=430&Type=search", "url2": null }, "geometry": { "type": "Point", "coordinates": [ 134.554941500000012, 34.0483933 ] } },
{ "type": "Feature", "properties": { "内容": "カメリア居宅介護支援事業所【居宅介護支援】徳島県徳島市昭和町８丁目４８番地３０", "url": "https://www.kaigokensaku.mhlw.go.jp/36/index.php?action_kouhyou_detail_004_kani=true&JigyosyoCd=3670104276-00&ServiceCd=430&Type=search", "url2": null }, "geometry": { "type": "Point", "coordinates": [ 134.569471099999987, 34.0570137 ] } },
{ "type": "Feature", "properties": { "内容": "労福協なのはな居宅介護支援センター【居宅介護支援】徳島県徳島市昭和町３丁目３５－１ピューマンわーくぴあ２階", "url": "https://www.kaigokensaku.mhlw.go.jp/36/index.php?action_kouhyou_detail_004_kani=true&JigyosyoCd=3670100621-00&ServiceCd=430&Type=search", "url2": "http://tokushima-rofuku.net/" }, "geometry": { "type": "Point", "coordinates": [ 134.5605127, 34.0630738 ] } },
{ "type": "Feature", "properties": { "内容": "徳島万代ケアセンターそよ風【居宅介護支援】万代町６丁目1番3", "url": "https://www.kaigokensaku.mhlw.go.jp/36/index.php?action_kouhyou_detail_004_kani=true&JigyosyoCd=3670105414-00&ServiceCd=430&Type=search", "url2": "https://www.sykz.co.jp/" }, "geometry": { "type": "Point", "coordinates": [ 139.0610968, 37.9178299 ] } },
{ "type": "Feature", "properties": { "内容": "介護支援相談室えくぼ【居宅介護支援】徳島県徳島市津田本町３丁目２－３８", "url": "https://www.kaigokensaku.mhlw.go.jp/36/index.php?action_kouhyou_detail_004_kani=true&JigyosyoCd=3670102668-00&ServiceCd=430&Type=search", "url2": null }, "geometry": { "type": "Point", "coordinates": [ 134.577285800000027, 34.0470395 ] } },
{ "type": "Feature", "properties": { "内容": "しらさぎ台居宅介護支援センター【居宅介護支援】徳島県徳島市上八万町西山１１３６－１２", "url": "https://www.kaigokensaku.mhlw.go.jp/36/index.php?action_kouhyou_detail_004_kani=true&JigyosyoCd=3670104243-00&ServiceCd=430&Type=search", "url2": null }, "geometry": { "type": "Point", "coordinates": [ 134.490494099999978, 34.0335311 ] } },
{ "type": "Feature", "properties": { "内容": "居宅介護支援事業所満福【居宅介護支援】徳島県徳島市東新町2丁目20番地銀座アビタシオン1階", "url": "https://www.kaigokensaku.mhlw.go.jp/36/index.php?action_kouhyou_detail_004_kani=true&JigyosyoCd=3670103427-00&ServiceCd=430&Type=search", "url2": "http://www.group-living.com/" }, "geometry": { "type": "Point", "coordinates": [ 134.549261, 34.0687869 ] } },
{ "type": "Feature", "properties": { "内容": "居宅介護支援事業所ライフケア応神【居宅介護支援】徳島県徳島市応神町古川字日ノ上３6－１", "url": "https://www.kaigokensaku.mhlw.go.jp/36/index.php?action_kouhyou_detail_004_kani=true&JigyosyoCd=3650180023-00&ServiceCd=430&Type=search", "url2": "http://rouken-oujin.jp/" }, "geometry": { "type": "Point", "coordinates": [ 134.555844382139639, 34.101061554384152 ] } },
{ "type": "Feature", "properties": { "内容": "ケアネットあさがお【居宅介護支援】徳島県徳島市大原町外籠47番地の4", "url": "https://www.kaigokensaku.mhlw.go.jp/36/index.php?action_kouhyou_detail_004_kani=true&JigyosyoCd=3670105042-00&ServiceCd=430&Type=search", "url2": "asagao-gr.jp" }, "geometry": { "type": "Point", "coordinates": [ 134.5685775, 34.0341359 ] } },
{ "type": "Feature", "properties": { "内容": "国府居宅介護支援事業所【居宅介護支援】徳島県徳島市国府町早淵734番地", "url": "https://www.kaigokensaku.mhlw.go.jp/36/index.php?action_kouhyou_detail_004_kani=true&JigyosyoCd=3670103898-00&ServiceCd=430&Type=search", "url2": null }, "geometry": { "type": "Point", "coordinates": [ 134.483127299999978, 34.05927710000001 ] } },
{ "type": "Feature", "properties": { "内容": "有限会社ケアサービス工藤【居宅介護支援】徳島県徳島市福島１丁目５番１号", "url": "https://www.kaigokensaku.mhlw.go.jp/36/index.php?action_kouhyou_detail_004_kani=true&JigyosyoCd=3670100514-00&ServiceCd=430&Type=search", "url2": null }, "geometry": { "type": "Point", "coordinates": [ 134.563545800000043, 34.0723395 ] } },
{ "type": "Feature", "properties": { "内容": "ケアサポート　おおち【居宅介護支援】徳島県徳島市川内町大松８８０－１０フローレンス川内　103号", "url": "https://www.kaigokensaku.mhlw.go.jp/36/index.php?action_kouhyou_detail_004_kani=true&JigyosyoCd=3671501223-00&ServiceCd=430&Type=search", "url2": null }, "geometry": { "type": "Point", "coordinates": [ 134.572793400000023, 34.1233695 ] } },
{ "type": "Feature", "properties": { "内容": "城東整形外科内科　居宅介護支援事業所【居宅介護支援】徳島県徳島市福島1丁目6番58号", "url": "https://www.kaigokensaku.mhlw.go.jp/36/index.php?action_kouhyou_detail_004_kani=true&JigyosyoCd=3670105356-00&ServiceCd=430&Type=search", "url2": "joto-geka-jp" }, "geometry": { "type": "Point", "coordinates": [ 134.5644627, 34.0711737 ] } },
{ "type": "Feature", "properties": { "内容": "居宅介護支援事業所ジラソーレ大松【居宅介護支援】徳島県徳島市大松町榎原外50-1ジラソーレ大松", "url": "https://www.kaigokensaku.mhlw.go.jp/36/index.php?action_kouhyou_detail_004_kani=true&JigyosyoCd=3610127122-00&ServiceCd=430&Type=search", "url2": "http://himawari-gi.com" }, "geometry": { "type": "Point", "coordinates": [ 134.555980297483785, 34.024740378936258 ] } },
{ "type": "Feature", "properties": { "内容": "指定居宅介護支援事業所　きずな【居宅介護支援】丈六町小谷46番地1", "url": "https://www.kaigokensaku.mhlw.go.jp/36/index.php?action_kouhyou_detail_004_kani=true&JigyosyoCd=3670105984-00&ServiceCd=430&Type=search", "url2": "https://www.jonanh.com/kizuna/" }, "geometry": { "type": "Point", "coordinates": [ 134.547725097761543, 34.0141311603087 ] } },
{ "type": "Feature", "properties": { "内容": "ケアプランセンターりぶら【居宅介護支援】徳島県徳島市北田宮一丁目7-24山中ビル　J号室", "url": "https://www.kaigokensaku.mhlw.go.jp/36/index.php?action_kouhyou_detail_004_kani=true&JigyosyoCd=3660190665-00&ServiceCd=430&Type=search", "url2": "https://mty07271208.wixsite.com/libra" }, "geometry": { "type": "Point", "coordinates": [ 134.5455274, 34.0892928 ] } },
{ "type": "Feature", "properties": { "内容": "ケアマネ事務所はじめ【居宅介護支援】徳島県徳島市山城西2丁目22パレスヨーコー101", "url": "https://www.kaigokensaku.mhlw.go.jp/36/index.php?action_kouhyou_detail_004_kani=true&JigyosyoCd=3670106107-00&ServiceCd=430&Type=search", "url2": "https://hajimechandesu.jp" }, "geometry": { "type": "Point", "coordinates": [ 134.556666799999988, 34.0494247 ] } },
{ "type": "Feature", "properties": { "内容": "在宅介護支援センターピア【居宅介護支援】徳島市八万町大野5-5特別養護老人ホームピア", "url": "https://www.kaigokensaku.mhlw.go.jp/36/index.php?action_kouhyou_detail_004_kani=true&JigyosyoCd=3670100050-00&ServiceCd=430&Type=search", "url2": "https://keirou-group.jp/" }, "geometry": { "type": "Point", "coordinates": [ 134.5499855, 34.0438341 ] } },
{ "type": "Feature", "properties": { "内容": "ケアプランセンターゆいまーる【居宅介護支援】徳島県徳島市南蔵本町３丁目３５－２", "url": "https://www.kaigokensaku.mhlw.go.jp/36/index.php?action_kouhyou_detail_004_kani=true&JigyosyoCd=3670104292-00&ServiceCd=430&Type=search", "url2": null }, "geometry": { "type": "Point", "coordinates": [ 134.517247200000043, 34.0715079 ] } },
{ "type": "Feature", "properties": { "内容": "なるケアプランセンター【居宅介護支援】徳島県徳島市国府町西高輪121-5", "url": "https://www.kaigokensaku.mhlw.go.jp/36/index.php?action_kouhyou_detail_004_kani=true&JigyosyoCd=3670106255-00&ServiceCd=430&Type=search", "url2": "https://www.narullc.info/" }, "geometry": { "type": "Point", "coordinates": [ 134.480162947645084, 34.086522176250206 ] } },
{ "type": "Feature", "properties": { "内容": "居宅介護支援事業所　未来【居宅介護支援】徳島県徳島市川内町北原167番地1ユーハイツ101号室", "url": "https://www.kaigokensaku.mhlw.go.jp/36/index.php?action_kouhyou_detail_004_kani=true&JigyosyoCd=3670105638-00&ServiceCd=430&Type=search", "url2": null }, "geometry": { "type": "Point", "coordinates": [ 134.560393908093289, 34.104570508374032 ] } },
{ "type": "Feature", "properties": { "内容": "葵ケアプランセンター【居宅介護支援】徳島市蔵本町2丁目11ダイバーシティビル2階", "url": "https://www.kaigokensaku.mhlw.go.jp/36/index.php?action_kouhyou_detail_004_kani=true&JigyosyoCd=3670105489-00&ServiceCd=430&Type=search", "url2": null }, "geometry": { "type": "Point", "coordinates": [ 134.5190677, 34.0787839 ] } },
{ "type": "Feature", "properties": { "内容": "伊月病院居宅介護支援事業所【居宅介護支援】徳島県徳島市徳島町　2丁目54番地伊月病院内　２階", "url": "https://www.kaigokensaku.mhlw.go.jp/36/index.php?action_kouhyou_detail_004_kani=true&JigyosyoCd=3670105109-00&ServiceCd=430&Type=search", "url2": "http://ichie-kizuna.or.jp/" }, "geometry": { "type": "Point", "coordinates": [ 134.558046499999989, 34.0741154 ] } },
{ "type": "Feature", "properties": { "内容": "医療法人ひまわり会　中洲八木病院居宅介護支援事業所【居宅介護支援】徳島市中洲町１丁目３０番地", "url": "https://www.kaigokensaku.mhlw.go.jp/36/index.php?action_kouhyou_detail_004_kani=true&JigyosyoCd=3670105166-00&ServiceCd=430&Type=search", "url2": "http://www.yagihospital.com" }, "geometry": { "type": "Point", "coordinates": [ 134.558088199999929, 34.0681784 ] } },
{ "type": "Feature", "properties": { "内容": "よしだケアマネージメントセンター【居宅介護支援】徳島県徳島市南佐古４番町２番３２号", "url": "https://www.kaigokensaku.mhlw.go.jp/36/index.php?action_kouhyou_detail_004_kani=true&JigyosyoCd=3610125068-00&ServiceCd=430&Type=search", "url2": "https://www.yoshida-geka.jp/" }, "geometry": { "type": "Point", "coordinates": [ 134.531998499999986, 34.0759161 ] } },
{ "type": "Feature", "properties": { "内容": "一般社団法人徳島市医師会居宅介護サービスセンター【居宅介護支援】徳島県徳島市幸町3丁目77番地一般社団法人徳島市医師会", "url": "https://www.kaigokensaku.mhlw.go.jp/36/index.php?action_kouhyou_detail_004_kani=true&JigyosyoCd=3660190004-00&ServiceCd=430&Type=search", "url2": "https://www.tokushimashi-med.or.jp" }, "geometry": { "type": "Point", "coordinates": [ 134.555809094720416, 34.068774794880007 ] } },
{ "type": "Feature", "properties": { "内容": "エクセレント居宅介護支援事業所【居宅介護支援】徳島市南矢三町1丁目403-5OHKAWAビル2F", "url": "https://www.kaigokensaku.mhlw.go.jp/36/index.php?action_kouhyou_detail_004_kani=true&JigyosyoCd=3670102528-00&ServiceCd=430&Type=search", "url2": "http://www.excare.co.jp/" }, "geometry": { "type": "Point", "coordinates": [ 134.5295906, 34.083034300000023 ] } },
{ "type": "Feature", "properties": { "内容": "青香福祉会指定居宅介護支援事業所【居宅介護支援】徳島県徳島市川内町平石住吉183番地", "url": "https://www.kaigokensaku.mhlw.go.jp/36/index.php?action_kouhyou_detail_004_kani=true&JigyosyoCd=3670100209-00&ServiceCd=430&Type=search", "url2": "http://www.seikahukushikai.jp/" }, "geometry": { "type": "Point", "coordinates": [ 134.5859787, 34.113915 ] } },
{ "type": "Feature", "properties": { "内容": "ケアプランセンターてとてと徳島【居宅介護支援】徳島県徳島市通町1丁目6", "url": "https://www.kaigokensaku.mhlw.go.jp/36/index.php?action_kouhyou_detail_004_kani=true&JigyosyoCd=3660190657-00&ServiceCd=430&Type=search", "url2": "http://tetote.to/" }, "geometry": { "type": "Point", "coordinates": [ 134.553699200000011, 34.0706889 ] } },
{ "type": "Feature", "properties": { "内容": "居宅支援事業所どりーまぁ徳島【居宅介護支援】徳島県徳島市末広二丁目1番80号", "url": "https://www.kaigokensaku.mhlw.go.jp/36/index.php?action_kouhyou_detail_004_kani=true&JigyosyoCd=3670100068-00&ServiceCd=430&Type=search", "url2": "http://dreamer-service.org" }, "geometry": { "type": "Point", "coordinates": [ 134.573939200000041, 34.0642404 ] } },
{ "type": "Feature", "properties": { "内容": "介護老人保健施設　名月苑【居宅介護支援】徳島県徳島市名東町1丁目44-1天満ウェルネス名東", "url": "https://www.kaigokensaku.mhlw.go.jp/36/index.php?action_kouhyou_detail_004_kani=true&JigyosyoCd=3650180338-00&ServiceCd=430&Type=search", "url2": null }, "geometry": { "type": "Point", "coordinates": [ 134.502487752374009, 34.064612605791503 ] } },
{ "type": "Feature", "properties": { "内容": "水の都居宅介護支援事業所【居宅介護支援】徳島県徳島市北島田町1丁目46番11", "url": "https://www.kaigokensaku.mhlw.go.jp/36/index.php?action_kouhyou_detail_004_kani=true&JigyosyoCd=3670103807-00&ServiceCd=430&Type=search", "url2": "http://mizunomiyako.net" }, "geometry": { "type": "Point", "coordinates": [ 134.518462526458734, 34.083598608785358 ] } },
{ "type": "Feature", "properties": { "内容": "居宅介護支援事業所ムゲン【居宅介護支援】徳島県徳島市鮎喰町一丁目１２番地の１２", "url": "https://www.kaigokensaku.mhlw.go.jp/36/index.php?action_kouhyou_detail_004_kani=true&JigyosyoCd=3670106099-00&ServiceCd=430&Type=search", "url2": "https://www.mihari-mugen.com/" }, "geometry": { "type": "Point", "coordinates": [ 134.5034781, 34.0704593 ] } },
{ "type": "Feature", "properties": { "内容": "ケアプランあじさいのもり【居宅介護支援】徳島県徳島市南矢三町３丁目３番４７号", "url": "https://www.kaigokensaku.mhlw.go.jp/36/index.php?action_kouhyou_detail_004_kani=true&JigyosyoCd=3670105224-00&ServiceCd=430&Type=search", "url2": null }, "geometry": { "type": "Point", "coordinates": [ 134.52186530000003, 34.0841729 ] } },
{ "type": "Feature", "properties": { "内容": "居宅介護支援事業所イツモ【居宅介護支援】徳島県徳島市佐古二番町5番11号", "url": "https://www.kaigokensaku.mhlw.go.jp/36/index.php?action_kouhyou_detail_004_kani=true&JigyosyoCd=3670104565-00&ServiceCd=430&Type=search", "url2": "http://itsumosmile.jp/" }, "geometry": { "type": "Point", "coordinates": [ 134.53847559999997, 34.0771967 ] } },
{ "type": "Feature", "properties": { "内容": "居宅介護支援事業所イツモ田宮【居宅介護支援】北田宮1丁目7-19", "url": "https://www.kaigokensaku.mhlw.go.jp/36/index.php?action_kouhyou_detail_004_kani=true&JigyosyoCd=3670105919-00&ServiceCd=430&Type=search", "url2": "http://itsumosmile.jp" }, "geometry": { "type": "Point", "coordinates": [ 134.5464783, 34.0887718 ] } },
{ "type": "Feature", "properties": { "内容": "かもな桜公園ケアマネステーション【居宅介護支援】徳島県徳島市名東町2丁目593-5", "url": "https://www.kaigokensaku.mhlw.go.jp/36/index.php?action_kouhyou_detail_004_kani=true&JigyosyoCd=3670104201-00&ServiceCd=430&Type=search", "url2": "http://kawauchi-clinic.jp/" }, "geometry": { "type": "Point", "coordinates": [ 134.494, 34.063572 ] } },
{ "type": "Feature", "properties": { "内容": "はやしケアマネジメント【居宅介護支援】徳島県徳島市中昭和町２丁目９４番地", "url": "https://www.kaigokensaku.mhlw.go.jp/36/index.php?action_kouhyou_detail_004_kani=true&JigyosyoCd=3610124772-00&ServiceCd=430&Type=search", "url2": "http://hayashikai.or.jp/hayashicare/" }, "geometry": { "type": "Point", "coordinates": [ 134.558607400000028, 34.0617405 ] } },
{ "type": "Feature", "properties": { "内容": "佐古愛日介護支援室【居宅介護支援】徳島県徳島市佐古五番町2番18号", "url": "https://www.kaigokensaku.mhlw.go.jp/36/index.php?action_kouhyou_detail_004_kani=true&JigyosyoCd=3610124350-00&ServiceCd=430&Type=search", "url2": "http://youaijitsu.com/" }, "geometry": { "type": "Point", "coordinates": [ 134.530526399999985, 34.0775631 ] } },
{ "type": "Feature", "properties": { "内容": "マリー居宅介護支援事業所【居宅介護支援】徳島県徳島市川内町富久102-5", "url": "https://www.kaigokensaku.mhlw.go.jp/36/index.php?action_kouhyou_detail_004_kani=true&JigyosyoCd=3670101777-00&ServiceCd=430&Type=search", "url2": "http://www.nozomihp.com/" }, "geometry": { "type": "Point", "coordinates": [ 134.591692299999977, 34.1047357 ] } },
{ "type": "Feature", "properties": { "内容": "さくらの郷指定居宅介護支援事業所【居宅介護支援】徳島県徳島市下町本丁59-12", "url": "https://www.kaigokensaku.mhlw.go.jp/36/index.php?action_kouhyou_detail_004_kani=true&JigyosyoCd=3650180288-00&ServiceCd=430&Type=search", "url2": "http://homepage3.niff.com/ichiyoukai/" }, "geometry": { "type": "Point", "coordinates": [ 134.486916599999972, 34.0362224 ] } },
{ "type": "Feature", "properties": { "内容": "はしもと居宅介護支援事業所【居宅介護支援】徳島市中常三島町3丁目19番地の3はしもとリハビリデイサービスセンター", "url": "https://www.kaigokensaku.mhlw.go.jp/36/index.php?action_kouhyou_detail_004_kani=true&JigyosyoCd=3610126702-00&ServiceCd=430&Type=search", "url2": "www.hp-hashimotoclinic.com" }, "geometry": { "type": "Point", "coordinates": [ 134.5653926, 34.0784026 ] } },
{ "type": "Feature", "properties": { "内容": "医療法人慈成会在宅介護支援センターてらさわ【居宅介護支援】徳島市津田西町１丁目３番９号", "url": "https://www.kaigokensaku.mhlw.go.jp/36/index.php?action_kouhyou_detail_004_kani=true&JigyosyoCd=3660190087-00&ServiceCd=430&Type=search", "url2": null }, "geometry": { "type": "Point", "coordinates": [ 134.5766026, 34.0511252 ] } },
{ "type": "Feature", "properties": { "内容": "寺沢病院居宅介護支援事業所【居宅介護支援】徳島県徳島市津田西町1丁目2番30号", "url": "https://www.kaigokensaku.mhlw.go.jp/36/index.php?action_kouhyou_detail_004_kani=true&JigyosyoCd=3610123675-00&ServiceCd=430&Type=search", "url2": "http://www.terasawa.or.jp" }, "geometry": { "type": "Point", "coordinates": [ 134.5766582, 34.0516834 ] } },
{ "type": "Feature", "properties": { "内容": "松村病院【居宅介護支援】徳島市川内町鶴島１６２", "url": "https://www.kaigokensaku.mhlw.go.jp/36/index.php?action_kouhyou_detail_004_kani=true&JigyosyoCd=3610125076-00&ServiceCd=430&Type=search", "url2": "http://www.wakakusakai.com/matsumura_kyotaku.html" }, "geometry": { "type": "Point", "coordinates": [ 134.572261, 34.0948729 ] } },
{ "type": "Feature", "properties": { "内容": "わかば居宅介護支援事業所【居宅介護支援】徳島県徳島市新浜本町三丁目2-17", "url": "https://www.kaigokensaku.mhlw.go.jp/36/index.php?action_kouhyou_detail_004_kani=true&JigyosyoCd=3670101520-00&ServiceCd=430&Type=search", "url2": null }, "geometry": { "type": "Point", "coordinates": [ 134.567953499999931, 34.0444896 ] } },
{ "type": "Feature", "properties": { "内容": "居宅介護支援事業所かがやき【居宅介護支援】徳島県徳島市八万町寺山13番地2", "url": "https://www.kaigokensaku.mhlw.go.jp/36/index.php?action_kouhyou_detail_004_kani=true&JigyosyoCd=3670105877-00&ServiceCd=430&Type=search", "url2": "http://kyoritsuhp.or.jp" }, "geometry": { "type": "Point", "coordinates": [ 134.521274, 34.0430921 ] } },
{ "type": "Feature", "properties": { "内容": "おかがわ内科居宅介護事業所【居宅介護支援】徳島県徳島市住吉一丁目4番33号", "url": "https://www.kaigokensaku.mhlw.go.jp/36/index.php?action_kouhyou_detail_004_kani=true&JigyosyoCd=3670105125-00&ServiceCd=430&Type=search", "url2": "http://www.okagawa-g.com" }, "geometry": { "type": "Point", "coordinates": [ 134.564605210311925, 34.074469557377938 ] } },
{ "type": "Feature", "properties": { "内容": "すこやか居宅介護支援事業所【居宅介護支援】徳島県徳島市北沖洲２丁目３番４４号タウンパレス１０１号", "url": "https://www.kaigokensaku.mhlw.go.jp/36/index.php?action_kouhyou_detail_004_kani=true&JigyosyoCd=3670103146-00&ServiceCd=430&Type=search", "url2": null }, "geometry": { "type": "Point", "coordinates": [ 134.5860854, 34.0666707 ] } },
{ "type": "Feature", "properties": { "内容": "指定居宅介護支援事業所パンジー【居宅介護支援】徳島県徳島市西新浜町2丁目3-33", "url": "https://www.kaigokensaku.mhlw.go.jp/36/index.php?action_kouhyou_detail_004_kani=true&JigyosyoCd=3650180015-00&ServiceCd=430&Type=search", "url2": "https://www.royal-hc.com/" }, "geometry": { "type": "Point", "coordinates": [ 134.5596627, 34.0419007 ] } },
{ "type": "Feature", "properties": { "内容": "居宅介護支援事業所悠和ライフ【居宅介護支援】徳島県徳島市佐古四番町3番17号", "url": "https://www.kaigokensaku.mhlw.go.jp/36/index.php?action_kouhyou_detail_004_kani=true&JigyosyoCd=3670104409-00&ServiceCd=430&Type=search", "url2": "http://ashikabikai.jp/" }, "geometry": { "type": "Point", "coordinates": [ 134.532112459414947, 34.077789228697739 ] } },
{ "type": "Feature", "properties": { "内容": "ロイヤルセレブステイ指定居宅介護支援事業所【居宅介護支援】徳島県徳島市沖浜東2丁目30", "url": "https://www.kaigokensaku.mhlw.go.jp/36/index.php?action_kouhyou_detail_004_kani=true&JigyosyoCd=3670102981-00&ServiceCd=430&Type=search", "url2": "http://www.royalceleb.sakura.ne.jp/" }, "geometry": { "type": "Point", "coordinates": [ 134.555463199999963, 34.0527552 ] } },
{ "type": "Feature", "properties": { "内容": "社会福祉法人　光風会居宅介護支援事業所【居宅介護支援】徳島県徳島市下町本丁59-19", "url": "https://www.kaigokensaku.mhlw.go.jp/36/index.php?action_kouhyou_detail_004_kani=true&JigyosyoCd=3670100027-00&ServiceCd=430&Type=search", "url2": "http://www.tk2.nmt.jp/~kouhuukai/" }, "geometry": { "type": "Point", "coordinates": [ 134.486852699999986, 34.0366362 ] } },
{ "type": "Feature", "properties": { "内容": "白寿会西部在宅介護支援センター【居宅介護支援】徳島県徳島市不動西町３丁目１１９９－１", "url": "https://www.kaigokensaku.mhlw.go.jp/36/index.php?action_kouhyou_detail_004_kani=true&JigyosyoCd=3670100183-00&ServiceCd=430&Type=search", "url2": "http://www.hakuju-kai.or.jp" }, "geometry": { "type": "Point", "coordinates": [ 134.494323661376939, 34.087672444805705 ] } },
{ "type": "Feature", "properties": { "内容": "社会福祉法人　飛鳥在宅介護支援センター【居宅介護支援】徳島市佐古二番町３番６号", "url": "https://www.kaigokensaku.mhlw.go.jp/36/index.php?action_kouhyou_detail_004_kani=true&JigyosyoCd=3670100084-00&ServiceCd=430&Type=search", "url2": "http://asuka.khg.or.jp/" }, "geometry": { "type": "Point", "coordinates": [ 134.537911799999961, 34.0767051 ] } },
{ "type": "Feature", "properties": { "内容": "健生かがやき在宅介護支援センター【居宅介護支援】徳島県徳島市下助任町４丁目９番地", "url": "https://www.kaigokensaku.mhlw.go.jp/36/index.php?action_kouhyou_detail_004_kani=true&JigyosyoCd=3670102346-00&ServiceCd=430&Type=search", "url2": null }, "geometry": { "type": "Point", "coordinates": [ 134.549492539360386, 34.082665412775484 ] } },
{ "type": "Feature", "properties": { "内容": "健生さわやか在宅介護支援センター【居宅介護支援】徳島市吉野本町6丁目30-4健生在宅ケアセンター1階", "url": "https://www.kaigokensaku.mhlw.go.jp/36/index.php?action_kouhyou_detail_004_kani=true&JigyosyoCd=3670100217-00&ServiceCd=430&Type=search", "url2": null }, "geometry": { "type": "Point", "coordinates": [ 134.55247410000004, 34.0868015 ] } },
{ "type": "Feature", "properties": { "内容": "居宅介護支援事業所友絆【居宅介護支援】徳島県徳島市中島田町３丁目32ニューハイツ稲原１０２", "url": "https://www.kaigokensaku.mhlw.go.jp/36/index.php?action_kouhyou_detail_004_kani=true&JigyosyoCd=3670105851-00&ServiceCd=430&Type=search", "url2": "https://chosei-center.wixsite.com/tokushima/%E5%B1%85%E5%AE%85%E4%BB%8B%E8%AD%B7%E4%BA%8B%E6%A5%AD%E6%89%80-%E5%8F%8B%E7%B5%86" }, "geometry": { "type": "Point", "coordinates": [ 134.51142680000001, 34.0836545 ] } },
{ "type": "Feature", "properties": { "内容": "ケアサービス・ステーションふれあい【居宅介護支援】徳島県徳島市中央通一丁目27番地水落ビル2階", "url": "https://www.kaigokensaku.mhlw.go.jp/36/index.php?action_kouhyou_detail_004_kani=true&JigyosyoCd=3670100688-00&ServiceCd=430&Type=search", "url2": null }, "geometry": { "type": "Point", "coordinates": [ 134.550116500000058, 34.0638513 ] } },
{ "type": "Feature", "properties": { "内容": "彩ケアサービス居宅介護支援センター【居宅介護支援】徳島県徳島市八万町川南74-7", "url": "https://www.kaigokensaku.mhlw.go.jp/36/index.php?action_kouhyou_detail_004_kani=true&JigyosyoCd=3670100969-00&ServiceCd=430&Type=search", "url2": null }, "geometry": { "type": "Point", "coordinates": [ 134.537725899999941, 34.0440975 ] } },
{ "type": "Feature", "properties": { "内容": "ケアプランセンターオールアウト【居宅介護支援】徳島県徳島市川内町平石夷野18-1ロフトハウス川内203", "url": "https://www.kaigokensaku.mhlw.go.jp/36/index.php?action_kouhyou_detail_004_kani=true&JigyosyoCd=3670106339-00&ServiceCd=430&Type=search", "url2": null }, "geometry": { "type": "Point", "coordinates": [ 134.5760871, 34.1201367 ] } },
{ "type": "Feature", "properties": { "内容": "きらら指定居宅介護事業所【居宅介護支援】徳島県徳島市北山町岩崎11番地3", "url": "https://www.kaigokensaku.mhlw.go.jp/36/index.php?action_kouhyou_detail_004_kani=true&JigyosyoCd=3670103104-00&ServiceCd=430&Type=search", "url2": "http://r.goope.jp/kiraraen" }, "geometry": { "type": "Point", "coordinates": [ 134.5355624, 34.024125 ] } },
{ "type": "Feature", "properties": { "内容": "セントケア徳島【居宅介護支援】徳島市山城西３丁目２０", "url": "https://www.kaigokensaku.mhlw.go.jp/36/index.php?action_kouhyou_detail_004_kani=true&JigyosyoCd=3670103286-00&ServiceCd=430&Type=search", "url2": null }, "geometry": { "type": "Point", "coordinates": [ 134.556169, 34.050197 ] } },
{ "type": "Feature", "properties": { "内容": "居宅介護支援事業所　虹の橋【居宅介護支援】徳島県徳島市中島田町３丁目６０番地１", "url": "https://www.kaigokensaku.mhlw.go.jp/36/index.php?action_kouhyou_detail_004_kani=true&JigyosyoCd=3670104912-00&ServiceCd=430&Type=search", "url2": "http://www.nijinohashi.net/" }, "geometry": { "type": "Point", "coordinates": [ 134.510983600000031, 34.0842089 ] } },
{ "type": "Feature", "properties": { "内容": "在宅ケアサポート　ファミリー【居宅介護支援】徳島県徳島市南庄町2丁目25-1", "url": "https://www.kaigokensaku.mhlw.go.jp/36/index.php?action_kouhyou_detail_004_kani=true&JigyosyoCd=3670106156-00&ServiceCd=430&Type=search", "url2": null }, "geometry": { "type": "Point", "coordinates": [ 134.5120894, 34.0718189 ] } },
{ "type": "Feature", "properties": { "内容": "すだちの園指定居宅介護支援事業所【居宅介護支援】徳島市丈六町行正25番地", "url": "https://www.kaigokensaku.mhlw.go.jp/36/index.php?action_kouhyou_detail_004_kani=true&JigyosyoCd=3650180197-00&ServiceCd=430&Type=search", "url2": "http://www.jonanh.com/sudachi/" }, "geometry": { "type": "Point", "coordinates": [ 134.5478812, 34.0116713 ] } },
{ "type": "Feature", "properties": { "内容": "居宅介護支援事業所大神子【居宅介護支援】徳島県徳島市大原町余慶1番1", "url": "https://www.kaigokensaku.mhlw.go.jp/36/index.php?action_kouhyou_detail_004_kani=true&JigyosyoCd=3670105844-00&ServiceCd=430&Type=search", "url2": "https://www.doushisya.jp/" }, "geometry": { "type": "Point", "coordinates": [ 134.5721686, 34.0273085 ] } },
{ "type": "Feature", "properties": { "内容": "介護老人保健施設エルダリーガーデン【居宅介護支援】徳島県徳島市南庄町4丁目60番地2", "url": "https://www.kaigokensaku.mhlw.go.jp/36/index.php?action_kouhyou_detail_004_kani=true&JigyosyoCd=3650180163-00&ServiceCd=430&Type=search", "url2": "https://www.matsunaga-hp.jp/elderlygarden/" }, "geometry": { "type": "Point", "coordinates": [ 134.508234099999981, 34.072277 ] } },
{ "type": "Feature", "properties": { "内容": "眉山病院【居宅介護支援】徳島県徳島市西二軒屋町２－３９－４ヴィラ眉山A203", "url": "https://www.kaigokensaku.mhlw.go.jp/36/index.php?action_kouhyou_detail_004_kani=true&JigyosyoCd=3670105018-00&ServiceCd=430&Type=search", "url2": "https://bizan-hp.jp/" }, "geometry": { "type": "Point", "coordinates": [ 134.543177316008041, 34.058891154612354 ] } },
{ "type": "Feature", "properties": { "内容": "たまき青空居宅介護支援事業所【居宅介護支援】徳島県徳島市国府町和田字居内１０７番地", "url": "https://www.kaigokensaku.mhlw.go.jp/36/index.php?action_kouhyou_detail_004_kani=true&JigyosyoCd=3660190079-00&ServiceCd=430&Type=search", "url2": "tamaki-aozora.ne.jp" }, "geometry": { "type": "Point", "coordinates": [ 134.490835699999934, 34.0747872 ] } },
{ "type": "Feature", "properties": { "内容": "とくしま介護ONE【居宅介護支援】徳島県徳島市国府町早淵162-2", "url": "https://www.kaigokensaku.mhlw.go.jp/36/index.php?action_kouhyou_detail_004_kani=true&JigyosyoCd=3670104953-00&ServiceCd=430&Type=search", "url2": "https://www.kaigoone-tokushima.com" }, "geometry": { "type": "Point", "coordinates": [ 134.488985848593671, 34.07026829149914 ] } },
{ "type": "Feature", "properties": { "内容": "居宅介護支援事業所　颯【居宅介護支援】徳島県徳島市川内町榎瀬486グリーンヒルTADA　A号棟１階２号室", "url": "https://www.kaigokensaku.mhlw.go.jp/36/index.php?action_kouhyou_detail_004_kani=true&JigyosyoCd=3670106248-00&ServiceCd=430&Type=search", "url2": null }, "geometry": { "type": "Point", "coordinates": [ 134.561213900000013, 34.1063478 ] } },
{ "type": "Feature", "properties": { "内容": "健祥会イントロセンター応神【居宅介護支援】徳島県徳島市応神町古川字北36番地", "url": "https://www.kaigokensaku.mhlw.go.jp/36/index.php?action_kouhyou_detail_004_kani=true&JigyosyoCd=3670100803-00&ServiceCd=430&Type=search", "url2": "https://www.kenshokai.group/" }, "geometry": { "type": "Point", "coordinates": [ 134.5481072, 34.1067546 ] } },
{ "type": "Feature", "properties": { "内容": "健祥会ケアプランセンタータクト【居宅介護支援】徳島県徳島市南島田町３丁目55番地(ショッピングプラザタクト内）", "url": "https://www.kaigokensaku.mhlw.go.jp/36/index.php?action_kouhyou_detail_004_kani=true&JigyosyoCd=3670105679-00&ServiceCd=430&Type=search", "url2": "https://www.kenshokai.group/" }, "geometry": { "type": "Point", "coordinates": [ 134.507904067459094, 34.08036211527979 ] } },
{ "type": "Feature", "properties": { "内容": "光の園指定居宅介護支援事業所【居宅介護支援】徳島県徳島市渋野町西池27-1", "url": "https://www.kaigokensaku.mhlw.go.jp/36/index.php?action_kouhyou_detail_004_kani=true&JigyosyoCd=3670104151-00&ServiceCd=430&Type=search", "url2": "http://seiyohkai.jp" }, "geometry": { "type": "Point", "coordinates": [ 134.536283344705254, 34.003732599186499 ] } },
{ "type": "Feature", "properties": { "内容": "白寿会在宅介護支援センター【居宅介護支援】徳島県徳島市住吉四丁目12番10号", "url": "https://www.kaigokensaku.mhlw.go.jp/36/index.php?action_kouhyou_detail_004_kani=true&JigyosyoCd=3670100175-00&ServiceCd=430&Type=search", "url2": "http://hakuju-kai.or.jp/" }, "geometry": { "type": "Point", "coordinates": [ 134.569017199999962, 34.0827271 ] } },
{ "type": "Feature", "properties": { "内容": "すみれ居宅サービス事業所【居宅介護支援】庄町4丁目16-1ロックバレー庄町108号室", "url": "https://www.kaigokensaku.mhlw.go.jp/36/index.php?action_kouhyou_detail_004_kani=true&JigyosyoCd=3670101132-00&ServiceCd=430&Type=search", "url2": null }, "geometry": { "type": "Point", "coordinates": [ 134.507833439937656, 34.074141240601158 ] } },
{ "type": "Feature", "properties": { "内容": "はるかぜケアサポート【居宅介護支援】徳島県徳島市新浜本町一丁目１番４３号", "url": "https://www.kaigokensaku.mhlw.go.jp/36/index.php?action_kouhyou_detail_004_kani=true&JigyosyoCd=3670105778-00&ServiceCd=430&Type=search", "url2": "https://www.aomihoumon.net" }, "geometry": { "type": "Point", "coordinates": [ 134.572318390178282, 34.045688171047729 ] } },
{ "type": "Feature", "properties": { "内容": "つばさ居宅看護介護リハビリ支援事業所【居宅介護支援】徳島県徳島市南島田町2丁目38番地の8", "url": "https://www.kaigokensaku.mhlw.go.jp/36/index.php?action_kouhyou_detail_004_kani=true&JigyosyoCd=3670105364-00&ServiceCd=430&Type=search", "url2": null }, "geometry": { "type": "Point", "coordinates": [ 134.510179713491823, 34.0791413 ] } },
{ "type": "Feature", "properties": { "内容": "善成ケアプラン室【居宅介護支援】徳島県徳島市佐古六番町９番３号高齢者向け集合住宅遊", "url": "https://www.kaigokensaku.mhlw.go.jp/36/index.php?action_kouhyou_detail_004_kani=true&JigyosyoCd=3610123709-00&ServiceCd=430&Type=search", "url2": "https://www.yoshinari-hospital.com" }, "geometry": { "type": "Point", "coordinates": [ 134.529439209478824, 34.079192386989469 ] } },
{ "type": "Feature", "properties": { "内容": "着藤居宅介護支援事業所【居宅介護支援】徳島県徳島市応神町東貞方字諏訪ノ市17-2デイサービスセンターげんき", "url": "https://www.kaigokensaku.mhlw.go.jp/36/index.php?action_kouhyou_detail_004_kani=true&JigyosyoCd=3670102312-00&ServiceCd=430&Type=search", "url2": null }, "geometry": { "type": "Point", "coordinates": [ 134.51218455672759, 34.111466210534566 ] } },
{ "type": "Feature", "properties": { "内容": "居宅介護支援センター虹【居宅介護支援】徳島市西須賀町中開37-2", "url": "https://www.kaigokensaku.mhlw.go.jp/36/index.php?action_kouhyou_detail_004_kani=true&JigyosyoCd=3670100761-00&ServiceCd=430&Type=search", "url2": null }, "geometry": { "type": "Point", "coordinates": [ 134.5495498, 34.02781 ] } },
{ "type": "Feature", "properties": { "内容": "ホームケアべんり堂居宅介護支援センター【居宅介護支援】徳島県徳島市北矢三町一丁目１番１５号べんり堂ビル", "url": "https://www.kaigokensaku.mhlw.go.jp/36/index.php?action_kouhyou_detail_004_kani=true&JigyosyoCd=3670100357-00&ServiceCd=430&Type=search", "url2": "http://www.benrido.net" }, "geometry": { "type": "Point", "coordinates": [ 134.528917900000039, 34.0864814 ] } },
{ "type": "Feature", "properties": { "内容": "居宅介護支援事業所　RM【居宅介護支援】徳島県徳島市北山町神脇１０番地４", "url": "https://www.kaigokensaku.mhlw.go.jp/36/index.php?action_kouhyou_detail_004_kani=true&JigyosyoCd=3670101637-00&ServiceCd=430&Type=search", "url2": null }, "geometry": { "type": "Point", "coordinates": [ 134.535865100000024, 34.0268524 ] } },
{ "type": "Feature", "properties": { "内容": "居宅介護支援事業所ケアマネ倶楽部【居宅介護支援】徳島県徳島市佐古五番町5-3", "url": "https://www.kaigokensaku.mhlw.go.jp/36/index.php?action_kouhyou_detail_004_kani=true&JigyosyoCd=3670101371-00&ServiceCd=430&Type=search", "url2": "http://www.mediwell-m.com/care/" }, "geometry": { "type": "Point", "coordinates": [ 138.252924, 36.204824 ] } },
{ "type": "Feature", "properties": { "内容": "TAOKAケアプランセンター山手【居宅介護支援】徳島県徳島市東山手町1丁目5", "url": "https://www.kaigokensaku.mhlw.go.jp/36/index.php?action_kouhyou_detail_004_kani=true&JigyosyoCd=3670104490-00&ServiceCd=430&Type=search", "url2": "http://taoka-msw.jp/taoka/" }, "geometry": { "type": "Point", "coordinates": [ 134.5463224, 34.0693562 ] } },
{ "type": "Feature", "properties": { "内容": "居宅介護支援事業所風の家【居宅介護支援】徳島県鳴門市鳴門町高島字中島290", "url": "https://www.kaigokensaku.mhlw.go.jp/36/index.php?action_kouhyou_detail_004_kani=true&JigyosyoCd=3670200751-00&ServiceCd=430&Type=search", "url2": null }, "geometry": { "type": "Point", "coordinates": [ 134.5996427, 34.1996225 ] } },
{ "type": "Feature", "properties": { "内容": "医療法人愛生会兼松病院【居宅介護支援】鳴門市撫養町斎田字大堤54番地", "url": "https://www.kaigokensaku.mhlw.go.jp/36/index.php?action_kouhyou_detail_004_kani=true&JigyosyoCd=3610210043-00&ServiceCd=430&Type=search", "url2": "http://www.kanematsu-hp.com" }, "geometry": { "type": "Point", "coordinates": [ 134.6048336, 34.1769422 ] } },
{ "type": "Feature", "properties": { "内容": "ひだまり居宅介護支援事業所【居宅介護支援】徳島県鳴門市大津町矢倉字四の越5番", "url": "https://www.kaigokensaku.mhlw.go.jp/36/index.php?action_kouhyou_detail_004_kani=true&JigyosyoCd=3650280211-00&ServiceCd=430&Type=search", "url2": "http://www.harada-cl.or.jp" }, "geometry": { "type": "Point", "coordinates": [ -8.24389, 53.41291 ] } },
{ "type": "Feature", "properties": { "内容": "ケアサポートゆとり【居宅介護支援】徳島県鳴門市鳴門町高島字竹島363-1", "url": "https://www.kaigokensaku.mhlw.go.jp/36/index.php?action_kouhyou_detail_004_kani=true&JigyosyoCd=3670201122-00&ServiceCd=430&Type=search", "url2": null }, "geometry": { "type": "Point", "coordinates": [ 134.5926584, 34.2068345 ] } },
{ "type": "Feature", "properties": { "内容": "居宅介護支援事業所　縁【居宅介護支援】鳴門市瀬戸町堂浦字地廻り壱26番地5", "url": "https://www.kaigokensaku.mhlw.go.jp/36/index.php?action_kouhyou_detail_004_kani=true&JigyosyoCd=3670200710-00&ServiceCd=430&Type=search", "url2": "https://akari-dayservice.com" }, "geometry": { "type": "Point", "coordinates": [ 134.579298, 34.2119284 ] } },
{ "type": "Feature", "properties": { "内容": "居宅介護支援事業所　いろは【居宅介護支援】徳島県鳴門市姫田字久保ノ内26－18", "url": "https://www.kaigokensaku.mhlw.go.jp/36/index.php?action_kouhyou_detail_004_kani=true&JigyosyoCd=3671501058-00&ServiceCd=430&Type=search", "url2": null }, "geometry": { "type": "Point", "coordinates": [ 134.5577194, 34.1649626 ] } },
{ "type": "Feature", "properties": { "内容": "居宅介護支援事業所やまびこ【居宅介護支援】徳島県鳴門市大津町仲ノ越84-2ふれあいセンターおおつ2F", "url": "https://www.kaigokensaku.mhlw.go.jp/36/index.php?action_kouhyou_detail_004_kani=true&JigyosyoCd=3670200629-00&ServiceCd=430&Type=search", "url2": "kyotaku@yamabikohelp.com" }, "geometry": { "type": "Point", "coordinates": [ 134.591116517903117, 34.167917285740415 ] } },
{ "type": "Feature", "properties": { "内容": "社会福祉法人鳴門市社会福祉協議会居宅介護支援事業所【居宅介護支援】徳島県鳴門市撫養町南浜字東浜165番地10うずしお会館1階", "url": "https://www.kaigokensaku.mhlw.go.jp/36/index.php?action_kouhyou_detail_004_kani=true&JigyosyoCd=3670200090-00&ServiceCd=430&Type=search", "url2": "http://www.narutoshi-shakyo.com" }, "geometry": { "type": "Point", "coordinates": [ 134.609331290221689, 34.173599425911654 ] } },
{ "type": "Feature", "properties": { "内容": "佐藤整形外科医院【居宅介護支援】撫養町南浜字東浜265", "url": "https://www.kaigokensaku.mhlw.go.jp/36/index.php?action_kouhyou_detail_004_kani=true&JigyosyoCd=3610210472-00&ServiceCd=430&Type=search", "url2": null }, "geometry": { "type": "Point", "coordinates": [ 134.608938500000022, 34.1749065 ] } },
{ "type": "Feature", "properties": { "内容": "指定居宅介護支援事業所やすらぎ【居宅介護支援】徳島県鳴門市鳴門町高島字竹島446番地", "url": "https://www.kaigokensaku.mhlw.go.jp/36/index.php?action_kouhyou_detail_004_kani=true&JigyosyoCd=3670200652-00&ServiceCd=430&Type=search", "url2": null }, "geometry": { "type": "Point", "coordinates": [ 134.591804799999949, 34.2088352 ] } },
{ "type": "Feature", "properties": { "内容": "貴洋会介護支援センター【居宅介護支援】徳島県鳴門市撫養町立岩字五枚146", "url": "https://www.kaigokensaku.mhlw.go.jp/36/index.php?action_kouhyou_detail_004_kani=true&JigyosyoCd=3670200058-00&ServiceCd=430&Type=search", "url2": "http://syunchoen.jp" }, "geometry": { "type": "Point", "coordinates": [ 134.6207425, 34.1665106 ] } },
{ "type": "Feature", "properties": { "内容": "緑会指定居宅介護支援事業所【居宅介護支援】徳島県鳴門市撫養町南浜字蛭子前東105", "url": "https://www.kaigokensaku.mhlw.go.jp/36/index.php?action_kouhyou_detail_004_kani=true&JigyosyoCd=3670201072-00&ServiceCd=430&Type=search", "url2": "http://www.carehouse-naruto.jp/" }, "geometry": { "type": "Point", "coordinates": [ 134.604768400000012, 34.174876 ] } },
{ "type": "Feature", "properties": { "内容": "緑樹会おおつ居宅介護支援事業所【居宅介護支援】徳島県鳴門市大津町大代字戎野472番地", "url": "https://www.kaigokensaku.mhlw.go.jp/36/index.php?action_kouhyou_detail_004_kani=true&JigyosyoCd=3670200413-00&ServiceCd=430&Type=search", "url2": "http://www.ryokujyukai.com" }, "geometry": { "type": "Point", "coordinates": [ 134.573879, 34.159638 ] } },
{ "type": "Feature", "properties": { "内容": "居宅介護支援事業所ぴいぷる【居宅介護支援】徳島県鳴門市撫養町斎田字見白12-7", "url": "https://www.kaigokensaku.mhlw.go.jp/36/index.php?action_kouhyou_detail_004_kani=true&JigyosyoCd=3670201056-00&ServiceCd=430&Type=search", "url2": null }, "geometry": { "type": "Point", "coordinates": [ 134.59790959999998, 34.1827857 ] } },
{ "type": "Feature", "properties": { "内容": "居宅介護支援事業所　橋本医院【居宅介護支援】徳島県鳴門市大津町吉永字三石野777番地", "url": "https://www.kaigokensaku.mhlw.go.jp/36/index.php?action_kouhyou_detail_004_kani=true&JigyosyoCd=3670200686-00&ServiceCd=430&Type=search", "url2": "http://hashimoto-clinic.jp" }, "geometry": { "type": "Point", "coordinates": [ 134.605651127400165, 34.16574966496475 ] } },
{ "type": "Feature", "properties": { "内容": "あい愛介護相談室【居宅介護支援】鳴門市撫養町斎田字北浜95番地", "url": "https://www.kaigokensaku.mhlw.go.jp/36/index.php?action_kouhyou_detail_004_kani=true&JigyosyoCd=3610210100-00&ServiceCd=430&Type=search", "url2": "http：//www.ogawa-hp.jp" }, "geometry": { "type": "Point", "coordinates": [ 134.605278, 34.1787503 ] } },
{ "type": "Feature", "properties": { "内容": "居宅介護支援事業所ここしあわせ【居宅介護支援】徳島県鳴門市瀬戸町明神字丸山２５７番地", "url": "https://www.kaigokensaku.mhlw.go.jp/36/index.php?action_kouhyou_detail_004_kani=true&JigyosyoCd=3670201007-00&ServiceCd=430&Type=search", "url2": null }, "geometry": { "type": "Point", "coordinates": [ 134.582474971282039, 34.206944841558318 ] } },
{ "type": "Feature", "properties": { "内容": "やまかみ指定居宅介護支援事業所【居宅介護支援】徳島県鳴門市鳴門町土佐泊浦字高砂205番地29", "url": "https://www.kaigokensaku.mhlw.go.jp/36/index.php?action_kouhyou_detail_004_kani=true&JigyosyoCd=3670200017-00&ServiceCd=430&Type=search", "url2": "https://kyujinkai-mc.or.jp" }, "geometry": { "type": "Point", "coordinates": [ 134.625550100000027, 34.2056747 ] } },
{ "type": "Feature", "properties": { "内容": "在宅介護支援センターおおあさ【居宅介護支援】徳島県鳴門市大麻町桧字東山田５７－１0", "url": "https://www.kaigokensaku.mhlw.go.jp/36/index.php?action_kouhyou_detail_004_kani=true&JigyosyoCd=3670200033-00&ServiceCd=430&Type=search", "url2": "http//ryokujyukai.com" }, "geometry": { "type": "Point", "coordinates": [ 134.500405699999988, 34.16662560000001 ] } },
{ "type": "Feature", "properties": { "内容": "居宅介護支援事業所たんぽぽ【居宅介護支援】徳島県小松島市坂野町字平田18番地の4", "url": "https://www.kaigokensaku.mhlw.go.jp/36/index.php?action_kouhyou_detail_004_kani=true&JigyosyoCd=3610310504-00&ServiceCd=430&Type=search", "url2": "http://fujino.ezdns.jp/" }, "geometry": { "type": "Point", "coordinates": [ 134.633423499999907, 33.9807813 ] } },
{ "type": "Feature", "properties": { "内容": "指定居宅介護支援事業所　介護老人保健施設ゆうゆう荘【居宅介護支援】徳島県小松島市中田町字狭間48番地", "url": "https://www.kaigokensaku.mhlw.go.jp/36/index.php?action_kouhyou_detail_004_kani=true&JigyosyoCd=3670300411-00&ServiceCd=430&Type=search", "url2": "http://www.seiyuukai.com" }, "geometry": { "type": "Point", "coordinates": [ 134.570428394442729, 34.015158883820455 ] } },
{ "type": "Feature", "properties": { "内容": "居宅介護支援事業所たんぽぽ【居宅介護支援】徳島県小松島市坂野町字平田18番地4", "url": "https://www.kaigokensaku.mhlw.go.jp/36/index.php?action_kouhyou_detail_004_kani=true&JigyosyoCd=3610311312-00&ServiceCd=430&Type=search", "url2": "http://fujino.ezdns.jp/" }, "geometry": { "type": "Point", "coordinates": [ 134.6334325, 33.9807524 ] } },
{ "type": "Feature", "properties": { "内容": "居宅介護支援事業所さくら【居宅介護支援】徳島県小松島市中田町字新開４８番地", "url": "https://www.kaigokensaku.mhlw.go.jp/36/index.php?action_kouhyou_detail_004_kani=true&JigyosyoCd=3670300205-00&ServiceCd=430&Type=search", "url2": null }, "geometry": { "type": "Point", "coordinates": [ 138.252924, 36.204824 ] } },
{ "type": "Feature", "properties": { "内容": "小松島金磯病院【居宅介護支援】徳島県小松島市金磯町１０番１９号", "url": "https://www.kaigokensaku.mhlw.go.jp/36/index.php?action_kouhyou_detail_004_kani=true&JigyosyoCd=3610310074-00&ServiceCd=430&Type=search", "url2": null }, "geometry": { "type": "Point", "coordinates": [ 134.601794599999948, 33.9919242 ] } },
{ "type": "Feature", "properties": { "内容": "居宅介護支援事業所　夢巡ぷらん【居宅介護支援】徳島県小松島市田野町字高田５３－３", "url": "https://www.kaigokensaku.mhlw.go.jp/36/index.php?action_kouhyou_detail_004_kani=true&JigyosyoCd=3670300270-00&ServiceCd=430&Type=search", "url2": null }, "geometry": { "type": "Point", "coordinates": [ 134.596950800000059, 33.9831368 ] } },
{ "type": "Feature", "properties": { "内容": "小松島市社会福祉協議会【居宅介護支援】徳島県小松島市横須町１１番７号小松島市総合福祉センター", "url": "https://www.kaigokensaku.mhlw.go.jp/36/index.php?action_kouhyou_detail_004_kani=true&JigyosyoCd=3670300031-00&ServiceCd=430&Type=search", "url2": "https://komatsushimashakyo.jp/" }, "geometry": { "type": "Point", "coordinates": [ 134.594042899999977, 34.0008924 ] } },
{ "type": "Feature", "properties": { "内容": "平成在宅介護支援センター【居宅介護支援】徳島県小松島市大林町字北浦20番地1", "url": "https://www.kaigokensaku.mhlw.go.jp/36/index.php?action_kouhyou_detail_004_kani=true&JigyosyoCd=3670100118-00&ServiceCd=430&Type=search", "url2": null }, "geometry": { "type": "Point", "coordinates": [ 134.619727640994228, 33.976413357912875 ] } },
{ "type": "Feature", "properties": { "内容": "居宅介護支援事業所イツモ小松島【居宅介護支援】徳島県小松島市小松島町字井利ノ口54番地52", "url": "https://www.kaigokensaku.mhlw.go.jp/36/index.php?action_kouhyou_detail_004_kani=true&JigyosyoCd=3670300494-00&ServiceCd=430&Type=search", "url2": "http://itsumosmile.jp/" }, "geometry": { "type": "Point", "coordinates": [ 134.584031525455202, 34.016502468293808 ] } },
{ "type": "Feature", "properties": { "内容": "介護老人保健施設小松島名月苑【居宅介護支援】徳島県小松島市中田町字狭間48", "url": "https://www.kaigokensaku.mhlw.go.jp/36/index.php?action_kouhyou_detail_004_kani=true&JigyosyoCd=3670300577-00&ServiceCd=430&Type=search", "url2": "http://tenma-hpg.com" }, "geometry": { "type": "Point", "coordinates": [ 134.570721600000013, 34.0152646 ] } },
{ "type": "Feature", "properties": { "内容": "医療法人令和記念会　居宅介護支援事業所さくら【居宅介護支援】徳島県小松島市中田町字新開４８番地", "url": "https://www.kaigokensaku.mhlw.go.jp/36/index.php?action_kouhyou_detail_004_kani=true&JigyosyoCd=3670300593-00&ServiceCd=430&Type=search", "url2": null }, "geometry": { "type": "Point", "coordinates": [ 134.5835357, 34.013255 ] } },
{ "type": "Feature", "properties": { "内容": "居宅介護支援事業所　さつき【居宅介護支援】徳島県小松島市横須町１９番40の13", "url": "https://www.kaigokensaku.mhlw.go.jp/36/index.php?action_kouhyou_detail_004_kani=true&JigyosyoCd=3670300437-00&ServiceCd=430&Type=search", "url2": null }, "geometry": { "type": "Point", "coordinates": [ 134.596398200000067, 33.9953432 ] } },
{ "type": "Feature", "properties": { "内容": "すだち会居宅介護支援事業所【居宅介護支援】徳島県小松島市田浦町近里85番2", "url": "https://www.kaigokensaku.mhlw.go.jp/36/index.php?action_kouhyou_detail_004_kani=true&JigyosyoCd=3670300064-00&ServiceCd=430&Type=search", "url2": "http://www.sudachikai.jp" }, "geometry": { "type": "Point", "coordinates": [ 134.569204200000058, 34.00307 ] } },
{ "type": "Feature", "properties": { "内容": "千歳苑指定居宅介護支援事業所【居宅介護支援】小松島町字元根井５４－１", "url": "https://www.kaigokensaku.mhlw.go.jp/36/index.php?action_kouhyou_detail_004_kani=true&JigyosyoCd=3670300056-00&ServiceCd=430&Type=search", "url2": "https://aishinkai-t.com/titoseen/" }, "geometry": { "type": "Point", "coordinates": [ 134.591159599999969, 34.0153574 ] } },
{ "type": "Feature", "properties": { "内容": "居宅介護支援事業所ひかり苑【居宅介護支援】小松島市坂野町字樫のべ32番地の1", "url": "https://www.kaigokensaku.mhlw.go.jp/36/index.php?action_kouhyou_detail_004_kani=true&JigyosyoCd=3670300049-00&ServiceCd=430&Type=search", "url2": "http://fujino.ezdns.jp/keikouen/index.htm" }, "geometry": { "type": "Point", "coordinates": [ 134.625602, 33.9695777 ] } },
{ "type": "Feature", "properties": { "内容": "居宅介護支援事業所　小松島リハビリテーションクリニック【居宅介護支援】徳島県小松島市日開野町字宮免２－１", "url": "https://www.kaigokensaku.mhlw.go.jp/36/index.php?action_kouhyou_detail_004_kani=true&JigyosyoCd=3610310553-00&ServiceCd=430&Type=search", "url2": "http://www.doushisya.jp" }, "geometry": { "type": "Point", "coordinates": [ 134.571023500000024, 34.0020785 ] } },
{ "type": "Feature", "properties": { "内容": "健祥会イントロセンター小松島【居宅介護支援】徳島県小松島市日開野町宗人屋敷71番地4ケアハウス健祥会アムス", "url": "https://www.kaigokensaku.mhlw.go.jp/36/index.php?action_kouhyou_detail_004_kani=true&JigyosyoCd=3670300155-00&ServiceCd=430&Type=search", "url2": "https://www.kenshokai.group/" }, "geometry": { "type": "Point", "coordinates": [ 134.578422600000067, 33.997604099999982 ] } },
{ "type": "Feature", "properties": { "内容": "慈友館居宅介護支援事業所【居宅介護支援】徳島県小松島市赤石町14番27号", "url": "https://www.kaigokensaku.mhlw.go.jp/36/index.php?action_kouhyou_detail_004_kani=true&JigyosyoCd=3670300379-00&ServiceCd=430&Type=search", "url2": "http://www.jiyukai.jp/" }, "geometry": { "type": "Point", "coordinates": [ 134.611234800000034, 33.9800122 ] } },
{ "type": "Feature", "properties": { "内容": "心和会在宅介護支援センター悠和【居宅介護支援】徳島県阿南市新野町信里65ケアハウス悠和館", "url": "https://www.kaigokensaku.mhlw.go.jp/36/index.php?action_kouhyou_detail_004_kani=true&JigyosyoCd=3670400054-00&ServiceCd=430&Type=search", "url2": null }, "geometry": { "type": "Point", "coordinates": [ 134.599423379762186, 33.846565355689378 ] } },
{ "type": "Feature", "properties": { "内容": "原田病院居宅介護支援事業所【居宅介護支援】徳島県阿南市富岡町あ石14-1原田病院　1F", "url": "https://www.kaigokensaku.mhlw.go.jp/36/index.php?action_kouhyou_detail_004_kani=true&JigyosyoCd=3670400088-00&ServiceCd=430&Type=search", "url2": null }, "geometry": { "type": "Point", "coordinates": [ 134.662509799999953, 33.9179235 ] } },
{ "type": "Feature", "properties": { "内容": "有限会社メディック住友【居宅介護支援】徳島県阿南市羽ノ浦町宮倉南浦１９－２", "url": "https://www.kaigokensaku.mhlw.go.jp/36/index.php?action_kouhyou_detail_004_kani=true&JigyosyoCd=3671300162-00&ServiceCd=430&Type=search", "url2": null }, "geometry": { "type": "Point", "coordinates": [ 134.62396339999998, 33.9581073 ] } },
{ "type": "Feature", "properties": { "内容": "琴江荘居宅介護支援事業所【居宅介護支援】徳島県阿南市宝田町今市金剛寺３８番地１", "url": "https://www.kaigokensaku.mhlw.go.jp/36/index.php?action_kouhyou_detail_004_kani=true&JigyosyoCd=3670400047-00&ServiceCd=430&Type=search", "url2": "http:/anan-hukushikai.com/" }, "geometry": { "type": "Point", "coordinates": [ 134.6473502, 33.9251475 ] } },
{ "type": "Feature", "properties": { "内容": "いきいきかいごゆうげんがいしゃ【居宅介護支援】徳島県阿南市羽ノ浦町岩脇上平94-1番地", "url": "https://www.kaigokensaku.mhlw.go.jp/36/index.php?action_kouhyou_detail_004_kani=true&JigyosyoCd=3670400450-00&ServiceCd=430&Type=search", "url2": null }, "geometry": { "type": "Point", "coordinates": [ 134.6130008, 33.9441953 ] } },
{ "type": "Feature", "properties": { "内容": "居宅介護支援事業所実哲【居宅介護支援】徳島県阿南市原ヶ崎町堀川床17－10カントリーハイツ101号室", "url": "https://www.kaigokensaku.mhlw.go.jp/36/index.php?action_kouhyou_detail_004_kani=true&JigyosyoCd=3670400948-00&ServiceCd=430&Type=search", "url2": null }, "geometry": { "type": "Point", "coordinates": [ 134.5601973, 33.9236267 ] } },
{ "type": "Feature", "properties": { "内容": "有限会社ライフサポートキムラ居宅介護支援事業部【居宅介護支援】徳島県阿南市横見町高川原29番地1", "url": "https://www.kaigokensaku.mhlw.go.jp/36/index.php?action_kouhyou_detail_004_kani=true&JigyosyoCd=3670400203-00&ServiceCd=430&Type=search", "url2": "https://www.lifesupportkimura.net" }, "geometry": { "type": "Point", "coordinates": [ 134.654405674868713, 33.927279184512912 ] } },
{ "type": "Feature", "properties": { "内容": "あすみ在宅介護支援事業所【居宅介護支援】徳島県阿南市西路見町堤外65番地1アピカ内２階", "url": "https://www.kaigokensaku.mhlw.go.jp/36/index.php?action_kouhyou_detail_004_kani=true&JigyosyoCd=3670400880-00&ServiceCd=430&Type=search", "url2": null }, "geometry": { "type": "Point", "coordinates": [ 134.6731806, 33.9280758 ] } },
{ "type": "Feature", "properties": { "内容": "指定居宅介護支援事業所　ロイヤルフラワーガーデン【居宅介護支援】徳島県阿南市中林町蟹田1-2", "url": "https://www.kaigokensaku.mhlw.go.jp/36/index.php?action_kouhyou_detail_004_kani=true&JigyosyoCd=3670400625-00&ServiceCd=430&Type=search", "url2": null }, "geometry": { "type": "Point", "coordinates": [ 134.683024700000033, 33.9057336 ] } },
{ "type": "Feature", "properties": { "内容": "シルバーエイジ指定居宅介護支援事業所【居宅介護支援】徳島県阿南市富岡町西新町8-1", "url": "https://www.kaigokensaku.mhlw.go.jp/36/index.php?action_kouhyou_detail_004_kani=true&JigyosyoCd=3670400179-00&ServiceCd=430&Type=search", "url2": "http://silver-kaigo.jimdo.com/" }, "geometry": { "type": "Point", "coordinates": [ 134.651191499999982, 33.9225812 ] } },
{ "type": "Feature", "properties": { "内容": "介護支援サービス阿南市社協【居宅介護支援】徳島県阿南市富岡町北通33番地1阿南ひまわり会館", "url": "https://www.kaigokensaku.mhlw.go.jp/36/index.php?action_kouhyou_detail_004_kani=true&JigyosyoCd=3670400443-00&ServiceCd=430&Type=search", "url2": "https://shakyo-anan.e-tokushima.or.jp/" }, "geometry": { "type": "Point", "coordinates": [ 134.663370399999963, 33.9493549 ] } },
{ "type": "Feature", "properties": { "内容": "居宅介護支援事業所夢・美月【居宅介護支援】徳島県阿南市那賀川町色ケ島網干65-1", "url": "https://www.kaigokensaku.mhlw.go.jp/36/index.php?action_kouhyou_detail_004_kani=true&JigyosyoCd=3670400518-00&ServiceCd=430&Type=search", "url2": null }, "geometry": { "type": "Point", "coordinates": [ 134.660334199999966, 33.9660164 ] } },
{ "type": "Feature", "properties": { "内容": "居宅介護支援事業所　なごみ【居宅介護支援】阿南市羽ノ浦町中庄なかれ5番２", "url": "https://www.kaigokensaku.mhlw.go.jp/36/index.php?action_kouhyou_detail_004_kani=true&JigyosyoCd=3670400609-00&ServiceCd=430&Type=search", "url2": "http//fujino.ezdns.jp" }, "geometry": { "type": "Point", "coordinates": [ 134.62779762817226, 33.955936660671441 ] } },
{ "type": "Feature", "properties": { "内容": "居宅介護支援事業所イツモ新野【居宅介護支援】徳島県阿南市新野町名光20-2　ウッドビレッジ新野205", "url": "https://www.kaigokensaku.mhlw.go.jp/36/index.php?action_kouhyou_detail_004_kani=true&JigyosyoCd=3670400906-00&ServiceCd=430&Type=search", "url2": "http://itsumosmile.jp/" }, "geometry": { "type": "Point", "coordinates": [ 134.580932499999989, 33.8476808 ] } },
{ "type": "Feature", "properties": { "内容": "居宅介護支援事業所ほっとピース【居宅介護支援】徳島県阿南市羽ノ浦町宮倉橋ノ本20番地6メゾン春日野Ⅰ　101", "url": "https://www.kaigokensaku.mhlw.go.jp/36/index.php?action_kouhyou_detail_004_kani=true&JigyosyoCd=3670400732-00&ServiceCd=430&Type=search", "url2": null }, "geometry": { "type": "Point", "coordinates": [ 134.61520059999998, 33.9563936 ] } },
{ "type": "Feature", "properties": { "内容": "居宅介護支援事業所らいず【居宅介護支援】徳島県阿南市富岡町玉塚67番地1", "url": "https://www.kaigokensaku.mhlw.go.jp/36/index.php?action_kouhyou_detail_004_kani=true&JigyosyoCd=3670400807-00&ServiceCd=430&Type=search", "url2": null }, "geometry": { "type": "Point", "coordinates": [ 134.6564515, 33.918238700000018 ] } },
{ "type": "Feature", "properties": { "内容": "居宅介護支援事業所コスモスの里【居宅介護支援】徳島県阿南市羽ノ浦町明見135番1", "url": "https://www.kaigokensaku.mhlw.go.jp/36/index.php?action_kouhyou_detail_004_kani=true&JigyosyoCd=3671300105-00&ServiceCd=430&Type=search", "url2": "http://www.sudachikai.jp" }, "geometry": { "type": "Point", "coordinates": [ 134.598433200000045, 33.9412953 ] } },
{ "type": "Feature", "properties": { "内容": "心和会　在宅介護支援センター悠和【居宅介護支援】徳島県阿南市新野町信里65ケアハウス悠和館", "url": "https://www.kaigokensaku.mhlw.go.jp/36/index.php?action_kouhyou_detail_004_kani=true&JigyosyoCd=3670400211-00&ServiceCd=430&Type=search", "url2": null }, "geometry": { "type": "Point", "coordinates": [ 134.599460930688423, 33.846547534402362 ] } },
{ "type": "Feature", "properties": { "内容": "青彩会在宅介護支援センター【居宅介護支援】徳島県阿南市長生町西方59番地", "url": "https://www.kaigokensaku.mhlw.go.jp/36/index.php?action_kouhyou_detail_004_kani=true&JigyosyoCd=3670400062-00&ServiceCd=430&Type=search", "url2": "http://seisaikai.jp/" }, "geometry": { "type": "Point", "coordinates": [ 134.6236106, 33.9247647 ] } },
{ "type": "Feature", "properties": { "内容": "双葉会居宅介護支援センター【居宅介護支援】見能林町南林260番地の7", "url": "https://www.kaigokensaku.mhlw.go.jp/36/index.php?action_kouhyou_detail_004_kani=true&JigyosyoCd=3670400013-00&ServiceCd=430&Type=search", "url2": "http://www.futabakai.info/" }, "geometry": { "type": "Point", "coordinates": [ 134.68179710000004, 33.8947933 ] } },
{ "type": "Feature", "properties": { "内容": "介護老人保健施設阿南名月苑居宅介護支事業所【居宅介護支援】徳島県阿南市上中町南島325-1", "url": "https://www.kaigokensaku.mhlw.go.jp/36/index.php?action_kouhyou_detail_004_kani=true&JigyosyoCd=3650480001-00&ServiceCd=430&Type=search", "url2": "http//www/ejyukal/com/" }, "geometry": { "type": "Point", "coordinates": [ 134.624049499999956, 33.937041 ] } },
{ "type": "Feature", "properties": { "内容": "医療法人　翠松会　居宅介護支援事業所　岩城クリニック【居宅介護支援】学原町上水田11番地1", "url": "https://www.kaigokensaku.mhlw.go.jp/36/index.php?action_kouhyou_detail_004_kani=true&JigyosyoCd=3610413092-00&ServiceCd=430&Type=search", "url2": "http://www.iwaki-clinic.jp/" }, "geometry": { "type": "Point", "coordinates": [ 134.665095699999938, 33.913338 ] } },
{ "type": "Feature", "properties": { "内容": "ライフケアサポ－ト陽海【居宅介護支援】畭町新はり179番地１２", "url": "https://www.kaigokensaku.mhlw.go.jp/36/index.php?action_kouhyou_detail_004_kani=true&JigyosyoCd=3670400989-00&ServiceCd=430&Type=search", "url2": "sora-harumi.com" }, "geometry": { "type": "Point", "coordinates": [ 134.6865029, 33.9264523 ] } },
{ "type": "Feature", "properties": { "内容": "阿南荘在宅介護支援センター【居宅介護支援】徳島県阿南市宝田町今市金剛地４３", "url": "https://www.kaigokensaku.mhlw.go.jp/36/index.php?action_kouhyou_detail_004_kani=true&JigyosyoCd=3670400021-00&ServiceCd=430&Type=search", "url2": "http://anan-hukushikai.com" }, "geometry": { "type": "Point", "coordinates": [ 134.646325299999944, 33.9220841 ] } },
{ "type": "Feature", "properties": { "内容": "指定居宅介護支援事業所ロイヤルケアセンター【居宅介護支援】徳島県阿南市羽ノ浦町中庄池ノ上55-1", "url": "https://www.kaigokensaku.mhlw.go.jp/36/index.php?action_kouhyou_detail_004_kani=true&JigyosyoCd=3651380440-00&ServiceCd=430&Type=search", "url2": "http://royal-carecenter.main.jp/" }, "geometry": { "type": "Point", "coordinates": [ 134.635632160190596, 33.957900668449206 ] } },
{ "type": "Feature", "properties": { "内容": "健祥会ケアプランセンター【居宅介護支援】徳島県阿南市羽ノ浦町中庄大知渕８番地１", "url": "https://www.kaigokensaku.mhlw.go.jp/36/index.php?action_kouhyou_detail_004_kani=true&JigyosyoCd=3671300238-00&ServiceCd=430&Type=search", "url2": "http://www.kenshokai.group" }, "geometry": { "type": "Point", "coordinates": [ 134.63617320000003, 33.9544408 ] } },
{ "type": "Feature", "properties": { "内容": "健祥会ケアプランセンター阿南【居宅介護支援】徳島県阿南市宝田町川原7番地3", "url": "https://www.kaigokensaku.mhlw.go.jp/36/index.php?action_kouhyou_detail_004_kani=true&JigyosyoCd=3670400898-00&ServiceCd=430&Type=search", "url2": "http://www.kenshokai.group" }, "geometry": { "type": "Point", "coordinates": [ 134.6460433, 33.9240186 ] } },
{ "type": "Feature", "properties": { "内容": "居宅介護支援事業所あゆむ【居宅介護支援】徳島県阿南市見能林町清水山ノ東7-1", "url": "https://www.kaigokensaku.mhlw.go.jp/36/index.php?action_kouhyou_detail_004_kani=true&JigyosyoCd=3670400690-00&ServiceCd=430&Type=search", "url2": "http://hs-ayumu.com" }, "geometry": { "type": "Point", "coordinates": [ 134.668016200000011, 33.9036907 ] } },
{ "type": "Feature", "properties": { "内容": "社会福祉法人吉野川市社会福祉協議会居宅介護支援事業所【居宅介護支援】徳島県吉野川市鴨島町鴨島２５２番地１吉野川市民プラザ内", "url": "https://www.kaigokensaku.mhlw.go.jp/36/index.php?action_kouhyou_detail_004_kani=true&JigyosyoCd=3671700304-00&ServiceCd=430&Type=search", "url2": "http://www.yossya.jp" }, "geometry": { "type": "Point", "coordinates": [ 134.35632618769688, 34.070278829059539 ] } },
{ "type": "Feature", "properties": { "内容": "介護支援センター　ほほえみ【居宅介護支援】徳島県吉野川市鴨島町牛島４５６番地１", "url": "https://www.kaigokensaku.mhlw.go.jp/36/index.php?action_kouhyou_detail_004_kani=true&JigyosyoCd=3671700510-00&ServiceCd=430&Type=search", "url2": null }, "geometry": { "type": "Point", "coordinates": [ 134.39593949999994, 34.0751121 ] } },
{ "type": "Feature", "properties": { "内容": "ヤマセ介護サービス【居宅介護支援】徳島県吉野川市山川町前川１６７－２", "url": "https://www.kaigokensaku.mhlw.go.jp/36/index.php?action_kouhyou_detail_004_kani=true&JigyosyoCd=3671700627-00&ServiceCd=430&Type=search", "url2": "https://www.yamasekanko.net/" }, "geometry": { "type": "Point", "coordinates": [ 134.23739, 34.0594182 ] } },
{ "type": "Feature", "properties": { "内容": "医療法人よしのがわ居宅介護支援事業所【居宅介護支援】徳島県吉野川市山川町湯立326-1", "url": "https://www.kaigokensaku.mhlw.go.jp/36/index.php?action_kouhyou_detail_004_kani=true&JigyosyoCd=3671700882-00&ServiceCd=430&Type=search", "url2": null }, "geometry": { "type": "Point", "coordinates": [ 134.2321201, 34.0559166 ] } },
{ "type": "Feature", "properties": { "内容": "介護支援センターゆず【居宅介護支援】徳島県吉野川市鴨島町敷地３６４番地１０", "url": "https://www.kaigokensaku.mhlw.go.jp/36/index.php?action_kouhyou_detail_004_kani=true&JigyosyoCd=3671700379-00&ServiceCd=430&Type=search", "url2": null }, "geometry": { "type": "Point", "coordinates": [ 134.34443958746013, 34.057081212238849 ] } },
{ "type": "Feature", "properties": { "内容": "居宅介護支援事業所こでまり【居宅介護支援】徳島県吉野川市鴨島町知恵島９０４番地２", "url": "https://www.kaigokensaku.mhlw.go.jp/36/index.php?action_kouhyou_detail_004_kani=true&JigyosyoCd=3671700825-00&ServiceCd=430&Type=search", "url2": null }, "geometry": { "type": "Point", "coordinates": [ 134.3504077, 34.0775684 ] } },
{ "type": "Feature", "properties": { "内容": "メディケアプランのぞみ【居宅介護支援】徳島県吉野川市山川町祇園41-5", "url": "https://www.kaigokensaku.mhlw.go.jp/36/index.php?action_kouhyou_detail_004_kani=true&JigyosyoCd=3651780151-00&ServiceCd=430&Type=search", "url2": "https://miki-rehabili.jp" }, "geometry": { "type": "Point", "coordinates": [ 134.249028299999964, 34.05664 ] } },
{ "type": "Feature", "properties": { "内容": "居宅介護支援事業所あわふじ【居宅介護支援】徳島県吉野川市山川町岩戸10番地", "url": "https://www.kaigokensaku.mhlw.go.jp/36/index.php?action_kouhyou_detail_004_kani=true&JigyosyoCd=3671700874-00&ServiceCd=430&Type=search", "url2": null }, "geometry": { "type": "Point", "coordinates": [ 134.2833334, 34.0563129 ] } },
{ "type": "Feature", "properties": { "内容": "一般社団法人　吉野川市医師会　　居宅介護支援事業所【居宅介護支援】徳島県吉野川市鴨島町飯尾400番地1", "url": "https://www.kaigokensaku.mhlw.go.jp/36/index.php?action_kouhyou_detail_004_kani=true&JigyosyoCd=3661790000-00&ServiceCd=430&Type=search", "url2": null }, "geometry": { "type": "Point", "coordinates": [ 134.3618808, 34.0634941 ] } },
{ "type": "Feature", "properties": { "内容": "ケアプランやまかわ【居宅介護支援】徳島県吉野川市山川町祇園51番地", "url": "https://www.kaigokensaku.mhlw.go.jp/36/index.php?action_kouhyou_detail_004_kani=true&JigyosyoCd=3671700056-00&ServiceCd=430&Type=search", "url2": "http://www.hakuyuu.com" }, "geometry": { "type": "Point", "coordinates": [ 134.248933800000032, 34.0578954 ] } },
{ "type": "Feature", "properties": { "内容": "セントケア四国株式会社　セントケア吉野川【居宅介護支援】徳島県吉野川市川島町三ツ島字北新田482", "url": "https://www.kaigokensaku.mhlw.go.jp/36/index.php?action_kouhyou_detail_004_kani=true&JigyosyoCd=3670500291-00&ServiceCd=430&Type=search", "url2": null }, "geometry": { "type": "Point", "coordinates": [ 134.278738123886114, 34.063832135537766 ] } },
{ "type": "Feature", "properties": { "内容": "鴨島病院【居宅介護支援】徳島県吉野川市鴨島町内原432", "url": "https://www.kaigokensaku.mhlw.go.jp/36/index.php?action_kouhyou_detail_004_kani=true&JigyosyoCd=3671700064-00&ServiceCd=430&Type=search", "url2": "http://kamojima.t‐group.net" }, "geometry": { "type": "Point", "coordinates": [ 134.3674972, 34.0697656 ] } },
{ "type": "Feature", "properties": { "内容": "有限会社マンナ在宅支援ミルトス【居宅介護支援】徳島県吉野川市鴨島町上浦１３３７番地１２", "url": "https://www.kaigokensaku.mhlw.go.jp/36/index.php?action_kouhyou_detail_004_kani=true&JigyosyoCd=3671700288-00&ServiceCd=430&Type=search", "url2": null }, "geometry": { "type": "Point", "coordinates": [ 134.399539606745975, 34.060561161989924 ] } },
{ "type": "Feature", "properties": { "内容": "居宅介護支援事業所あわ【居宅介護支援】徳島県吉野川市鴨島町鴨島538-8", "url": "https://www.kaigokensaku.mhlw.go.jp/36/index.php?action_kouhyou_detail_004_kani=true&JigyosyoCd=3671700411-00&ServiceCd=430&Type=search", "url2": "http://itokawa-akewa.jp/" }, "geometry": { "type": "Point", "coordinates": [ 134.355586799999969, 34.0732679 ] } },
{ "type": "Feature", "properties": { "内容": "さくら診療所居宅介護支援事業所【居宅介護支援】徳島県吉野川市山川町前川２１２－６", "url": "https://www.kaigokensaku.mhlw.go.jp/36/index.php?action_kouhyou_detail_004_kani=true&JigyosyoCd=3611713136-00&ServiceCd=430&Type=search", "url2": "http://www.sakura-sakura.or.jp" }, "geometry": { "type": "Point", "coordinates": [ 134.239265132540936, 34.056842540865865 ] } },
{ "type": "Feature", "properties": { "内容": "介護支援サービスみま【居宅介護支援】徳島県吉野川市鴨島町上下島421番地1", "url": "https://www.kaigokensaku.mhlw.go.jp/36/index.php?action_kouhyou_detail_004_kani=true&JigyosyoCd=3671700924-00&ServiceCd=430&Type=search", "url2": "http://www/mima-gr.jp" }, "geometry": { "type": "Point", "coordinates": [ 134.350260314016708, 34.070886570074819 ] } },
{ "type": "Feature", "properties": { "内容": "鈴木内科居宅介護支援事業所【居宅介護支援】徳島県吉野川市鴨島町敷地15-7", "url": "https://www.kaigokensaku.mhlw.go.jp/36/index.php?action_kouhyou_detail_004_kani=true&JigyosyoCd=3671700791-00&ServiceCd=430&Type=search", "url2": "http://suzukinaika.net/" }, "geometry": { "type": "Point", "coordinates": [ 134.340210800000023, 34.0488551 ] } },
{ "type": "Feature", "properties": { "内容": "健祥会ケアプランセンター【居宅介護支援】徳島県吉野川市川島町川島114番地3老人保健施設健祥会ウェル内", "url": "https://www.kaigokensaku.mhlw.go.jp/36/index.php?action_kouhyou_detail_004_kani=true&JigyosyoCd=3671700890-00&ServiceCd=430&Type=search", "url2": "http://www.kenshokai.group" }, "geometry": { "type": "Point", "coordinates": [ 134.32135, 34.0668983 ] } },
{ "type": "Feature", "properties": { "内容": "菊美荘在宅介護支援センター【居宅介護支援】徳島県吉野川市鴨島町上下島字大北443番地2", "url": "https://www.kaigokensaku.mhlw.go.jp/36/index.php?action_kouhyou_detail_004_kani=true&JigyosyoCd=3671700023-00&ServiceCd=430&Type=search", "url2": "http://www.mima-gr.jp/kikumi/index.html" }, "geometry": { "type": "Point", "coordinates": [ 134.349668722705502, 34.072021964538287 ] } },
{ "type": "Feature", "properties": { "内容": "あおぞら内科居宅介護支援センター【居宅介護支援】徳島県吉野川市鴨島町鴨島876", "url": "https://www.kaigokensaku.mhlw.go.jp/36/index.php?action_kouhyou_detail_004_kani=true&JigyosyoCd=3611713276-00&ServiceCd=430&Type=search", "url2": "https://www.harenohi0515.com" }, "geometry": { "type": "Point", "coordinates": [ 134.350464271372232, 34.076774257104702 ] } },
{ "type": "Feature", "properties": { "内容": "健祥会イントロセンター鴨島【居宅介護支援】徳島県吉野川市鴨島町内原46番地3ケアハウス健祥会プロバンス", "url": "https://www.kaigokensaku.mhlw.go.jp/36/index.php?action_kouhyou_detail_004_kani=true&JigyosyoCd=3671700098-00&ServiceCd=430&Type=search", "url2": "http://www.kenshokai.group/" }, "geometry": { "type": "Point", "coordinates": [ 134.373210699999959, 34.0687962 ] } },
{ "type": "Feature", "properties": { "内容": "中山医院【居宅介護支援】徳島県阿波市吉野町柿原字ノタ原４２", "url": "https://www.kaigokensaku.mhlw.go.jp/36/index.php?action_kouhyou_detail_004_kani=true&JigyosyoCd=3671500456-00&ServiceCd=430&Type=search", "url2": null }, "geometry": { "type": "Point", "coordinates": [ 134.36369179999997, 34.1055779 ] } },
{ "type": "Feature", "properties": { "内容": "医療法人　照陽会　笠井病院【居宅介護支援】徳島県阿波市阿波町元町１４", "url": "https://www.kaigokensaku.mhlw.go.jp/36/index.php?action_kouhyou_detail_004_kani=true&JigyosyoCd=3611610035-00&ServiceCd=430&Type=search", "url2": "http://homepage2.nifty.com/dcken/kasai_hospital" }, "geometry": { "type": "Point", "coordinates": [ 134.238748100000066, 34.0762792 ] } },
{ "type": "Feature", "properties": { "内容": "居宅介護支援事業所みらい【居宅介護支援】徳島県阿波市吉野町西条字床石53-2", "url": "https://www.kaigokensaku.mhlw.go.jp/36/index.php?action_kouhyou_detail_004_kani=true&JigyosyoCd=3671600603-00&ServiceCd=430&Type=search", "url2": null }, "geometry": { "type": "Point", "coordinates": [ 134.371485400000012, 34.1046193 ] } },
{ "type": "Feature", "properties": { "内容": "ケアプランセンター阿波伊月【居宅介護支援】徳島県阿波市阿波町大原107-1", "url": "https://www.kaigokensaku.mhlw.go.jp/36/index.php?action_kouhyou_detail_004_kani=true&JigyosyoCd=3671600546-00&ServiceCd=430&Type=search", "url2": "http://iche-kizuna.or.jp/" }, "geometry": { "type": "Point", "coordinates": [ 134.247122499999989, 34.0794891 ] } },
{ "type": "Feature", "properties": { "内容": "阿波すだち居宅介護支援事業所【居宅介護支援】徳島県阿波市阿波町南五味知104-2", "url": "https://www.kaigokensaku.mhlw.go.jp/36/index.php?action_kouhyou_detail_004_kani=true&JigyosyoCd=3671600355-00&ServiceCd=430&Type=search", "url2": "https://awasudachi.net/" }, "geometry": { "type": "Point", "coordinates": [ 134.236568431989468, 34.089776895682405 ] } },
{ "type": "Feature", "properties": { "内容": "阿波市社協居宅介護支援事業所【居宅介護支援】徳島県阿波市市場町興崎字北分６０市場総合福祉センター", "url": "https://www.kaigokensaku.mhlw.go.jp/36/index.php?action_kouhyou_detail_004_kani=true&JigyosyoCd=3671600223-00&ServiceCd=430&Type=search", "url2": "https://www.awashishakyo.com" }, "geometry": { "type": "Point", "coordinates": [ 134.288967899999989, 34.098720300000011 ] } },
{ "type": "Feature", "properties": { "内容": "双葉居宅介護支援事業所【居宅介護支援】徳島県阿波市市場町市場字岸の下206番地3", "url": "https://www.kaigokensaku.mhlw.go.jp/36/index.php?action_kouhyou_detail_004_kani=true&JigyosyoCd=3671600082-00&ServiceCd=430&Type=search", "url2": "http://www.futaba-group28.com" }, "geometry": { "type": "Point", "coordinates": [ 134.275683399999906, 34.0859183 ] } },
{ "type": "Feature", "properties": { "内容": "居宅介護支援事業所　あらた【居宅介護支援】徳島県阿波市阿波町新開80－4", "url": "https://www.kaigokensaku.mhlw.go.jp/36/index.php?action_kouhyou_detail_004_kani=true&JigyosyoCd=3671600488-00&ServiceCd=430&Type=search", "url2": null }, "geometry": { "type": "Point", "coordinates": [ 134.241086699999983, 34.0791985 ] } },
{ "type": "Feature", "properties": { "内容": "在宅介護支援センターよしの【居宅介護支援】徳島県阿波市吉野町柿原字二条１４６番地1", "url": "https://www.kaigokensaku.mhlw.go.jp/36/index.php?action_kouhyou_detail_004_kani=true&JigyosyoCd=3671500068-00&ServiceCd=430&Type=search", "url2": "http://www.hakuju-kai.or.jp" }, "geometry": { "type": "Point", "coordinates": [ 134.348068, 34.0928433 ] } },
{ "type": "Feature", "properties": { "内容": "福祉センター　エコサポート【居宅介護支援】徳島県阿波市土成町水田字月成184番地", "url": "https://www.kaigokensaku.mhlw.go.jp/36/index.php?action_kouhyou_detail_004_kani=true&JigyosyoCd=3671600207-00&ServiceCd=430&Type=search", "url2": null }, "geometry": { "type": "Point", "coordinates": [ 134.315260827562298, 34.095111660160789 ] } },
{ "type": "Feature", "properties": { "内容": "しょうか苑介護支援室【居宅介護支援】徳島県阿波市土成町吉田字原田市ノ三６０番地１", "url": "https://www.kaigokensaku.mhlw.go.jp/36/index.php?action_kouhyou_detail_004_kani=true&JigyosyoCd=3651580361-00&ServiceCd=430&Type=search", "url2": "https://youaijitsu.com" }, "geometry": { "type": "Point", "coordinates": [ 134.346043099999946, 34.1089304 ] } },
{ "type": "Feature", "properties": { "内容": "どなり指定居宅介護支援事業所【居宅介護支援】徳島県阿波市土成町土成字南原231番地", "url": "https://www.kaigokensaku.mhlw.go.jp/36/index.php?action_kouhyou_detail_004_kani=true&JigyosyoCd=3671500027-00&ServiceCd=430&Type=search", "url2": null }, "geometry": { "type": "Point", "coordinates": [ 134.343885, 34.1020728 ] } },
{ "type": "Feature", "properties": { "内容": "御所居宅介護支援センター【居宅介護支援】徳島県阿波市土成町吉田字梨木原1番地5", "url": "https://www.kaigokensaku.mhlw.go.jp/36/index.php?action_kouhyou_detail_004_kani=true&JigyosyoCd=3671500605-00&ServiceCd=430&Type=search", "url2": null }, "geometry": { "type": "Point", "coordinates": [ 134.353475057672085, 34.124480710700354 ] } },
{ "type": "Feature", "properties": { "内容": "居宅介護支援　はな【居宅介護支援】阿波町東原146-1", "url": "https://www.kaigokensaku.mhlw.go.jp/36/index.php?action_kouhyou_detail_004_kani=true&JigyosyoCd=3671600496-00&ServiceCd=430&Type=search", "url2": null }, "geometry": { "type": "Point", "coordinates": [ 134.234117119438082, 34.082298279537291 ] } },
{ "type": "Feature", "properties": { "内容": "あわ在宅介護支援センター【居宅介護支援】徳島県阿波市阿波町北整理１番地１", "url": "https://www.kaigokensaku.mhlw.go.jp/36/index.php?action_kouhyou_detail_004_kani=true&JigyosyoCd=3671600017-00&ServiceCd=430&Type=search", "url2": "https://horaikai.or.jp/" }, "geometry": { "type": "Point", "coordinates": [ 134.194393799999943, 34.0756619 ] } },
{ "type": "Feature", "properties": { "内容": "居宅介護支援事業所リブイン・クローバー【居宅介護支援】市場町市場字町筋１７２番地１", "url": "https://www.kaigokensaku.mhlw.go.jp/36/index.php?action_kouhyou_detail_004_kani=true&JigyosyoCd=3651680013-00&ServiceCd=430&Type=search", "url2": "http://www.houetsu-hospital.jp/" }, "geometry": { "type": "Point", "coordinates": [ 134.281983600000018, 34.0946739 ] } },
{ "type": "Feature", "properties": { "内容": "成田病院【居宅介護支援】徳島県美馬市脇町字拝原2576番地", "url": "https://www.kaigokensaku.mhlw.go.jp/36/index.php?action_kouhyou_detail_004_kani=true&JigyosyoCd=3610510087-00&ServiceCd=430&Type=search", "url2": "http://www.fujinokai.net" }, "geometry": { "type": "Point", "coordinates": [ 134.175362700000051, 34.0650076 ] } },
{ "type": "Feature", "properties": { "内容": "岡内科病院【居宅介護支援】徳島県美馬市脇町字拝原１４９６番地５", "url": "https://www.kaigokensaku.mhlw.go.jp/36/index.php?action_kouhyou_detail_004_kani=true&JigyosyoCd=3610510053-00&ServiceCd=430&Type=search", "url2": "okanaikaho@yahoo.co.jp" }, "geometry": { "type": "Point", "coordinates": [ 134.1661527, 34.0666602 ] } },
{ "type": "Feature", "properties": { "内容": "居宅介護支援事業所ほのか【居宅介護支援】徳島県美馬市脇町字西赤谷518-2ヴィラ・アンソレイエ脇町Ⅲ103", "url": "https://www.kaigokensaku.mhlw.go.jp/36/index.php?action_kouhyou_detail_004_kani=true&JigyosyoCd=3670500531-00&ServiceCd=430&Type=search", "url2": null }, "geometry": { "type": "Point", "coordinates": [ 134.1757713, 34.0814632 ] } },
{ "type": "Feature", "properties": { "内容": "居宅介護支援事業所　来夢【居宅介護支援】脇町大字北庄４６－１", "url": "https://www.kaigokensaku.mhlw.go.jp/36/index.php?action_kouhyou_detail_004_kani=true&JigyosyoCd=3670500465-00&ServiceCd=430&Type=search", "url2": null }, "geometry": { "type": "Point", "coordinates": [ 134.151510283449767, 34.073349835169644 ] } },
{ "type": "Feature", "properties": { "内容": "美馬市美馬在宅介護支援センター(愛)【居宅介護支援】徳島県美馬市美馬町字宗ノ分39-1", "url": "https://www.kaigokensaku.mhlw.go.jp/36/index.php?action_kouhyou_detail_004_kani=true&JigyosyoCd=3671800096-00&ServiceCd=430&Type=search", "url2": null }, "geometry": { "type": "Point", "coordinates": [ 134.032867500000037, 34.049380700000022 ] } },
{ "type": "Feature", "properties": { "内容": "ケアサービス光【居宅介護支援】徳島県美馬市美馬町字柿木１６－３", "url": "https://www.kaigokensaku.mhlw.go.jp/36/index.php?action_kouhyou_detail_004_kani=true&JigyosyoCd=3671800377-00&ServiceCd=430&Type=search", "url2": "長江グループ" }, "geometry": { "type": "Point", "coordinates": [ 134.0605799, 34.0570521 ] } },
{ "type": "Feature", "properties": { "内容": "ケアセンターことぶき【居宅介護支援】徳島県美馬市脇町木ノ内3677番地の3", "url": "https://www.kaigokensaku.mhlw.go.jp/36/index.php?action_kouhyou_detail_004_kani=true&JigyosyoCd=3670500101-00&ServiceCd=430&Type=search", "url2": null }, "geometry": { "type": "Point", "coordinates": [ 134.10248554232794, 34.057559334274323 ] } },
{ "type": "Feature", "properties": { "内容": "ヴィレッジケアプランセンター【居宅介護支援】徳島県美馬市脇町字拝原1354番地5", "url": "https://www.kaigokensaku.mhlw.go.jp/36/index.php?action_kouhyou_detail_004_kani=true&JigyosyoCd=3650580016-00&ServiceCd=430&Type=search", "url2": "https:www.kenshokai.group/" }, "geometry": { "type": "Point", "coordinates": [ 134.1656117, 34.0709599 ] } },
{ "type": "Feature", "properties": { "内容": "ライフサポートセンター若宮【居宅介護支援】脇町大字猪尻字若宮南80-1", "url": "https://www.kaigokensaku.mhlw.go.jp/36/index.php?action_kouhyou_detail_004_kani=true&JigyosyoCd=3670500168-00&ServiceCd=430&Type=search", "url2": "https://www.houetsu-hospital.jp" }, "geometry": { "type": "Point", "coordinates": [ 134.1580092, 34.0646676 ] } },
{ "type": "Feature", "properties": { "内容": "ケアステーション　ココロ【居宅介護支援】徳島県美馬市脇町野村４６３８－１", "url": "https://www.kaigokensaku.mhlw.go.jp/36/index.php?action_kouhyou_detail_004_kani=true&JigyosyoCd=3670500473-00&ServiceCd=430&Type=search", "url2": null }, "geometry": { "type": "Point", "coordinates": [ 138.252924, 36.204824 ] } },
{ "type": "Feature", "properties": { "内容": "美馬市社協ケアプランセンター【居宅介護支援】徳島県美馬市脇町大字脇町1265番地1美馬市合同会館１Ｆ", "url": "https://www.kaigokensaku.mhlw.go.jp/36/index.php?action_kouhyou_detail_004_kani=true&JigyosyoCd=3670500085-00&ServiceCd=430&Type=search", "url2": "https://shakyo.ict-tokushima.jp/mima/" }, "geometry": { "type": "Point", "coordinates": [ 134.147364784587808, 34.070648033015566 ] } },
{ "type": "Feature", "properties": { "内容": "あいの郷【居宅介護支援】徳島県三好市三野町太刀野6番地14", "url": "https://www.kaigokensaku.mhlw.go.jp/36/index.php?action_kouhyou_detail_004_kani=true&JigyosyoCd=3670600117-00&ServiceCd=430&Type=search", "url2": "http://ainosato-swc.com" }, "geometry": { "type": "Point", "coordinates": [ 133.96333530000004, 34.0472375 ] } },
{ "type": "Feature", "properties": { "内容": "北條ホスピタルサービス【居宅介護支援】徳島県三好市池田町マチ2526-7", "url": "https://www.kaigokensaku.mhlw.go.jp/36/index.php?action_kouhyou_detail_004_kani=true&JigyosyoCd=3671900367-00&ServiceCd=430&Type=search", "url2": null }, "geometry": { "type": "Point", "coordinates": [ 133.804522099999986, 34.0290157 ] } },
{ "type": "Feature", "properties": { "内容": "三好市ケアプランセンター【居宅介護支援】徳島県三好市三野町芝生1036番地三野老人福祉センター内", "url": "https://www.kaigokensaku.mhlw.go.jp/36/index.php?action_kouhyou_detail_004_kani=true&JigyosyoCd=3670600075-00&ServiceCd=430&Type=search", "url2": null }, "geometry": { "type": "Point", "coordinates": [ 138.252924, 36.204824 ] } },
{ "type": "Feature", "properties": { "内容": "みのだ在宅介護支援センター【居宅介護支援】徳島県三好市井川町片山２２２番地", "url": "https://www.kaigokensaku.mhlw.go.jp/36/index.php?action_kouhyou_detail_004_kani=true&JigyosyoCd=3671900029-00&ServiceCd=430&Type=search", "url2": "http://minodaen.com" }, "geometry": { "type": "Point", "coordinates": [ 133.8852713, 34.0308891 ] } },
{ "type": "Feature", "properties": { "内容": "村山内科指定居宅介護支援事業所【居宅介護支援】徳島県三好市池田町サラダ１７９５番地１医療法人　村山内科", "url": "https://www.kaigokensaku.mhlw.go.jp/36/index.php?action_kouhyou_detail_004_kani=true&JigyosyoCd=3610610556-00&ServiceCd=430&Type=search", "url2": "https://murayamanaika.com" }, "geometry": { "type": "Point", "coordinates": [ 133.806613500000026, 34.0277548 ] } },
{ "type": "Feature", "properties": { "内容": "三好市西部ケアプランセンター【居宅介護支援】徳島県三好市西祖谷山村一宇343-4西祖谷山村老人福祉センター", "url": "https://www.kaigokensaku.mhlw.go.jp/36/index.php?action_kouhyou_detail_004_kani=true&JigyosyoCd=3670600059-00&ServiceCd=430&Type=search", "url2": "http：//miyoshicity-shakyo.jp/" }, "geometry": { "type": "Point", "coordinates": [ 133.816979700000047, 33.893137199999984 ] } },
{ "type": "Feature", "properties": { "内容": "山城荘在宅介護支援センター【居宅介護支援】徳島県三好市山城町西宇1227-4", "url": "https://www.kaigokensaku.mhlw.go.jp/36/index.php?action_kouhyou_detail_004_kani=true&JigyosyoCd=3671900037-00&ServiceCd=430&Type=search", "url2": "http://yamashirokai.or.jp/" }, "geometry": { "type": "Point", "coordinates": [ 133.758924900000039, 33.9132442 ] } },
{ "type": "Feature", "properties": { "内容": "永楽荘第一在宅介護支援センター【居宅介護支援】徳島県三好市池田町中西サコダ170-4", "url": "https://www.kaigokensaku.mhlw.go.jp/36/index.php?action_kouhyou_detail_004_kani=true&JigyosyoCd=3671900169-00&ServiceCd=430&Type=search", "url2": "https://www.ikeda-hakuaikai.org" }, "geometry": { "type": "Point", "coordinates": [ 133.786374926907285, 34.010662974339894 ] } },
{ "type": "Feature", "properties": { "内容": "介護福祉センターライフ・アップ【居宅介護支援】徳島県三好市池田町ウエノ2799-1", "url": "https://www.kaigokensaku.mhlw.go.jp/36/index.php?action_kouhyou_detail_004_kani=true&JigyosyoCd=3671900334-00&ServiceCd=430&Type=search", "url2": null }, "geometry": { "type": "Point", "coordinates": [ 133.799669155989022, 34.030616690809765 ] } },
{ "type": "Feature", "properties": { "内容": "健生西部診療所【居宅介護支援】徳島県三好市井川町吉岡127-2", "url": "https://www.kaigokensaku.mhlw.go.jp/36/index.php?action_kouhyou_detail_004_kani=true&JigyosyoCd=3610610523-00&ServiceCd=430&Type=search", "url2": "https://kensei-seibu.com" }, "geometry": { "type": "Point", "coordinates": [ 133.864087510085227, 34.030659541262445 ] } },
{ "type": "Feature", "properties": { "内容": "オレンジ荘在宅介護支援センター【居宅介護支援】徳島県勝浦郡勝浦町大字棚野字竹国１３番地の１", "url": "https://www.kaigokensaku.mhlw.go.jp/36/index.php?action_kouhyou_detail_004_kani=true&JigyosyoCd=3671000085-00&ServiceCd=430&Type=search", "url2": "http://syoujukai.or.jp" }, "geometry": { "type": "Point", "coordinates": [ 134.504748295106538, 33.932261012487018 ] } },
{ "type": "Feature", "properties": { "内容": "健祥会イントロセンター勝浦【居宅介護支援】徳島県勝浦郡上勝町大字正木字西浦111番地7", "url": "https://www.kaigokensaku.mhlw.go.jp/36/index.php?action_kouhyou_detail_004_kani=true&JigyosyoCd=3671000028-00&ServiceCd=430&Type=search", "url2": "https://www.kenshokai.group/" }, "geometry": { "type": "Point", "coordinates": [ 134.420395671163988, 33.924408922678658 ] } },
{ "type": "Feature", "properties": { "内容": "健祥会イントロセンターハイジ【居宅介護支援】徳島県名東郡佐那河内村上字大黒２３番地１", "url": "https://www.kaigokensaku.mhlw.go.jp/36/index.php?action_kouhyou_detail_004_kani=true&JigyosyoCd=3671100018-00&ServiceCd=430&Type=search", "url2": "http://www.kenshokai.group/" }, "geometry": { "type": "Point", "coordinates": [ 134.451613599999973, 33.9923776 ] } },
{ "type": "Feature", "properties": { "内容": "あい介護福祉サービス有限会社【居宅介護支援】徳島県名西郡石井町石井字石井重松680-1", "url": "https://www.kaigokensaku.mhlw.go.jp/36/index.php?action_kouhyou_detail_004_kani=true&JigyosyoCd=3671200198-00&ServiceCd=430&Type=search", "url2": "http://www.ai-kaigo.jp/" }, "geometry": { "type": "Point", "coordinates": [ 134.432313099999988, 34.0716679 ] } },
{ "type": "Feature", "properties": { "内容": "居宅介護支援事業所アズ【居宅介護支援】徳島県名西郡石井町石井字石井629-4", "url": "https://www.kaigokensaku.mhlw.go.jp/36/index.php?action_kouhyou_detail_004_kani=true&JigyosyoCd=3661290035-00&ServiceCd=430&Type=search", "url2": "http://nobilva.com/wp/" }, "geometry": { "type": "Point", "coordinates": [ 134.454774, 34.0711953 ] } },
{ "type": "Feature", "properties": { "内容": "青藍居宅介護支援事業所【居宅介護支援】徳島県名西郡石井町高原字中須8番地1", "url": "https://www.kaigokensaku.mhlw.go.jp/36/index.php?action_kouhyou_detail_004_kani=true&JigyosyoCd=3671200032-00&ServiceCd=430&Type=search", "url2": "http://www.seiranso.com" }, "geometry": { "type": "Point", "coordinates": [ 134.4003973, 34.084411 ] } },
{ "type": "Feature", "properties": { "内容": "名西郡医師会居宅介護支援事業所【居宅介護支援】徳島県名西郡石井町高原字東高原100-9", "url": "https://www.kaigokensaku.mhlw.go.jp/36/index.php?action_kouhyou_detail_004_kani=true&JigyosyoCd=3661290001-00&ServiceCd=430&Type=search", "url2": null }, "geometry": { "type": "Point", "coordinates": [ 134.426434738623016, 34.082164999021487 ] } },
{ "type": "Feature", "properties": { "内容": "咲居宅介護支援事業所【居宅介護支援】徳島県名西郡石井町高川原字高川原１７９６番地２", "url": "https://www.kaigokensaku.mhlw.go.jp/36/index.php?action_kouhyou_detail_004_kani=true&JigyosyoCd=3671200545-00&ServiceCd=430&Type=search", "url2": "https://aiiro-kids.jimdofree.com/" }, "geometry": { "type": "Point", "coordinates": [ 134.451147822090178, 34.082294840227952 ] } },
{ "type": "Feature", "properties": { "内容": "合同会社徳島県ふれあい介護支援センター　居宅介護支援事業所【居宅介護支援】徳島県名西郡石井町高川原字天神671番地3ラウンドネットサービスビル2Ｆ", "url": "https://www.kaigokensaku.mhlw.go.jp/36/index.php?action_kouhyou_detail_004_kani=true&JigyosyoCd=3671200347-00&ServiceCd=430&Type=search", "url2": null }, "geometry": { "type": "Point", "coordinates": [ 134.4424262, 34.0823113 ] } },
{ "type": "Feature", "properties": { "内容": "居宅介護支援事業所石井虹の橋【居宅介護支援】徳島県名西郡石井町石井字石井２３３－３０", "url": "https://www.kaigokensaku.mhlw.go.jp/36/index.php?action_kouhyou_detail_004_kani=true&JigyosyoCd=3671200552-00&ServiceCd=430&Type=search", "url2": "https://ishii-nijinohashi.net/" }, "geometry": { "type": "Point", "coordinates": [ 134.4379683, 34.0669348 ] } },
{ "type": "Feature", "properties": { "内容": "永和居宅介護支援事業所【居宅介護支援】徳島県名西郡石井町高原字東高原13-1", "url": "https://www.kaigokensaku.mhlw.go.jp/36/index.php?action_kouhyou_detail_004_kani=true&JigyosyoCd=3671200271-00&ServiceCd=430&Type=search", "url2": "eiwa2011.com" }, "geometry": { "type": "Point", "coordinates": [ 134.4236029, 34.0826529 ] } },
{ "type": "Feature", "properties": { "内容": "まこと居宅介護支援事業所【居宅介護支援】徳島県名西郡石井町高川原字天神725-4", "url": "https://www.kaigokensaku.mhlw.go.jp/36/index.php?action_kouhyou_detail_004_kani=true&JigyosyoCd=3671200560-00&ServiceCd=430&Type=search", "url2": "http://www.yuseikai.net/" }, "geometry": { "type": "Point", "coordinates": [ 134.439802256483489, 34.080358870723515 ] } },
{ "type": "Feature", "properties": { "内容": "明日香指定居宅介護支援事業所【居宅介護支援】徳島県名西郡石井町浦庄字下浦339番地3", "url": "https://www.kaigokensaku.mhlw.go.jp/36/index.php?action_kouhyou_detail_004_kani=true&JigyosyoCd=3671200172-00&ServiceCd=430&Type=search", "url2": "https://www.asuka-raifukea.com/" }, "geometry": { "type": "Point", "coordinates": [ 134.411812971163954, 34.068888487388882 ] } },
{ "type": "Feature", "properties": { "内容": "神山すだち園指定居宅介護支援事業所【居宅介護支援】徳島県名西郡神山町阿野字長谷３３５番地", "url": "https://www.kaigokensaku.mhlw.go.jp/36/index.php?action_kouhyou_detail_004_kani=true&JigyosyoCd=3671200024-00&ServiceCd=430&Type=search", "url2": "http://www.yuseikai.net/hukusikai.htm" }, "geometry": { "type": "Point", "coordinates": [ 134.41697309999995, 34.0497569 ] } },
{ "type": "Feature", "properties": { "内容": "居宅介護支援事業所かじかの郷【居宅介護支援】徳島県名西郡神山町神領字西野間23番地1", "url": "https://www.kaigokensaku.mhlw.go.jp/36/index.php?action_kouhyou_detail_004_kani=true&JigyosyoCd=3671200115-00&ServiceCd=430&Type=search", "url2": "https://rokenkajikanosat.wixsite.com/nakatniiin" }, "geometry": { "type": "Point", "coordinates": [ 134.348097100000018, 33.9667937 ] } },
{ "type": "Feature", "properties": { "内容": "居宅介護支援事業所応援隊【居宅介護支援】徳島県名西郡神山町鬼籠野字川東１１９番地", "url": "https://www.kaigokensaku.mhlw.go.jp/36/index.php?action_kouhyou_detail_004_kani=true&JigyosyoCd=3671200503-00&ServiceCd=430&Type=search", "url2": null }, "geometry": { "type": "Point", "coordinates": [ 134.396214099999952, 33.9886693 ] } },
{ "type": "Feature", "properties": { "内容": "神山町社会福祉協議会居宅介護支援事業所【居宅介護支援】徳島県名西郡神山町神領字本上角93番地1", "url": "https://www.kaigokensaku.mhlw.go.jp/36/index.php?action_kouhyou_detail_004_kani=true&JigyosyoCd=3671200081-00&ServiceCd=430&Type=search", "url2": "https://shakyo.ict-tokushima.jp/kamiyama/" }, "geometry": { "type": "Point", "coordinates": [ 134.370222199999944, 33.9723628 ] } },
{ "type": "Feature", "properties": { "内容": "木沢居宅介護支援事業所【居宅介護支援】徳島県那賀郡那賀町木頭字前田５２－１那賀町木沢デイサービスセンター", "url": "https://www.kaigokensaku.mhlw.go.jp/36/index.php?action_kouhyou_detail_004_kani=true&JigyosyoCd=3671300659-00&ServiceCd=430&Type=search", "url2": null }, "geometry": { "type": "Point", "coordinates": [ 134.302341899999988, 33.8241784 ] } },
{ "type": "Feature", "properties": { "内容": "居宅介護支援事業所　こだま【居宅介護支援】徳島県那賀郡那賀町仁宇字王子前78-3", "url": "https://www.kaigokensaku.mhlw.go.jp/36/index.php?action_kouhyou_detail_004_kani=true&JigyosyoCd=3671300691-00&ServiceCd=430&Type=search", "url2": null }, "geometry": { "type": "Point", "coordinates": [ 134.47636650000004, 33.8543582 ] } },
{ "type": "Feature", "properties": { "内容": "鷲敷在宅介護支援センター【居宅介護支援】徳島県那賀郡那賀町和食郷字八幡原444", "url": "https://www.kaigokensaku.mhlw.go.jp/36/index.php?action_kouhyou_detail_004_kani=true&JigyosyoCd=3671300022-00&ServiceCd=430&Type=search", "url2": "https://wajiki.rouken.jp/" }, "geometry": { "type": "Point", "coordinates": [ 134.503388299999983, 33.8560164 ] } },
{ "type": "Feature", "properties": { "内容": "ナカチョウニヒカリヲテラスカブシキガイシャ【居宅介護支援】徳島県那賀郡那賀町百合字石橋500番地那賀町に光を照らす高齢者住宅", "url": "https://www.kaigokensaku.mhlw.go.jp/36/index.php?action_kouhyou_detail_004_kani=true&JigyosyoCd=3671300709-00&ServiceCd=430&Type=search", "url2": "naka_hikarioterasu@yahoo.co.jp" }, "geometry": { "type": "Point", "coordinates": [ 134.487659300000018, 33.84622 ] } },
{ "type": "Feature", "properties": { "内容": "水の花居宅介護支援事業所【居宅介護支援】徳島県那賀郡那賀町延野字大原４０番地１", "url": "https://www.kaigokensaku.mhlw.go.jp/36/index.php?action_kouhyou_detail_004_kani=true&JigyosyoCd=3671300048-00&ServiceCd=430&Type=search", "url2": "http://care-net.biz/36/suinohana/" }, "geometry": { "type": "Point", "coordinates": [ 134.485069428657511, 33.825493728578337 ] } },
{ "type": "Feature", "properties": { "内容": "那賀町相生居宅介護支援事業所【居宅介護支援】徳島県那賀郡那賀町大久保字大西３番地２相生包括ケアセンター", "url": "https://www.kaigokensaku.mhlw.go.jp/36/index.php?action_kouhyou_detail_004_kani=true&JigyosyoCd=3611312574-00&ServiceCd=430&Type=search", "url2": "https://www.town.tokushima-naka.lg.jp/aioi/section/kyotaku.html" }, "geometry": { "type": "Point", "coordinates": [ 134.443800799999963, 33.7915458 ] } },
{ "type": "Feature", "properties": { "内容": "わんずはんど居宅介護支援事業所【居宅介護支援】徳島県那賀郡那賀町和食字町18番地1", "url": "https://www.kaigokensaku.mhlw.go.jp/36/index.php?action_kouhyou_detail_004_kani=true&JigyosyoCd=3671300634-00&ServiceCd=430&Type=search", "url2": null }, "geometry": { "type": "Point", "coordinates": [ 134.499685900000031, 33.8583495 ] } },
{ "type": "Feature", "properties": { "内容": "緑風会ケアプランセンター那賀【居宅介護支援】徳島県那賀郡那賀町成瀬字小谷口２番地", "url": "https://www.kaigokensaku.mhlw.go.jp/36/index.php?action_kouhyou_detail_004_kani=true&JigyosyoCd=3671300121-00&ServiceCd=430&Type=search", "url2": "http://www.ryokufu1984.or.jp/" }, "geometry": { "type": "Point", "coordinates": [ 134.284983499999953, 33.7828668 ] } },
{ "type": "Feature", "properties": { "内容": "牟岐町社会福祉協議会川長事業所【居宅介護支援】徳島県海部郡牟岐町大字川長字新光寺60-1", "url": "https://www.kaigokensaku.mhlw.go.jp/36/index.php?action_kouhyou_detail_004_kani=true&JigyosyoCd=3671400012-00&ServiceCd=430&Type=search", "url2": "https://shakyo-mugi.e-tokushima.or.jp" }, "geometry": { "type": "Point", "coordinates": [ 134.421330200000057, 33.6740169 ] } },
{ "type": "Feature", "properties": { "内容": "ケアプランセンターあい【居宅介護支援】徳島県海部郡牟岐町大字川長字山戸４５番地", "url": "https://www.kaigokensaku.mhlw.go.jp/36/index.php?action_kouhyou_detail_004_kani=true&JigyosyoCd=3671400160-00&ServiceCd=430&Type=search", "url2": "http://wakahokai.com/" }, "geometry": { "type": "Point", "coordinates": [ 134.423188399999958, 33.6755584 ] } },
{ "type": "Feature", "properties": { "内容": "緑風会イントロセンター海部【居宅介護支援】徳島県海部郡牟岐町大字中村字山田30番地", "url": "https://www.kaigokensaku.mhlw.go.jp/36/index.php?action_kouhyou_detail_004_kani=true&JigyosyoCd=3671400095-00&ServiceCd=430&Type=search", "url2": "http://www.kenshokai.group" }, "geometry": { "type": "Point", "coordinates": [ 134.413139699999988, 33.6684733 ] } },
{ "type": "Feature", "properties": { "内容": "在宅介護支援センターヒワサ【居宅介護支援】徳島県海部郡美波町西河内字丹前１０６番地１", "url": "https://www.kaigokensaku.mhlw.go.jp/36/index.php?action_kouhyou_detail_004_kani=true&JigyosyoCd=3671400053-00&ServiceCd=430&Type=search", "url2": "hiwasasou@mh.pikara.ne.jp" }, "geometry": { "type": "Point", "coordinates": [ 134.518634199999951, 33.7333311 ] } },
{ "type": "Feature", "properties": { "内容": "由岐町在宅介護支援センター【居宅介護支援】徳島県海部郡美波町西の地字志和岐谷３７番１", "url": "https://www.kaigokensaku.mhlw.go.jp/36/index.php?action_kouhyou_detail_004_kani=true&JigyosyoCd=3671400038-00&ServiceCd=430&Type=search", "url2": "http://nennrin.jp" }, "geometry": { "type": "Point", "coordinates": [ 134.600939911097043, 33.779654513577114 ] } },
{ "type": "Feature", "properties": { "内容": "美波町社協居宅介護支援援事業所【居宅介護支援】徳島県海部郡美波町奥河内字井ノ上１３番地２美波町医療保険センター２Ｆ", "url": "https://www.kaigokensaku.mhlw.go.jp/36/index.php?action_kouhyou_detail_004_kani=true&JigyosyoCd=3671400509-00&ServiceCd=430&Type=search", "url2": "https://shakyo.ict-tokushima.jp/minami/" }, "geometry": { "type": "Point", "coordinates": [ 134.532402100000013, 33.7355299 ] } },
{ "type": "Feature", "properties": { "内容": "居宅介護支援事業所おりの【居宅介護支援】徳島県海部郡海陽町久保字板取12-4", "url": "https://www.kaigokensaku.mhlw.go.jp/36/index.php?action_kouhyou_detail_004_kani=true&JigyosyoCd=3671400350-00&ServiceCd=430&Type=search", "url2": "http://orino.jp/" }, "geometry": { "type": "Point", "coordinates": [ 134.305304100000058, 33.5695046 ] } },
{ "type": "Feature", "properties": { "内容": "海陽町居宅介護支援事業所【居宅介護支援】徳島県海部郡海陽町奥浦字新町４４番地海陽町役場海部庁舎　２階", "url": "https://www.kaigokensaku.mhlw.go.jp/36/index.php?action_kouhyou_detail_004_kani=true&JigyosyoCd=3671400392-00&ServiceCd=430&Type=search", "url2": "https://www.kaiyo-shakyo.jp/" }, "geometry": { "type": "Point", "coordinates": [ 134.3527077, 33.596188 ] } },
{ "type": "Feature", "properties": { "内容": "うらた居宅介護支援事業所【居宅介護支援】徳島県板野郡松茂町広島字南ハリ13", "url": "https://www.kaigokensaku.mhlw.go.jp/36/index.php?action_kouhyou_detail_004_kani=true&JigyosyoCd=3611510037-00&ServiceCd=430&Type=search", "url2": "http://www.uratahp.com/" }, "geometry": { "type": "Point", "coordinates": [ 134.577426, 34.1330128 ] } },
{ "type": "Feature", "properties": { "内容": "椛居宅介護支援事業所【居宅介護支援】徳島県板野郡松茂町笹木野字灘２３－１", "url": "https://www.kaigokensaku.mhlw.go.jp/36/index.php?action_kouhyou_detail_004_kani=true&JigyosyoCd=3671501736-00&ServiceCd=430&Type=search", "url2": "http://momiji.link" }, "geometry": { "type": "Point", "coordinates": [ 134.57186820000004, 34.1314074 ] } },
{ "type": "Feature", "properties": { "内容": "えんじゅ在宅介護支援センター【居宅介護支援】徳島県板野郡松茂町広島字四番越５番地１", "url": "https://www.kaigokensaku.mhlw.go.jp/36/index.php?action_kouhyou_detail_004_kani=true&JigyosyoCd=3671500134-00&ServiceCd=430&Type=search", "url2": "http:yujoukai.jp" }, "geometry": { "type": "Point", "coordinates": [ 134.583689199999981, 34.1366623 ] } },
{ "type": "Feature", "properties": { "内容": "居宅介護支援事業所　はる【居宅介護支援】徳島県板野郡松茂町満穂字満穂開拓36-1", "url": "https://www.kaigokensaku.mhlw.go.jp/36/index.php?action_kouhyou_detail_004_kani=true&JigyosyoCd=3671501413-00&ServiceCd=430&Type=search", "url2": null }, "geometry": { "type": "Point", "coordinates": [ 134.598529500000041, 34.139229 ] } },
{ "type": "Feature", "properties": { "内容": "居宅介護支援事業所「アサガオ」【居宅介護支援】徳島県板野郡北島町鯛浜字川久保194番1", "url": "https://www.kaigokensaku.mhlw.go.jp/36/index.php?action_kouhyou_detail_004_kani=true&JigyosyoCd=3671502155-00&ServiceCd=430&Type=search", "url2": "souseien.@wonder.ocn.ne.jp" }, "geometry": { "type": "Point", "coordinates": [ 134.5501966, 34.1141478 ] } },
{ "type": "Feature", "properties": { "内容": "そよかぜ指定居宅介護支援事業所【居宅介護支援】徳島県板野郡北島町北村字東蛭子８８番地５", "url": "https://www.kaigokensaku.mhlw.go.jp/36/index.php?action_kouhyou_detail_004_kani=true&JigyosyoCd=3671502106-00&ServiceCd=430&Type=search", "url2": null }, "geometry": { "type": "Point", "coordinates": [ 134.5590573, 34.1389658 ] } },
{ "type": "Feature", "properties": { "内容": "吉野川荘在宅介護支援センター【居宅介護支援】徳島県板野郡北島町中村字八丁野４－１９", "url": "https://www.kaigokensaku.mhlw.go.jp/36/index.php?action_kouhyou_detail_004_kani=true&JigyosyoCd=3671500019-00&ServiceCd=430&Type=search", "url2": "http://care-net.biz/36/yoshi2023/" }, "geometry": { "type": "Point", "coordinates": [ 134.537664217860424, 34.13069252704603 ] } },
{ "type": "Feature", "properties": { "内容": "北島町社会福祉協議会居宅介護支援事業所【居宅介護支援】徳島県板野郡北島町新喜来字南古田８８番地１", "url": "https://www.kaigokensaku.mhlw.go.jp/36/index.php?action_kouhyou_detail_004_kani=true&JigyosyoCd=3671500126-00&ServiceCd=430&Type=search", "url2": "ｈｔｔp://kitajima-shakyo.org" }, "geometry": { "type": "Point", "coordinates": [ 134.546330519049064, 34.1269004920943 ] } },
{ "type": "Feature", "properties": { "内容": "ふれあい指定居宅介護支援事業所【居宅介護支援】徳島県板野郡北島町中村字御供田11番地15", "url": "https://www.kaigokensaku.mhlw.go.jp/36/index.php?action_kouhyou_detail_004_kani=true&JigyosyoCd=3671500878-00&ServiceCd=430&Type=search", "url2": null }, "geometry": { "type": "Point", "coordinates": [ 134.551592300000038, 34.1317046 ] } },
{ "type": "Feature", "properties": { "内容": "吉野川病院居宅介護支援事業所【居宅介護支援】徳島県板野郡北島町高房字八丁野西36番地13", "url": "https://www.kaigokensaku.mhlw.go.jp/36/index.php?action_kouhyou_detail_004_kani=true&JigyosyoCd=3611510045-00&ServiceCd=430&Type=search", "url2": "http://syuseikai.net/" }, "geometry": { "type": "Point", "coordinates": [ 134.537749100000042, 34.1319045 ] } },
{ "type": "Feature", "properties": { "内容": "とら居宅【居宅介護支援】徳島県板野郡北島町中村字岸ノ上１番地253", "url": "https://www.kaigokensaku.mhlw.go.jp/36/index.php?action_kouhyou_detail_004_kani=true&JigyosyoCd=3671502296-00&ServiceCd=430&Type=search", "url2": null }, "geometry": { "type": "Point", "coordinates": [ 134.5683259, 34.1292573 ] } },
{ "type": "Feature", "properties": { "内容": "TAOKAケアプランセンター北島【居宅介護支援】徳島県板野郡北島町鯛浜字外野34番地", "url": "https://www.kaigokensaku.mhlw.go.jp/36/index.php?action_kouhyou_detail_004_kani=true&JigyosyoCd=3671501207-00&ServiceCd=430&Type=search", "url2": "http://www.kitajima-taoka.or.jp/" }, "geometry": { "type": "Point", "coordinates": [ 134.554378540089374, 34.110149276660216 ] } },
{ "type": "Feature", "properties": { "内容": "居宅介護支援事業所内科クリニックオクムラ【居宅介護支援】徳島県板野郡藍住町奥野字長江口70-7", "url": "https://www.kaigokensaku.mhlw.go.jp/36/index.php?action_kouhyou_detail_004_kani=true&JigyosyoCd=3611513403-00&ServiceCd=430&Type=search", "url2": null }, "geometry": { "type": "Point", "coordinates": [ 134.482855299999983, 34.1238818 ] } },
{ "type": "Feature", "properties": { "内容": "さわやか徳島居宅介護支援センター【居宅介護支援】徳島県板野郡藍住町富吉字地神60番3", "url": "https://www.kaigokensaku.mhlw.go.jp/36/index.php?action_kouhyou_detail_004_kani=true&JigyosyoCd=3671500233-00&ServiceCd=430&Type=search", "url2": "http://55web.jp/sawayaka/" }, "geometry": { "type": "Point", "coordinates": [ 134.4874489, 34.1374334 ] } },
{ "type": "Feature", "properties": { "内容": "にりん草居宅介護支援事業所【居宅介護支援】徳島県板野郡藍住町東中富字権現傍示51-1", "url": "https://www.kaigokensaku.mhlw.go.jp/36/index.php?action_kouhyou_detail_004_kani=true&JigyosyoCd=3671502049-00&ServiceCd=430&Type=search", "url2": null }, "geometry": { "type": "Point", "coordinates": [ 134.476901700000013, 34.1239532 ] } },
{ "type": "Feature", "properties": { "内容": "桜居宅介護【居宅介護支援】徳島県板野郡藍住町富吉字中新田1番地22", "url": "https://www.kaigokensaku.mhlw.go.jp/36/index.php?action_kouhyou_detail_004_kani=true&JigyosyoCd=3671501991-00&ServiceCd=430&Type=search", "url2": null }, "geometry": { "type": "Point", "coordinates": [ 134.4785411, 34.1374454 ] } },
{ "type": "Feature", "properties": { "内容": "あい心ケアプランセンター【居宅介護支援】徳島県板野郡藍住町勝瑞字幸島145番地2", "url": "https://www.kaigokensaku.mhlw.go.jp/36/index.php?action_kouhyou_detail_004_kani=true&JigyosyoCd=3671502353-00&ServiceCd=430&Type=search", "url2": null }, "geometry": { "type": "Point", "coordinates": [ 134.519298, 34.1237812 ] } },
{ "type": "Feature", "properties": { "内容": "ケアプランローズ【居宅介護支援】徳島県板野郡藍住町矢上字原127-2ケアハウス矢上", "url": "https://www.kaigokensaku.mhlw.go.jp/36/index.php?action_kouhyou_detail_004_kani=true&JigyosyoCd=3671500472-00&ServiceCd=430&Type=search", "url2": "http://www.yakami.or.jp/" }, "geometry": { "type": "Point", "coordinates": [ 134.501244700000029, 34.1295346 ] } },
{ "type": "Feature", "properties": { "内容": "居宅介護支援事業所　勝瑞介護計画【居宅介護支援】徳島県板野郡藍住町勝瑞字成長62番地", "url": "https://www.kaigokensaku.mhlw.go.jp/36/index.php?action_kouhyou_detail_004_kani=true&JigyosyoCd=3611513445-00&ServiceCd=430&Type=search", "url2": null }, "geometry": { "type": "Point", "coordinates": [ 134.518639900000039, 34.1290101 ] } },
{ "type": "Feature", "properties": { "内容": "板野郡医師会指定居宅介護支援事業所藍住【居宅介護支援】徳島県板野郡藍住町徳命字前須西126-1フレグランスみゆき107号", "url": "https://www.kaigokensaku.mhlw.go.jp/36/index.php?action_kouhyou_detail_004_kani=true&JigyosyoCd=3661590004-00&ServiceCd=430&Type=search", "url2": null }, "geometry": { "type": "Point", "coordinates": [ 134.482224900000034, 34.1195767 ] } },
{ "type": "Feature", "properties": { "内容": "昴指定居宅介護支援事業所【居宅介護支援】徳島県板野郡藍住町矢上字安任１３７－１", "url": "https://www.kaigokensaku.mhlw.go.jp/36/index.php?action_kouhyou_detail_004_kani=true&JigyosyoCd=3671500043-00&ServiceCd=430&Type=search", "url2": "http://www.ryoun.com" }, "geometry": { "type": "Point", "coordinates": [ 134.497295, 34.1365255 ] } },
{ "type": "Feature", "properties": { "内容": "藍寿苑指定居宅介護支援事業所【居宅介護支援】徳島県板野郡藍住町富吉字穂実66-3", "url": "https://www.kaigokensaku.mhlw.go.jp/36/index.php?action_kouhyou_detail_004_kani=true&JigyosyoCd=3671501751-00&ServiceCd=430&Type=search", "url2": "http://www.ryoun.com" }, "geometry": { "type": "Point", "coordinates": [ 134.488599215721109, 34.141060162299006 ] } },
{ "type": "Feature", "properties": { "内容": "清水内科居宅介護支援事業所【居宅介護支援】板野郡藍住町奥野字和田７１－１３", "url": "https://www.kaigokensaku.mhlw.go.jp/36/index.php?action_kouhyou_detail_004_kani=true&JigyosyoCd=3671502007-00&ServiceCd=430&Type=search", "url2": "http://www.seijyukai-med.jp/" }, "geometry": { "type": "Point", "coordinates": [ 134.493462670500179, 34.121015559041751 ] } },
{ "type": "Feature", "properties": { "内容": "居宅介護支援センターあい【居宅介護支援】徳島県板野郡藍住町東中富字北傍示45番地5", "url": "https://www.kaigokensaku.mhlw.go.jp/36/index.php?action_kouhyou_detail_004_kani=true&JigyosyoCd=3671501470-00&ServiceCd=430&Type=search", "url2": "http://いつもここから.com/" }, "geometry": { "type": "Point", "coordinates": [ 134.480122793254083, 34.133262618816289 ] } },
{ "type": "Feature", "properties": { "内容": "藍住たまき青空居宅介護支援事業所【居宅介護支援】徳島県板野郡藍住町住吉字千鳥ヶ浜110-5", "url": "https://www.kaigokensaku.mhlw.go.jp/36/index.php?action_kouhyou_detail_004_kani=true&JigyosyoCd=3671502312-00&ServiceCd=430&Type=search", "url2": "https://tamaki-aozora.ne.jp/phoenix" }, "geometry": { "type": "Point", "coordinates": [ 134.5025973, 34.1202656 ] } },
{ "type": "Feature", "properties": { "内容": "有限会社　カナン・ケアプランニング【居宅介護支援】徳島県板野郡板野町大坂字川東6番地４", "url": "https://www.kaigokensaku.mhlw.go.jp/36/index.php?action_kouhyou_detail_004_kani=true&JigyosyoCd=3671500464-00&ServiceCd=430&Type=search", "url2": null }, "geometry": { "type": "Point", "coordinates": [ 134.450285300000019, 34.1778315 ] } },
{ "type": "Feature", "properties": { "内容": "あさひの杜居宅介護支援事業所【居宅介護支援】徳島県板野郡板野町大寺字岡山路８番地４７３", "url": "https://www.kaigokensaku.mhlw.go.jp/36/index.php?action_kouhyou_detail_004_kani=true&JigyosyoCd=3671501256-00&ServiceCd=430&Type=search", "url2": "http://www7b.biglobe.ne.jp/~asahi-mori/" }, "geometry": { "type": "Point", "coordinates": [ 134.45706, 34.1452957 ] } },
{ "type": "Feature", "properties": { "内容": "ＳＵＮ居宅介護支援センター【居宅介護支援】徳島県板野郡板野町大寺字楠ノ本１２９番地２", "url": "https://www.kaigokensaku.mhlw.go.jp/36/index.php?action_kouhyou_detail_004_kani=true&JigyosyoCd=3671501868-00&ServiceCd=430&Type=search", "url2": null }, "geometry": { "type": "Point", "coordinates": [ 134.4583121, 34.1326899 ] } },
{ "type": "Feature", "properties": { "内容": "ケアプランいぐちや【居宅介護支援】徳島県板野郡板野町下庄字栄寿１３３－１", "url": "https://www.kaigokensaku.mhlw.go.jp/36/index.php?action_kouhyou_detail_004_kani=true&JigyosyoCd=3671502072-00&ServiceCd=430&Type=search", "url2": null }, "geometry": { "type": "Point", "coordinates": [ 134.45088530000001, 34.1242072 ] } },
{ "type": "Feature", "properties": { "内容": "ケアマネジメント・ラボ　あさひの杜【居宅介護支援】徳島県板野郡板野町大寺字岡山路８番地４７３", "url": "https://www.kaigokensaku.mhlw.go.jp/36/index.php?action_kouhyou_detail_004_kani=true&JigyosyoCd=3671502270-00&ServiceCd=430&Type=search", "url2": "https://www.asahino-mori.com/" }, "geometry": { "type": "Point", "coordinates": [ 134.4570296, 34.1453312 ] } },
{ "type": "Feature", "properties": { "内容": "あおぞら居宅介護支援事業所【居宅介護支援】徳島県板野郡板野町吹田字町西７７番地", "url": "https://www.kaigokensaku.mhlw.go.jp/36/index.php?action_kouhyou_detail_004_kani=true&JigyosyoCd=3671501694-00&ServiceCd=430&Type=search", "url2": "https://aozora.hp.peraichi.com/?_ga=2.122844488.253734425.1642484285-436771826.1638859153" }, "geometry": { "type": "Point", "coordinates": [ 134.46101520000002, 34.1464235 ] } },
{ "type": "Feature", "properties": { "内容": "アイダック【居宅介護支援】徳島県板野郡板野町川端字若王寺５０－３", "url": "https://www.kaigokensaku.mhlw.go.jp/36/index.php?action_kouhyou_detail_004_kani=true&JigyosyoCd=3671500621-00&ServiceCd=430&Type=search", "url2": null }, "geometry": { "type": "Point", "coordinates": [ 134.478946899999983, 34.148085 ] } },
{ "type": "Feature", "properties": { "内容": "穂波園指定居宅介護支援事業所【居宅介護支援】徳島県板野郡板野町吹田字西山68番地10", "url": "https://www.kaigokensaku.mhlw.go.jp/36/index.php?action_kouhyou_detail_004_kani=true&JigyosyoCd=3671500084-00&ServiceCd=430&Type=search", "url2": "https://lumiere-tokushima.com/" }, "geometry": { "type": "Point", "coordinates": [ 134.455471200000034, 34.1460011 ] } },
{ "type": "Feature", "properties": { "内容": "井上病院【居宅介護支援】徳島県板野郡板野町犬伏字鶴畑39-1", "url": "https://www.kaigokensaku.mhlw.go.jp/36/index.php?action_kouhyou_detail_004_kani=true&JigyosyoCd=3611510227-00&ServiceCd=430&Type=search", "url2": "http;//www.juzenkai-inoue.awk.jp" }, "geometry": { "type": "Point", "coordinates": [ 134.454615699999977, 34.1393073 ] } },
{ "type": "Feature", "properties": { "内容": "ヨシキケアサポート【居宅介護支援】徳島県板野郡板野町中久保字中須賀２１", "url": "https://www.kaigokensaku.mhlw.go.jp/36/index.php?action_kouhyou_detail_004_kani=true&JigyosyoCd=3671501462-00&ServiceCd=430&Type=search", "url2": null }, "geometry": { "type": "Point", "coordinates": [ 134.4512638, 34.1180792 ] } },
{ "type": "Feature", "properties": { "内容": "居宅介護支援事業所　愛【居宅介護支援】徳島県板野郡上板町引野字竹重33-2", "url": "https://www.kaigokensaku.mhlw.go.jp/36/index.php?action_kouhyou_detail_004_kani=true&JigyosyoCd=3671501363-00&ServiceCd=430&Type=search", "url2": null }, "geometry": { "type": "Point", "coordinates": [ 134.394766900000036, 34.1212816 ] } },
{ "type": "Feature", "properties": { "内容": "居宅介護支援事業所笑がお【居宅介護支援】徳島県板野郡上板町泉谷字原地83", "url": "https://www.kaigokensaku.mhlw.go.jp/36/index.php?action_kouhyou_detail_004_kani=true&JigyosyoCd=3671501827-00&ServiceCd=430&Type=search", "url2": "http://hp.kaipoke.biz/n6x/index.html" }, "geometry": { "type": "Point", "coordinates": [ 134.394674801188671, 34.133436006942915 ] } },
{ "type": "Feature", "properties": { "内容": "のぞみ居宅介護支援事業所【居宅介護支援】徳島県板野郡上板町西分字滝ノ宮南50番1", "url": "https://www.kaigokensaku.mhlw.go.jp/36/index.php?action_kouhyou_detail_004_kani=true&JigyosyoCd=3671501637-00&ServiceCd=430&Type=search", "url2": null }, "geometry": { "type": "Point", "coordinates": [ 134.423496399999976, 34.1327386 ] } },
{ "type": "Feature", "properties": { "内容": "ハートケアプランセンター【居宅介護支援】徳島県板野郡上板町下六條字中西50番地1", "url": "https://www.kaigokensaku.mhlw.go.jp/36/index.php?action_kouhyou_detail_004_kani=true&JigyosyoCd=3671501967-00&ServiceCd=430&Type=search", "url2": "https://www.kenshokai.group" }, "geometry": { "type": "Point", "coordinates": [ 134.434073899999987, 34.1113057 ] } },
{ "type": "Feature", "properties": { "内容": "指定居宅介護支援事業所あおば苑【居宅介護支援】徳島県板野郡上板町西分字橋西1番地10", "url": "https://www.kaigokensaku.mhlw.go.jp/36/index.php?action_kouhyou_detail_004_kani=true&JigyosyoCd=3671500076-00&ServiceCd=430&Type=search", "url2": "http://aobagroup.com/" }, "geometry": { "type": "Point", "coordinates": [ 134.41764749999993, 34.1195179 ] } },
{ "type": "Feature", "properties": { "内容": "介護なんでも相談所【居宅介護支援】徳島県板野郡上板町泉谷字原中筋29‐1", "url": "https://www.kaigokensaku.mhlw.go.jp/36/index.php?action_kouhyou_detail_004_kani=true&JigyosyoCd=3671502387-00&ServiceCd=430&Type=search", "url2": null }, "geometry": { "type": "Point", "coordinates": [ 134.396298004893481, 34.129754657008114 ] } },
{ "type": "Feature", "properties": { "内容": "つるぎ町半田地域福センター【居宅介護支援】徳島県美馬郡つるぎ半田字小野５２１", "url": "https://www.kaigokensaku.mhlw.go.jp/36/index.php?action_kouhyou_detail_004_kani=true&JigyosyoCd=3671800542-00&ServiceCd=430&Type=search", "url2": null }, "geometry": { "type": "Point", "coordinates": [ 134.0297895, 34.0388135 ] } },
{ "type": "Feature", "properties": { "内容": "ケアプランひろお屋【居宅介護支援】徳島県美馬郡つるぎ町貞光字白村５３８番地１", "url": "https://www.kaigokensaku.mhlw.go.jp/36/index.php?action_kouhyou_detail_004_kani=true&JigyosyoCd=3671800641-00&ServiceCd=430&Type=search", "url2": null }, "geometry": { "type": "Point", "coordinates": [ 134.071062100000063, 34.0297468 ] } },
{ "type": "Feature", "properties": { "内容": "居宅介護支援事業所ケアサポートしのはら【居宅介護支援】徳島県美馬郡つるぎ町半田字田井３０６番地２", "url": "https://www.kaigokensaku.mhlw.go.jp/36/index.php?action_kouhyou_detail_004_kani=true&JigyosyoCd=3671800674-00&ServiceCd=430&Type=search", "url2": null }, "geometry": { "type": "Point", "coordinates": [ 134.028609, 34.0326302 ] } },
{ "type": "Feature", "properties": { "内容": "社会福祉法人つるぎ町社会福祉協議会【居宅介護支援】徳島県美馬郡つるぎ町貞光字江ノ脇２３０番地１６つるぎ町地域拠点センター", "url": "https://www.kaigokensaku.mhlw.go.jp/36/index.php?action_kouhyou_detail_004_kani=true&JigyosyoCd=3671800583-00&ServiceCd=430&Type=search", "url2": "http://www.tsurugi-shakyo.jp/index.html" }, "geometry": { "type": "Point", "coordinates": [ 134.067534068955979, 34.042852255208729 ] } },
{ "type": "Feature", "properties": { "内容": "清寿会在宅介護支援センターゆうま【居宅介護支援】徳島県美馬郡つるぎ町貞光字中須賀６４番地３", "url": "https://www.kaigokensaku.mhlw.go.jp/36/index.php?action_kouhyou_detail_004_kani=true&JigyosyoCd=3671800146-00&ServiceCd=430&Type=search", "url2": "https://www.seijyukai.org/" }, "geometry": { "type": "Point", "coordinates": [ 134.065079200000014, 34.0400068 ] } },
{ "type": "Feature", "properties": { "内容": "居宅介護支援　ハートステッキ【居宅介護支援】徳島県美馬郡つるぎ町半田字小野３２５", "url": "https://www.kaigokensaku.mhlw.go.jp/36/index.php?action_kouhyou_detail_004_kani=true&JigyosyoCd=3671800526-00&ServiceCd=430&Type=search", "url2": null }, "geometry": { "type": "Point", "coordinates": [ 134.031347899999986, 34.0407678 ] } },
{ "type": "Feature", "properties": { "内容": "あさひ【居宅介護支援】徳島県三好郡東みよし町足代３９８９－３", "url": "https://www.kaigokensaku.mhlw.go.jp/36/index.php?action_kouhyou_detail_004_kani=true&JigyosyoCd=3671900516-00&ServiceCd=430&Type=search", "url2": "yamada.2@chime.ocn.ne.jp" }, "geometry": { "type": "Point", "coordinates": [ 138.252924, 36.204824 ] } },
{ "type": "Feature", "properties": { "内容": "合同会社はちどり【居宅介護支援】徳島県三好郡東みよし町加茂2434番地7", "url": "https://www.kaigokensaku.mhlw.go.jp/36/index.php?action_kouhyou_detail_004_kani=true&JigyosyoCd=3671900532-00&ServiceCd=430&Type=search", "url2": "hachidori-hitoshizuku.net" }, "geometry": { "type": "Point", "coordinates": [ 133.9131028, 34.0363865 ] } },
{ "type": "Feature", "properties": { "内容": "健祥会ケアプランセンターみよし【居宅介護支援】三好郡東みよし町中庄1369番1", "url": "https://www.kaigokensaku.mhlw.go.jp/36/index.php?action_kouhyou_detail_004_kani=true&JigyosyoCd=3671900540-00&ServiceCd=430&Type=search", "url2": "http://www.kenshokai.group/" }, "geometry": { "type": "Point", "coordinates": [ 133.9618778, 34.0345589 ] } },
{ "type": "Feature", "properties": { "内容": "東みよし町居宅介護支援事業所【居宅介護支援】徳島県三好郡東みよし町西庄字横手70", "url": "https://www.kaigokensaku.mhlw.go.jp/36/index.php?action_kouhyou_detail_004_kani=true&JigyosyoCd=3671900425-00&ServiceCd=430&Type=search", "url2": "http://shakyo.ict-tokushima.jp/higashimiyoshi/" }, "geometry": { "type": "Point", "coordinates": [ 133.939787199999955, 34.043435 ] } },
{ "type": "Feature", "properties": { "内容": "有限会社　ケアサービス優心　三好営業所【居宅介護支援】徳島県三好郡東みよし町足代４５９０番地３住宅型有料老人ホーム　ふるさとの和内", "url": "https://www.kaigokensaku.mhlw.go.jp/36/index.php?action_kouhyou_detail_004_kani=true&JigyosyoCd=3671900383-00&ServiceCd=430&Type=search", "url2": "https://care-net.biz/36/yuushin/" }, "geometry": { "type": "Point", "coordinates": [ 133.896118418907548, 34.038447769808819 ] } },
{ "type": "Feature", "properties": { "内容": "みよし苑在宅介護支援センター【居宅介護支援】徳島県三好郡東みよし町昼間77番地1特別養護老人ﾎｰﾑみよし苑", "url": "https://www.kaigokensaku.mhlw.go.jp/36/index.php?action_kouhyou_detail_004_kani=true&JigyosyoCd=3671900144-00&ServiceCd=430&Type=search", "url2": "https://www.miyoshien.jp/miyoshi.php#miyoshi_05" }, "geometry": { "type": "Point", "coordinates": [ 133.888340914155606, 34.045850832810807 ] } }
]
}
