{
"type": "FeatureCollection",
"name": "geo_36_2",
"crs": { "type": "name", "properties": { "name": "urn:ogc:def:crs:OGC:1.3:CRS84" } },
"features": [
{ "type": "Feature", "properties": { "ID": 3622365100270, "正式名称": "芦田内科", "機関区分": 2, "都道府県コード": 36, "市区町村コード": 201, "所在地": "徳島県徳島市国府町府中８０２－１", "緯度": 34.072622, "経度": 134.476454, "url": "https://www.iryou.teikyouseido.mhlw.go.jp/znk-web/juminkanja/S2430/initialize?prefCd=36&kikanCd=2365100270&kikanKbn=2", "url2": null, "内容": "芦田内科【2:診療所】【診療科目:内科_小児科】徳島県徳島市国府町府中８０２－１" }, "geometry": { "type": "Point", "coordinates": [ 134.476454, 34.072622 ] } },
{ "type": "Feature", "properties": { "ID": 3622365100560, "正式名称": "徳島シーガルクリニック", "機関区分": 2, "都道府県コード": 36, "市区町村コード": 201, "所在地": "徳島県徳島市寺島本町東１丁目３０番１", "緯度": 34.072364, "経度": 134.554228, "url": "https://www.iryou.teikyouseido.mhlw.go.jp/znk-web/juminkanja/S2430/initialize?prefCd=36&kikanCd=2365100560&kikanKbn=2", "url2": "https://k-seagull.jp/", "内容": "徳島シーガルクリニック【2:診療所】【診療科目:精神科_神経科_心療内科】徳島県徳島市寺島本町東１丁目３０番１" }, "geometry": { "type": "Point", "coordinates": [ 134.554228, 34.072364 ] } },
{ "type": "Feature", "properties": { "ID": 3622365100850, "正式名称": "伊月健診クリニック", "機関区分": 2, "都道府県コード": 36, "市区町村コード": 201, "所在地": "徳島県徳島市東船場町１－８", "緯度": 34.070698, "経度": 134.548659, "url": "https://www.iryou.teikyouseido.mhlw.go.jp/znk-web/juminkanja/S2430/initialize?prefCd=36&kikanCd=2365100850&kikanKbn=2", "url2": "http://www.tk2.nmt.ne.jp/~itsukihp/kenshin/index.html", "内容": "伊月健診クリニック【2:診療所】【診療科目:内科_呼吸器内科_循環器内科_胃腸内科_脳神経外科_婦人科_放射線科】徳島県徳島市東船場町１－８" }, "geometry": { "type": "Point", "coordinates": [ 134.548659, 34.070698 ] } },
{ "type": "Feature", "properties": { "ID": 3622365101440, "正式名称": "大櫛内科循環器科", "機関区分": 2, "都道府県コード": 36, "市区町村コード": 201, "所在地": "徳島県徳島市寺島本町東３丁目１０", "緯度": 34.073353, "経度": 134.552127, "url": "https://www.iryou.teikyouseido.mhlw.go.jp/znk-web/juminkanja/S2430/initialize?prefCd=36&kikanCd=2365101440&kikanKbn=2", "url2": "http://www.okushinaika.com", "内容": "大櫛内科循環器科【2:診療所】【診療科目:内科_循環器内科】徳島県徳島市寺島本町東３丁目１０" }, "geometry": { "type": "Point", "coordinates": [ 134.552127, 34.073353 ] } },
{ "type": "Feature", "properties": { "ID": 3622365102580, "正式名称": "加藤整形外科クリニック", "機関区分": 2, "都道府県コード": 36, "市区町村コード": 201, "所在地": "徳島県徳島市仲之町３丁目３８－２", "緯度": 34.06597, "経度": 134.553981, "url": "https://www.iryou.teikyouseido.mhlw.go.jp/znk-web/juminkanja/S2430/initialize?prefCd=36&kikanCd=2365102580&kikanKbn=2", "url2": "https://katohorthtokushima.wixsite.com/katoh-seikei", "内容": "加藤整形外科クリニック【2:診療所】【診療科目:整形外科_リハビリテーション科】徳島県徳島市仲之町３丁目３８－２" }, "geometry": { "type": "Point", "coordinates": [ 134.553981, 34.06597 ] } },
{ "type": "Feature", "properties": { "ID": 3622365102610, "正式名称": "鎌田眼科医院", "機関区分": 2, "都道府県コード": 36, "市区町村コード": 201, "所在地": "徳島県徳島市二軒屋町３丁目３０－２", "緯度": 34.057043, "経度": 134.546382, "url": "https://www.iryou.teikyouseido.mhlw.go.jp/znk-web/juminkanja/S2430/initialize?prefCd=36&kikanCd=2365102610&kikanKbn=2", "url2": null, "内容": "鎌田眼科医院【2:診療所】【診療科目:眼科】徳島県徳島市二軒屋町３丁目３０－２" }, "geometry": { "type": "Point", "coordinates": [ 134.546382, 34.057043 ] } },
{ "type": "Feature", "properties": { "ID": 3622365103200, "正式名称": "協栄内科", "機関区分": 2, "都道府県コード": 36, "市区町村コード": 201, "所在地": "徳島県徳島市中昭和町２丁目６", "緯度": 34.063352, "経度": 134.558165, "url": "https://www.iryou.teikyouseido.mhlw.go.jp/znk-web/juminkanja/S2430/initialize?prefCd=36&kikanCd=2365103200&kikanKbn=2", "url2": null, "内容": "協栄内科【2:診療所】【診療科目:内科_呼吸器内科_循環器内科_消化器内科_小児科_放射線科】徳島県徳島市中昭和町２丁目６" }, "geometry": { "type": "Point", "coordinates": [ 134.558165, 34.063352 ] } },
{ "type": "Feature", "properties": { "ID": 3622365103330, "正式名称": "日下医院", "機関区分": 2, "都道府県コード": 36, "市区町村コード": 201, "所在地": "徳島県徳島市川内町宮島浜１０４", "緯度": 34.09393, "経度": 134.586082, "url": "https://www.iryou.teikyouseido.mhlw.go.jp/znk-web/juminkanja/S2430/initialize?prefCd=36&kikanCd=2365103330&kikanKbn=2", "url2": null, "内容": "日下医院【2:診療所】【診療科目:内科_脳神経内科_循環器内科_小児科】徳島県徳島市川内町宮島浜１０４" }, "geometry": { "type": "Point", "coordinates": [ 134.586082, 34.09393 ] } },
{ "type": "Feature", "properties": { "ID": 3622365103460, "正式名称": "くりう内科クリニック", "機関区分": 2, "都道府県コード": 36, "市区町村コード": 201, "所在地": "徳島県徳島市城南町４－１－５", "緯度": 34.05254, "経度": 134.54249, "url": "https://www.iryou.teikyouseido.mhlw.go.jp/znk-web/juminkanja/S2430/initialize?prefCd=36&kikanCd=2365103460&kikanKbn=2", "url2": "http://wwwb.pikara.ne.jp/knaika/", "内容": "くりう内科クリニック【2:診療所】【診療科目:内科_糖尿病内科_呼吸器内科_小児科】徳島県徳島市城南町４－１－５" }, "geometry": { "type": "Point", "coordinates": [ 134.54249, 34.05254 ] } },
{ "type": "Feature", "properties": { "ID": 3622365104500, "正式名称": "近藤整形外科", "機関区分": 2, "都道府県コード": 36, "市区町村コード": 201, "所在地": "徳島県徳島市富田浜２－１２－２", "緯度": 34.067183, "経度": 134.552822, "url": "https://www.iryou.teikyouseido.mhlw.go.jp/znk-web/juminkanja/S2430/initialize?prefCd=36&kikanCd=2365104500&kikanKbn=2", "url2": null, "内容": "近藤整形外科【2:診療所】【診療科目:整形外科_リハビリテーション科】徳島県徳島市富田浜２－１２－２" }, "geometry": { "type": "Point", "coordinates": [ 134.552822, 34.067183 ] } },
{ "type": "Feature", "properties": { "ID": 3622365104920, "正式名称": "斎藤皮膚泌尿器科", "機関区分": 2, "都道府県コード": 36, "市区町村コード": 201, "所在地": "徳島県徳島市中通町２ー１１", "緯度": 34.071182, "経度": 134.551234, "url": "https://www.iryou.teikyouseido.mhlw.go.jp/znk-web/juminkanja/S2430/initialize?prefCd=36&kikanCd=2365104920&kikanKbn=2", "url2": "https://saitou-hh.jp", "内容": "斎藤皮膚泌尿器科【2:診療所】【診療科目:皮膚泌尿器科】徳島県徳島市中通町２ー１１" }, "geometry": { "type": "Point", "coordinates": [ 134.551234, 34.071182 ] } },
{ "type": "Feature", "properties": { "ID": 3622365105640, "正式名称": "佐藤医院", "機関区分": 2, "都道府県コード": 36, "市区町村コード": 201, "所在地": "徳島県徳島市入田町笠木２００－４", "緯度": 34.040978, "経度": 134.445062, "url": "https://www.iryou.teikyouseido.mhlw.go.jp/znk-web/juminkanja/S2430/initialize?prefCd=36&kikanCd=2365105640&kikanKbn=2", "url2": null, "内容": "佐藤医院【2:診療所】【診療科目:内科_呼吸器内科_循環器内科_胃腸内科_小児科】徳島県徳島市入田町笠木２００－４" }, "geometry": { "type": "Point", "coordinates": [ 134.445062, 34.040978 ] } },
{ "type": "Feature", "properties": { "ID": 3622365105930, "正式名称": "篠原内科", "機関区分": 2, "都道府県コード": 36, "市区町村コード": 201, "所在地": "徳島県徳島市南昭和町６－５９－１", "緯度": 34.055468, "経度": 134.564323, "url": "https://www.iryou.teikyouseido.mhlw.go.jp/znk-web/juminkanja/S2430/initialize?prefCd=36&kikanCd=2365105930&kikanKbn=2", "url2": "http://www.shinonai.com", "内容": "篠原内科【2:診療所】【診療科目:内科_呼吸器内科_循環器内科_消化器内科_小児科】徳島県徳島市南昭和町６－５９－１" }, "geometry": { "type": "Point", "coordinates": [ 134.564323, 34.055468 ] } },
{ "type": "Feature", "properties": { "ID": 3622365106100, "正式名称": "清水耳鼻咽喉科医院", "機関区分": 2, "都道府県コード": 36, "市区町村コード": 201, "所在地": "徳島県徳島市佐古四番町６－１８", "緯度": 34.078336, "経度": 134.532483, "url": "https://www.iryou.teikyouseido.mhlw.go.jp/znk-web/juminkanja/S2430/initialize?prefCd=36&kikanCd=2365106100&kikanKbn=2", "url2": "https://www.shimizu-ent.net/", "内容": "清水耳鼻咽喉科医院【2:診療所】【診療科目:頭頸部外科_小児耳鼻いんこう科_耳鼻いんこう科】徳島県徳島市佐古四番町６－１８" }, "geometry": { "type": "Point", "coordinates": [ 134.532483, 34.078336 ] } },
{ "type": "Feature", "properties": { "ID": 3622365106230, "正式名称": "城東整形外科内科", "機関区分": 2, "都道府県コード": 36, "市区町村コード": 201, "所在地": "徳島県徳島市福島１－６－５８", "緯度": 34.071111, "経度": 134.564152, "url": "https://www.iryou.teikyouseido.mhlw.go.jp/znk-web/juminkanja/S2430/initialize?prefCd=36&kikanCd=2365106230&kikanKbn=2", "url2": null, "内容": "城東整形外科内科【2:診療所】【診療科目:内科_漢方内科_ペインクリニック内科_外科_整形外科_皮膚科_リウマチ科_リハビリテーション科_麻酔科】徳島県徳島市福島１－６－５８" }, "geometry": { "type": "Point", "coordinates": [ 134.564152, 34.071111 ] } },
{ "type": "Feature", "properties": { "ID": 3622365106490, "正式名称": "住友医院", "機関区分": 2, "都道府県コード": 36, "市区町村コード": 201, "所在地": "徳島県徳島市通町２丁目１７番地", "緯度": 34.071644, "経度": 134.551063, "url": "https://www.iryou.teikyouseido.mhlw.go.jp/znk-web/juminkanja/S2430/initialize?prefCd=36&kikanCd=2365106490&kikanKbn=2", "url2": "http://nttbj.itp.ne.jp/0886526514/", "内容": "住友医院【2:診療所】【診療科目:内科_糖尿病内科_小児科】徳島県徳島市通町２丁目１７番地" }, "geometry": { "type": "Point", "coordinates": [ 134.551063, 34.071644 ] } },
{ "type": "Feature", "properties": { "ID": 3622365106520, "正式名称": "住友医院", "機関区分": 2, "都道府県コード": 36, "市区町村コード": 201, "所在地": "徳島県徳島市勝占町下河原３２－１", "緯度": 34.019363, "経度": 134.554888, "url": "https://www.iryou.teikyouseido.mhlw.go.jp/znk-web/juminkanja/S2430/initialize?prefCd=36&kikanCd=2365106520&kikanKbn=2", "url2": null, "内容": "住友医院【2:診療所】【診療科目:内科_脳神経内科_整形外科_泌尿器科】徳島県徳島市勝占町下河原３２－１" }, "geometry": { "type": "Point", "coordinates": [ 134.554888, 34.019363 ] } },
{ "type": "Feature", "properties": { "ID": 3622365106780, "正式名称": "医療法人せきね耳鼻咽喉科医院", "機関区分": 2, "都道府県コード": 36, "市区町村コード": 201, "所在地": "徳島県徳島市二軒屋町３丁目３３", "緯度": 34.057264, "経度": 134.546374, "url": "https://www.iryou.teikyouseido.mhlw.go.jp/znk-web/juminkanja/S2430/initialize?prefCd=36&kikanCd=2365106780&kikanKbn=2", "url2": null, "内容": "医療法人せきね耳鼻咽喉科医院【2:診療所】【診療科目:耳鼻いんこう科】徳島県徳島市二軒屋町３丁目３３" }, "geometry": { "type": "Point", "coordinates": [ 134.546374, 34.057264 ] } },
{ "type": "Feature", "properties": { "ID": 3622365106810, "正式名称": "高岡消化器内科", "機関区分": 2, "都道府県コード": 36, "市区町村コード": 201, "所在地": "徳島県徳島市福島２丁目５－２", "緯度": 34.069076, "経度": 134.567421, "url": "https://www.iryou.teikyouseido.mhlw.go.jp/znk-web/juminkanja/S2430/initialize?prefCd=36&kikanCd=2365106810&kikanKbn=2", "url2": "https://hospital-3516.business.site/", "内容": "高岡消化器内科【2:診療所】【診療科目:内科_消化器内科】徳島県徳島市福島２丁目５－２" }, "geometry": { "type": "Point", "coordinates": [ 134.567421, 34.069076 ] } },
{ "type": "Feature", "properties": { "ID": 3622365107370, "正式名称": "たけだ耳鼻咽喉科", "機関区分": 2, "都道府県コード": 36, "市区町村コード": 201, "所在地": "徳島県徳島市新蔵町１丁目３２番地", "緯度": 34.071182, "経度": 134.558573, "url": "https://www.iryou.teikyouseido.mhlw.go.jp/znk-web/juminkanja/S2430/initialize?prefCd=36&kikanCd=2365107370&kikanKbn=2", "url2": "https://wwwa.pikara.ne.jp/takeda-ent/", "内容": "たけだ耳鼻咽喉科【2:診療所】【診療科目:耳鼻いんこう科】徳島県徳島市新蔵町１丁目３２番地" }, "geometry": { "type": "Point", "coordinates": [ 134.558573, 34.071182 ] } },
{ "type": "Feature", "properties": { "ID": 3622365108540, "正式名称": "徳島県精神保健福祉センター", "機関区分": 2, "都道府県コード": 36, "市区町村コード": 201, "所在地": "徳島県徳島市新蔵町３丁目８０", "緯度": 34.069654, "経度": 134.560847, "url": "https://www.iryou.teikyouseido.mhlw.go.jp/znk-web/juminkanja/S2430/initialize?prefCd=36&kikanCd=2365108540&kikanKbn=2", "url2": "http://www.pref.tokushima.jp/docs/2008080100014/", "内容": "徳島県精神保健福祉センター【2:診療所】【診療科目:精神科】徳島県徳島市新蔵町３丁目８０" }, "geometry": { "type": "Point", "coordinates": [ 134.560847, 34.069654 ] } },
{ "type": "Feature", "properties": { "ID": 3622365112260, "正式名称": "福永医院", "機関区分": 2, "都道府県コード": 36, "市区町村コード": 201, "所在地": "徳島県徳島市南佐古三番町９－３", "緯度": 34.076319, "経度": 134.532995, "url": "https://www.iryou.teikyouseido.mhlw.go.jp/znk-web/juminkanja/S2430/initialize?prefCd=36&kikanCd=2365112260&kikanKbn=2", "url2": null, "内容": "福永医院【2:診療所】【診療科目:内科_循環器内科_胃腸内科_神経内科_精神科_神経科_心療内科】徳島県徳島市南佐古三番町９－３" }, "geometry": { "type": "Point", "coordinates": [ 134.532995, 34.076319 ] } },
{ "type": "Feature", "properties": { "ID": 3622365112390, "正式名称": "ふくや小児科内科", "機関区分": 2, "都道府県コード": 36, "市区町村コード": 201, "所在地": "徳島県徳島市八万町下福万１４９－９", "緯度": 34.050784, "経度": 134.532598, "url": "https://www.iryou.teikyouseido.mhlw.go.jp/znk-web/juminkanja/S2430/initialize?prefCd=36&kikanCd=2365112390&kikanKbn=2", "url2": null, "内容": "ふくや小児科内科【2:診療所】【診療科目:内科_小児科_皮膚科】徳島県徳島市八万町下福万１４９－９" }, "geometry": { "type": "Point", "coordinates": [ 134.532598, 34.050784 ] } },
{ "type": "Feature", "properties": { "ID": 3622365112420, "正式名称": "藤井医院", "機関区分": 2, "都道府県コード": 36, "市区町村コード": 201, "所在地": "徳島県徳島市住吉一丁目４－３９", "緯度": 34.074815, "経度": 134.564895, "url": "https://www.iryou.teikyouseido.mhlw.go.jp/znk-web/juminkanja/S2430/initialize?prefCd=36&kikanCd=2365112420&kikanKbn=2", "url2": null, "内容": "藤井医院【2:診療所】【診療科目:内科_小児科_放射線科】徳島県徳島市住吉一丁目４－３９" }, "geometry": { "type": "Point", "coordinates": [ 134.564895, 34.074815 ] } },
{ "type": "Feature", "properties": { "ID": 3622365112680, "正式名称": "布村医院", "機関区分": 2, "都道府県コード": 36, "市区町村コード": 201, "所在地": "徳島県徳島市助任本町４－１", "緯度": 34.0811, "経度": 134.558229, "url": "https://www.iryou.teikyouseido.mhlw.go.jp/znk-web/juminkanja/S2430/initialize?prefCd=36&kikanCd=2365112680&kikanKbn=2", "url2": null, "内容": "布村医院【2:診療所】【診療科目:耳鼻いんこう科】徳島県徳島市助任本町４－１" }, "geometry": { "type": "Point", "coordinates": [ 134.558229, 34.0811 ] } },
{ "type": "Feature", "properties": { "ID": 3622365113140, "正式名称": "松田内科", "機関区分": 2, "都道府県コード": 36, "市区町村コード": 201, "所在地": "徳島県徳島市南矢三町三丁目１－３５", "緯度": 34.084652, "経度": 134.523004, "url": "https://www.iryou.teikyouseido.mhlw.go.jp/znk-web/juminkanja/S2430/initialize?prefCd=36&kikanCd=2365113140&kikanKbn=2", "url2": null, "内容": "松田内科【2:診療所】【診療科目:内科_呼吸器内科_循環器内科_消化器内科】徳島県徳島市南矢三町三丁目１－３５" }, "geometry": { "type": "Point", "coordinates": [ 134.523004, 34.084652 ] } },
{ "type": "Feature", "properties": { "ID": 3622365113430, "正式名称": "真鍋医院", "機関区分": 2, "都道府県コード": 36, "市区町村コード": 201, "所在地": "徳島県徳島市下助任町１２－１", "緯度": 34.081704, "経度": 134.553648, "url": "https://www.iryou.teikyouseido.mhlw.go.jp/znk-web/juminkanja/S2430/initialize?prefCd=36&kikanCd=2365113430&kikanKbn=2", "url2": null, "内容": "真鍋医院【2:診療所】【診療科目:内科_循環器内科_消化器内科_小児科_皮膚科_リハビリテーション科】徳島県徳島市下助任町１２－１" }, "geometry": { "type": "Point", "coordinates": [ 134.553648, 34.081704 ] } },
{ "type": "Feature", "properties": { "ID": 3622365113980, "正式名称": "みなと医院", "機関区分": 2, "都道府県コード": 36, "市区町村コード": 201, "所在地": "徳島県徳島市津田本町２－４－１", "緯度": 34.05041, "経度": 134.578539, "url": "https://www.iryou.teikyouseido.mhlw.go.jp/znk-web/juminkanja/S2430/initialize?prefCd=36&kikanCd=2365113980&kikanKbn=2", "url2": null, "内容": "みなと医院【2:診療所】【診療科目:内科_小児科】徳島県徳島市津田本町２－４－１" }, "geometry": { "type": "Point", "coordinates": [ 134.578539, 34.05041 ] } },
{ "type": "Feature", "properties": { "ID": 3622365114310, "正式名称": "宮岡医院", "機関区分": 2, "都道府県コード": 36, "市区町村コード": 201, "所在地": "徳島県徳島市仲之町２丁目３０番地", "緯度": 34.066261, "経度": 134.552546, "url": "https://www.iryou.teikyouseido.mhlw.go.jp/znk-web/juminkanja/S2430/initialize?prefCd=36&kikanCd=2365114310&kikanKbn=2", "url2": null, "内容": "宮岡医院【2:診療所】【診療科目:内科_呼吸器内科】徳島県徳島市仲之町２丁目３０番地" }, "geometry": { "type": "Point", "coordinates": [ 134.552546, 34.066261 ] } },
{ "type": "Feature", "properties": { "ID": 3622365115900, "正式名称": "吉田外科医院", "機関区分": 2, "都道府県コード": 36, "市区町村コード": 201, "所在地": "徳島県徳島市南佐古四番町２－３１", "緯度": 34.075972, "経度": 134.531997, "url": "https://www.iryou.teikyouseido.mhlw.go.jp/znk-web/juminkanja/S2430/initialize?prefCd=36&kikanCd=2365115900&kikanKbn=2", "url2": "https://yoshida-geka.jp", "内容": "吉田外科医院【2:診療所】【診療科目:内科_胃腸内科_外科_肛門外科】徳島県徳島市南佐古四番町２－３１" }, "geometry": { "type": "Point", "coordinates": [ 134.531997, 34.075972 ] } },
{ "type": "Feature", "properties": { "ID": 3622365116200, "正式名称": "もりの医院", "機関区分": 2, "都道府県コード": 36, "市区町村コード": 201, "所在地": "徳島県徳島市昭和町２丁目７１番地", "緯度": 34.064259, "経度": 134.559512, "url": "https://www.iryou.teikyouseido.mhlw.go.jp/znk-web/juminkanja/S2430/initialize?prefCd=36&kikanCd=2365116200&kikanKbn=2", "url2": "http://heartfulcare.jp/morinoiin/", "内容": "もりの医院【2:診療所】【診療科目:消化器内科_神経内科_腫瘍内科_漢方内科_児童精神科_小児心療内科・児童精神科_美容皮膚科_心療内科_リハビリテーション科】徳島県徳島市昭和町２丁目７１番地" }, "geometry": { "type": "Point", "coordinates": [ 134.559512, 34.064259 ] } },
{ "type": "Feature", "properties": { "ID": 3622365117180, "正式名称": "豊田内科", "機関区分": 2, "都道府県コード": 36, "市区町村コード": 201, "所在地": "徳島県徳島市住吉２丁目２－３５", "緯度": 34.078383, "経度": 134.568642, "url": "https://www.iryou.teikyouseido.mhlw.go.jp/znk-web/juminkanja/S2430/initialize?prefCd=36&kikanCd=2365117180&kikanKbn=2", "url2": null, "内容": "豊田内科【2:診療所】【診療科目:内科_呼吸器内科_循環器内科_消化器内科_胃腸内科_小児科_神経科】徳島県徳島市住吉２丁目２－３５" }, "geometry": { "type": "Point", "coordinates": [ 134.568642, 34.078383 ] } },
{ "type": "Feature", "properties": { "ID": 3622365117500, "正式名称": "津田内科", "機関区分": 2, "都道府県コード": 36, "市区町村コード": 201, "所在地": "徳島県徳島市藍場町１丁目３２番地", "緯度": 34.073737, "経度": 134.548238, "url": "https://www.iryou.teikyouseido.mhlw.go.jp/znk-web/juminkanja/S2430/initialize?prefCd=36&kikanCd=2365117500&kikanKbn=2", "url2": null, "内容": "津田内科【2:診療所】【診療科目:内科_呼吸器内科_循環器内科_消化器内科_胃腸内科】徳島県徳島市藍場町１丁目３２番地" }, "geometry": { "type": "Point", "coordinates": [ 134.548238, 34.073737 ] } },
{ "type": "Feature", "properties": { "ID": 3622365118510, "正式名称": "木下ファミリークリニック", "機関区分": 2, "都道府県コード": 36, "市区町村コード": 201, "所在地": "徳島県徳島市昭和町４－２２－８", "緯度": 34.062144, "経度": 134.562086, "url": "https://www.iryou.teikyouseido.mhlw.go.jp/znk-web/juminkanja/S2430/initialize?prefCd=36&kikanCd=2365118510&kikanKbn=2", "url2": "https//www.kinoshita-f.jp/", "内容": "木下ファミリークリニック【2:診療所】【診療科目:内科】徳島県徳島市昭和町４－２２－８" }, "geometry": { "type": "Point", "coordinates": [ 134.562086, 34.062144 ] } },
{ "type": "Feature", "properties": { "ID": 3622365120050, "正式名称": "新居内科", "機関区分": 2, "都道府県コード": 36, "市区町村コード": 201, "所在地": "徳島県徳島市国府町南岩延８１０－１", "緯度": 34.074346, "経度": 134.497097, "url": "https://www.iryou.teikyouseido.mhlw.go.jp/znk-web/juminkanja/S2430/initialize?prefCd=36&kikanCd=2365120050&kikanKbn=2", "url2": null, "内容": "新居内科【2:診療所】【診療科目:内科_呼吸器内科_循環器内科_胃腸内科_小児科_放射線科】徳島県徳島市国府町南岩延８１０－１" }, "geometry": { "type": "Point", "coordinates": [ 134.497097, 34.074346 ] } },
{ "type": "Feature", "properties": { "ID": 3622365120210, "正式名称": "雫耳鼻咽喉科医院", "機関区分": 2, "都道府県コード": 36, "市区町村コード": 201, "所在地": "徳島県徳島市蔵本町２－４５", "緯度": 34.078718, "経度": 134.518833, "url": "https://www.iryou.teikyouseido.mhlw.go.jp/znk-web/juminkanja/S2430/initialize?prefCd=36&kikanCd=2365120210&kikanKbn=2", "url2": null, "内容": "雫耳鼻咽喉科医院【2:診療所】【診療科目:耳鼻いんこう科】徳島県徳島市蔵本町２－４５" }, "geometry": { "type": "Point", "coordinates": [ 134.518833, 34.078718 ] } },
{ "type": "Feature", "properties": { "ID": 3622365120500, "正式名称": "福本ヒフ科", "機関区分": 2, "都道府県コード": 36, "市区町村コード": 201, "所在地": "徳島県徳島市かちどき橋２丁目６０番地", "緯度": 34.061966, "経度": 134.55618, "url": "https://www.iryou.teikyouseido.mhlw.go.jp/znk-web/juminkanja/S2430/initialize?prefCd=36&kikanCd=2365120500&kikanKbn=2", "url2": null, "内容": "福本ヒフ科【2:診療所】【診療科目:皮膚科】徳島県徳島市かちどき橋２丁目６０番地" }, "geometry": { "type": "Point", "coordinates": [ 134.55618, 34.061966 ] } },
{ "type": "Feature", "properties": { "ID": 3622365121190, "正式名称": "石本皮フ科", "機関区分": 2, "都道府県コード": 36, "市区町村コード": 201, "所在地": "徳島県徳島市助任橋１丁目１９", "緯度": 34.077281, "経度": 134.558364, "url": "https://www.iryou.teikyouseido.mhlw.go.jp/znk-web/juminkanja/S2430/initialize?prefCd=36&kikanCd=2365121190&kikanKbn=2", "url2": null, "内容": "石本皮フ科【2:診療所】【診療科目:皮膚科】徳島県徳島市助任橋１丁目１９" }, "geometry": { "type": "Point", "coordinates": [ 134.558364, 34.077281 ] } },
{ "type": "Feature", "properties": { "ID": 3622365121640, "正式名称": "三代内科循環器科", "機関区分": 2, "都道府県コード": 36, "市区町村コード": 201, "所在地": "徳島県徳島市名東町３－３－２", "緯度": 34.058568, "経度": 134.494278, "url": "https://www.iryou.teikyouseido.mhlw.go.jp/znk-web/juminkanja/S2430/initialize?prefCd=36&kikanCd=2365121640&kikanKbn=2", "url2": null, "内容": "三代内科循環器科【2:診療所】【診療科目:内科_循環器内科】徳島県徳島市名東町３－３－２" }, "geometry": { "type": "Point", "coordinates": [ 134.494278, 34.058568 ] } },
{ "type": "Feature", "properties": { "ID": 3622365122360, "正式名称": "橋本内科", "機関区分": 2, "都道府県コード": 36, "市区町村コード": 201, "所在地": "徳島県徳島市津田本町４丁目３－７４－１", "緯度": 34.045628, "経度": 134.577239, "url": "https://www.iryou.teikyouseido.mhlw.go.jp/znk-web/juminkanja/S2430/initialize?prefCd=36&kikanCd=2365122360&kikanKbn=2", "url2": null, "内容": "橋本内科【2:診療所】【診療科目:内科_循環器内科_胃腸内科_小児科_精神科_心療内科】徳島県徳島市津田本町４丁目３－７４－１" }, "geometry": { "type": "Point", "coordinates": [ 134.577239, 34.045628 ] } },
{ "type": "Feature", "properties": { "ID": 3622365122780, "正式名称": "幸地内科小児科", "機関区分": 2, "都道府県コード": 36, "市区町村コード": 201, "所在地": "徳島県徳島市昭和町４丁目２３－１", "緯度": 34.062252, "経度": 134.562003, "url": "https://www.iryou.teikyouseido.mhlw.go.jp/znk-web/juminkanja/S2430/initialize?prefCd=36&kikanCd=2365122780&kikanKbn=2", "url2": "http://kochi03zensok.com/", "内容": "幸地内科小児科【2:診療所】【診療科目:内科_呼吸器内科_小児科_アレルギー科】徳島県徳島市昭和町４丁目２３－１" }, "geometry": { "type": "Point", "coordinates": [ 134.562003, 34.062252 ] } },
{ "type": "Feature", "properties": { "ID": 3622365124250, "正式名称": "三好内科", "機関区分": 2, "都道府県コード": 36, "市区町村コード": 201, "所在地": "徳島県徳島市中吉野町２丁目３９番地", "緯度": 34.085294, "経度": 134.557371, "url": "https://www.iryou.teikyouseido.mhlw.go.jp/znk-web/juminkanja/S2430/initialize?prefCd=36&kikanCd=2365124250&kikanKbn=2", "url2": "http://miyoshinaika.com/", "内容": "三好内科【2:診療所】【診療科目:内科_呼吸器内科_循環器内科_消化器内科_小児科】徳島県徳島市中吉野町２丁目３９番地" }, "geometry": { "type": "Point", "coordinates": [ 134.557371, 34.085294 ] } },
{ "type": "Feature", "properties": { "ID": 3622365124960, "正式名称": "林内科・皮フ科", "機関区分": 2, "都道府県コード": 36, "市区町村コード": 201, "所在地": "徳島県徳島市中昭和町２丁目９４", "緯度": 34.061744, "経度": 134.558605, "url": "https://www.iryou.teikyouseido.mhlw.go.jp/znk-web/juminkanja/S2430/initialize?prefCd=36&kikanCd=2365124960&kikanKbn=2", "url2": "https://hayashikai.or.jp/hayashinaika/", "内容": "林内科・皮フ科【2:診療所】【診療科目:内科_呼吸器内科_循環器内科_胃腸内科_皮膚科_リハビリテーション科】徳島県徳島市中昭和町２丁目９４" }, "geometry": { "type": "Point", "coordinates": [ 134.558605, 34.061744 ] } },
{ "type": "Feature", "properties": { "ID": 3622365125840, "正式名称": "角田医院", "機関区分": 2, "都道府県コード": 36, "市区町村コード": 201, "所在地": "徳島県徳島市上八万町西山６９５番地", "緯度": 34.030932, "経度": 134.491153, "url": "https://www.iryou.teikyouseido.mhlw.go.jp/znk-web/juminkanja/S2430/initialize?prefCd=36&kikanCd=2365125840&kikanKbn=2", "url2": null, "内容": "角田医院【2:診療所】【診療科目:内科_感染症内科_糖尿病内科_脂質代謝内科_呼吸器内科_老年・呼吸器内科_循環器内科_消化器内科_胃腸内科_漢方内科_老年内科_外科_小児科】徳島県徳島市上八万町西山６９５番地" }, "geometry": { "type": "Point", "coordinates": [ 134.491153, 34.030932 ] } },
{ "type": "Feature", "properties": { "ID": 3622365126010, "正式名称": "吉村内科小児科", "機関区分": 2, "都道府県コード": 36, "市区町村コード": 201, "所在地": "徳島県徳島市沖浜２丁目１番地", "緯度": 34.053486, "経度": 134.552876, "url": "https://www.iryou.teikyouseido.mhlw.go.jp/znk-web/juminkanja/S2430/initialize?prefCd=36&kikanCd=2365126010&kikanKbn=2", "url2": null, "内容": "吉村内科小児科【2:診療所】【診療科目:内科_呼吸器内科_循環器内科_胃腸内科_小児科_皮膚科_放射線科】徳島県徳島市沖浜２丁目１番地" }, "geometry": { "type": "Point", "coordinates": [ 134.552876, 34.053486 ] } },
{ "type": "Feature", "properties": { "ID": 3622365126300, "正式名称": "佐川皮膚科", "機関区分": 2, "都道府県コード": 36, "市区町村コード": 201, "所在地": "徳島県徳島市富田橋１丁目２２－２", "緯度": 34.06557, "経度": 134.553627, "url": "https://www.iryou.teikyouseido.mhlw.go.jp/znk-web/juminkanja/S2430/initialize?prefCd=36&kikanCd=2365126300&kikanKbn=2", "url2": null, "内容": "佐川皮膚科【2:診療所】【診療科目:皮膚科】徳島県徳島市富田橋１丁目２２－２" }, "geometry": { "type": "Point", "coordinates": [ 134.553627, 34.06557 ] } },
{ "type": "Feature", "properties": { "ID": 3622365127020, "正式名称": "須見医院", "機関区分": 2, "都道府県コード": 36, "市区町村コード": 341, "所在地": "徳島県名西郡石井町藍畑字高畑１３１１", "緯度": 34.095174, "経度": 134.439611, "url": "https://www.iryou.teikyouseido.mhlw.go.jp/znk-web/juminkanja/S2430/initialize?prefCd=36&kikanCd=2365127020&kikanKbn=2", "url2": null, "内容": "須見医院【2:診療所】【診療科目:内科_循環器内科_小児科_リハビリテーション科】徳島県名西郡石井町藍畑字高畑１３１１" }, "geometry": { "type": "Point", "coordinates": [ 134.439611, 34.095174 ] } },
{ "type": "Feature", "properties": { "ID": 3622365127150, "正式名称": "多田内科クリニック", "機関区分": 2, "都道府県コード": 36, "市区町村コード": 341, "所在地": "徳島県名西郡石井町藍畑字東覚円５１０", "緯度": 34.095796, "経度": 134.437466, "url": "https://www.iryou.teikyouseido.mhlw.go.jp/znk-web/juminkanja/S2430/initialize?prefCd=36&kikanCd=2365127150&kikanKbn=2", "url2": null, "内容": "多田内科クリニック【2:診療所】【診療科目:内科_循環器内科】徳島県名西郡石井町藍畑字東覚円５１０" }, "geometry": { "type": "Point", "coordinates": [ 134.437466, 34.095796 ] } },
{ "type": "Feature", "properties": { "ID": 3622365127570, "正式名称": "阿部内科胃腸科", "機関区分": 2, "都道府県コード": 36, "市区町村コード": 341, "所在地": "徳島県名西郡石井町高川原３７１", "緯度": 34.077803, "経度": 134.438142, "url": "https://www.iryou.teikyouseido.mhlw.go.jp/znk-web/juminkanja/S2430/initialize?prefCd=36&kikanCd=2365127570&kikanKbn=2", "url2": null, "内容": "阿部内科胃腸科【2:診療所】【診療科目:内科_胃腸内科_リハビリテーション科_放射線科】徳島県名西郡石井町高川原３７１" }, "geometry": { "type": "Point", "coordinates": [ 134.438142, 34.077803 ] } },
{ "type": "Feature", "properties": { "ID": 3622365127990, "正式名称": "なかたに産婦人科", "機関区分": 2, "都道府県コード": 36, "市区町村コード": 341, "所在地": "徳島県名西郡石井町石井５５４－７", "緯度": 34.069855, "経度": 134.447886, "url": "https://www.iryou.teikyouseido.mhlw.go.jp/znk-web/juminkanja/S2430/initialize?prefCd=36&kikanCd=2365127990&kikanKbn=2", "url2": "http://www.nakatani1103.com", "内容": "なかたに産婦人科【2:診療所】【診療科目:産婦人科】徳島県名西郡石井町石井５５４－７" }, "geometry": { "type": "Point", "coordinates": [ 134.447886, 34.069855 ] } },
{ "type": "Feature", "properties": { "ID": 3622365128160, "正式名称": "遠藤産婦人科", "機関区分": 2, "都道府県コード": 36, "市区町村コード": 341, "所在地": "徳島県名西郡石井町石井字石井５１３－１", "緯度": 34.069618, "経度": 134.447594, "url": "https://www.iryou.teikyouseido.mhlw.go.jp/znk-web/juminkanja/S2430/initialize?prefCd=36&kikanCd=2365128160&kikanKbn=2", "url2": "https://www.momotaro-endo.jp/", "内容": "遠藤産婦人科【2:診療所】【診療科目:内科_小児科_産婦人科】徳島県名西郡石井町石井字石井５１３－１" }, "geometry": { "type": "Point", "coordinates": [ 134.447594, 34.069618 ] } },
{ "type": "Feature", "properties": { "ID": 3622365128290, "正式名称": "川村医院", "機関区分": 2, "都道府県コード": 36, "市区町村コード": 341, "所在地": "徳島県名西郡石井町浦庄字上浦１５４－４", "緯度": 34.07176, "経度": 134.404217, "url": "https://www.iryou.teikyouseido.mhlw.go.jp/znk-web/juminkanja/S2430/initialize?prefCd=36&kikanCd=2365128290&kikanKbn=2", "url2": "http://www.citydo.com/prf/tokushima/guide/sg/810001760.html", "内容": "川村医院【2:診療所】【診療科目:内科_精神科_心療内科】徳島県名西郡石井町浦庄字上浦１５４－４" }, "geometry": { "type": "Point", "coordinates": [ 134.404217, 34.07176 ] } },
{ "type": "Feature", "properties": { "ID": 3622365128580, "正式名称": "田中医院", "機関区分": 2, "都道府県コード": 36, "市区町村コード": 341, "所在地": "徳島県名西郡石井町浦庄字下浦６８９－１", "緯度": 34.066881, "経度": 134.421158, "url": "https://www.iryou.teikyouseido.mhlw.go.jp/znk-web/juminkanja/S2430/initialize?prefCd=36&kikanCd=2365128580&kikanKbn=2", "url2": "https://tokujikai-tanaka.jp/", "内容": "田中医院【2:診療所】【診療科目:内科_呼吸器内科_循環器内科_胃腸内科_神経内科_小児科_アレルギー科_リハビリテーション科_放射線科】徳島県名西郡石井町浦庄字下浦６８９－１" }, "geometry": { "type": "Point", "coordinates": [ 134.421158, 34.066881 ] } },
{ "type": "Feature", "properties": { "ID": 3622365128610, "正式名称": "遠藤眼科医院", "機関区分": 2, "都道府県コード": 36, "市区町村コード": 341, "所在地": "徳島県名西郡石井町石井字石井４８６－１", "緯度": 34.068196, "経度": 134.447132, "url": "https://www.iryou.teikyouseido.mhlw.go.jp/znk-web/juminkanja/S2430/initialize?prefCd=36&kikanCd=2365128610&kikanKbn=2", "url2": null, "内容": "遠藤眼科医院【2:診療所】【診療科目:眼科】徳島県名西郡石井町石井字石井４８６－１" }, "geometry": { "type": "Point", "coordinates": [ 134.447132, 34.068196 ] } },
{ "type": "Feature", "properties": { "ID": 3622365129170, "正式名称": "神山医院", "機関区分": 2, "都道府県コード": 36, "市区町村コード": 342, "所在地": "徳島県名西郡神山町下分字今井１６３", "緯度": 33.959919, "経度": 134.308317, "url": "https://www.iryou.teikyouseido.mhlw.go.jp/znk-web/juminkanja/S2430/initialize?prefCd=36&kikanCd=2365129170&kikanKbn=2", "url2": null, "内容": "神山医院【2:診療所】【診療科目:内科_外科_整形外科_小児科_リハビリテーション科_放射線科】徳島県名西郡神山町下分字今井１６３" }, "geometry": { "type": "Point", "coordinates": [ 134.308317, 33.959919 ] } },
{ "type": "Feature", "properties": { "ID": 3622365130570, "正式名称": "越智内科胃腸科", "機関区分": 2, "都道府県コード": 36, "市区町村コード": 402, "所在地": "徳島県板野郡北島町鯛浜字原５１－１", "緯度": 34.114444, "経度": 134.556033, "url": "https://www.iryou.teikyouseido.mhlw.go.jp/znk-web/juminkanja/S2430/initialize?prefCd=36&kikanCd=2365130570&kikanKbn=2", "url2": "www.ochi-naikaichouka.com", "内容": "越智内科胃腸科【2:診療所】【診療科目:内科_呼吸器内科_消化器内科_胃腸内科】徳島県板野郡北島町鯛浜字原５１－１" }, "geometry": { "type": "Point", "coordinates": [ 134.556033, 34.114444 ] } },
{ "type": "Feature", "properties": { "ID": 3622365130990, "正式名称": "有住内科クリニック", "機関区分": 2, "都道府県コード": 36, "市区町村コード": 402, "所在地": "徳島県板野郡北島町北村字壱町四反地６９−１", "緯度": 34.133583, "経度": 134.552221, "url": "https://www.iryou.teikyouseido.mhlw.go.jp/znk-web/juminkanja/S2430/initialize?prefCd=36&kikanCd=2365130990&kikanKbn=2", "url2": null, "内容": "有住内科クリニック【2:診療所】【診療科目:内科_呼吸器内科】徳島県板野郡北島町北村字壱町四反地６９−１" }, "geometry": { "type": "Point", "coordinates": [ 134.552221, 34.133583 ] } },
{ "type": "Feature", "properties": { "ID": 3622365131030, "正式名称": "平野内科", "機関区分": 2, "都道府県コード": 36, "市区町村コード": 402, "所在地": "徳島県板野郡北島町鯛浜字川久保１９７－１", "緯度": 34.114585, "経度": 134.550762, "url": "https://www.iryou.teikyouseido.mhlw.go.jp/znk-web/juminkanja/S2430/initialize?prefCd=36&kikanCd=2365131030&kikanKbn=2", "url2": "http://www.tokushima.med.or.jp/itanogun/k-hirano.htm", "内容": "平野内科【2:診療所】【診療科目:内科_呼吸器内科_循環器内科_胃腸内科_小児科】徳島県板野郡北島町鯛浜字川久保１９７－１" }, "geometry": { "type": "Point", "coordinates": [ 134.550762, 34.114585 ] } },
{ "type": "Feature", "properties": { "ID": 3622365131870, "正式名称": "矢野医院", "機関区分": 2, "都道府県コード": 36, "市区町村コード": 403, "所在地": "徳島県板野郡藍住町矢上字西１６０－１０２", "緯度": 34.133192, "経度": 134.491539, "url": "https://www.iryou.teikyouseido.mhlw.go.jp/znk-web/juminkanja/S2430/initialize?prefCd=36&kikanCd=2365131870&kikanKbn=2", "url2": null, "内容": "矢野医院【2:診療所】【診療科目:内科_循環器内科_腎臓内科_皮膚科】徳島県板野郡藍住町矢上字西１６０－１０２" }, "geometry": { "type": "Point", "coordinates": [ 134.491539, 34.133192 ] } },
{ "type": "Feature", "properties": { "ID": 3622365131900, "正式名称": "中川整形外科", "機関区分": 2, "都道府県コード": 36, "市区町村コード": 403, "所在地": "徳島県板野郡藍住町勝瑞字東勝地９５－２", "緯度": 34.132215, "経度": 134.520872, "url": "https://www.iryou.teikyouseido.mhlw.go.jp/znk-web/juminkanja/S2430/initialize?prefCd=36&kikanCd=2365131900&kikanKbn=2", "url2": null, "内容": "中川整形外科【2:診療所】【診療科目:整形外科_リハビリテーション科_放射線科】徳島県板野郡藍住町勝瑞字東勝地９５－２" }, "geometry": { "type": "Point", "coordinates": [ 134.520872, 34.132215 ] } },
{ "type": "Feature", "properties": { "ID": 3622365132620, "正式名称": "小倉診療所", "機関区分": 2, "都道府県コード": 36, "市区町村コード": 201, "所在地": "徳島県徳島市蔵本町２丁目２７", "緯度": 34.078863, "経度": 134.51816, "url": "https://www.iryou.teikyouseido.mhlw.go.jp/znk-web/juminkanja/S2430/initialize?prefCd=36&kikanCd=2365132620&kikanKbn=2", "url2": null, "内容": "小倉診療所【2:診療所】【診療科目:内科_外科_皮膚科_泌尿器科_リハビリテーション科_性病科】徳島県徳島市蔵本町２丁目２７" }, "geometry": { "type": "Point", "coordinates": [ 134.51816, 34.078863 ] } },
{ "type": "Feature", "properties": { "ID": 3622365132750, "正式名称": "上田医院", "機関区分": 2, "都道府県コード": 36, "市区町村コード": 341, "所在地": "徳島県名西郡石井町高原字東高原１８１－２", "緯度": 34.0811, "経度": 134.423218, "url": "https://www.iryou.teikyouseido.mhlw.go.jp/znk-web/juminkanja/S2430/initialize?prefCd=36&kikanCd=2365132750&kikanKbn=2", "url2": "http://www.citydo.com/prf/tokushima/guide/sg/810001080.html", "内容": "上田医院【2:診療所】【診療科目:内科_呼吸器内科_循環器内科_胃腸内科_小児科】徳島県名西郡石井町高原字東高原１８１－２" }, "geometry": { "type": "Point", "coordinates": [ 134.423218, 34.0811 ] } },
{ "type": "Feature", "properties": { "ID": 3622365132880, "正式名称": "安芸内科", "機関区分": 2, "都道府県コード": 36, "市区町村コード": 403, "所在地": "徳島県板野郡藍住町奥野字和田１１７ー６", "緯度": 34.12193, "経度": 134.494414, "url": "https://www.iryou.teikyouseido.mhlw.go.jp/znk-web/juminkanja/S2430/initialize?prefCd=36&kikanCd=2365132880&kikanKbn=2", "url2": null, "内容": "安芸内科【2:診療所】【診療科目:内科_糖尿病内科_放射線科】徳島県板野郡藍住町奥野字和田１１７ー６" }, "geometry": { "type": "Point", "coordinates": [ 134.494414, 34.12193 ] } },
{ "type": "Feature", "properties": { "ID": 3622365133050, "正式名称": "西條内科耳鼻科", "機関区分": 2, "都道府県コード": 36, "市区町村コード": 403, "所在地": "徳島県板野郡藍住町東中富字朏傍示２２－７", "緯度": 34.128965, "経度": 134.475896, "url": "https://www.iryou.teikyouseido.mhlw.go.jp/znk-web/juminkanja/S2430/initialize?prefCd=36&kikanCd=2365133050&kikanKbn=2", "url2": null, "内容": "西條内科耳鼻科【2:診療所】【診療科目:内科_呼吸器内科_耳鼻いんこう科】徳島県板野郡藍住町東中富字朏傍示２２－７" }, "geometry": { "type": "Point", "coordinates": [ 134.475896, 34.128965 ] } },
{ "type": "Feature", "properties": { "ID": 3622365133470, "正式名称": "清水内科", "機関区分": 2, "都道府県コード": 36, "市区町村コード": 403, "所在地": "徳島県板野郡藍住町奥野字和田７１番地１３", "緯度": 34.121082, "経度": 134.494071, "url": "https://www.iryou.teikyouseido.mhlw.go.jp/znk-web/juminkanja/S2430/initialize?prefCd=36&kikanCd=2365133470&kikanKbn=2", "url2": "http://www.seijyukai-med.jp/", "内容": "清水内科【2:診療所】【診療科目:内科_呼吸器内科_循環器内科_消化器内科_小児科_リハビリテーション科】徳島県板野郡藍住町奥野字和田７１番地１３" }, "geometry": { "type": "Point", "coordinates": [ 134.494071, 34.121082 ] } },
{ "type": "Feature", "properties": { "ID": 3622365133500, "正式名称": "徳島県赤十字血液センター徳島駅前出張所", "機関区分": 2, "都道府県コード": 36, "市区町村コード": 201, "所在地": "徳島県徳島市元町１－２４", "緯度": 34.073502, "経度": 134.549185, "url": "https://www.iryou.teikyouseido.mhlw.go.jp/znk-web/juminkanja/S2430/initialize?prefCd=36&kikanCd=2365133500&kikanKbn=2", "url2": null, "内容": "徳島県赤十字血液センター徳島駅前出張所【2:診療所】【診療科目:内科】徳島県徳島市元町１－２４" }, "geometry": { "type": "Point", "coordinates": [ 134.549185, 34.073502 ] } },
{ "type": "Feature", "properties": { "ID": 3622365133920, "正式名称": "伊勢内科小児科", "機関区分": 2, "都道府県コード": 36, "市区町村コード": 341, "所在地": "徳島県名西郡石井町石井字石井７２６－７", "緯度": 34.069488, "経度": 134.453618, "url": "https://www.iryou.teikyouseido.mhlw.go.jp/znk-web/juminkanja/S2430/initialize?prefCd=36&kikanCd=2365133920&kikanKbn=2", "url2": "https://www.ise-clinic.com/", "内容": "伊勢内科小児科【2:診療所】【診療科目:内科_呼吸器内科_循環器内科_胃腸内科_神経内科_小児科】徳島県名西郡石井町石井字石井７２６－７" }, "geometry": { "type": "Point", "coordinates": [ 134.453618, 34.069488 ] } },
{ "type": "Feature", "properties": { "ID": 3622365134480, "正式名称": "島田内科", "機関区分": 2, "都道府県コード": 36, "市区町村コード": 201, "所在地": "徳島県徳島市川内町平石若宮１１４－１", "緯度": 34.105309, "経度": 134.580092, "url": "https://www.iryou.teikyouseido.mhlw.go.jp/znk-web/juminkanja/S2430/initialize?prefCd=36&kikanCd=2365134480&kikanKbn=2", "url2": null, "内容": "島田内科【2:診療所】【診療科目:内科_呼吸器内科_循環器内科_消化器内科_小児科_アレルギー科】徳島県徳島市川内町平石若宮１１４－１" }, "geometry": { "type": "Point", "coordinates": [ 134.580092, 34.105309 ] } },
{ "type": "Feature", "properties": { "ID": 3622365134510, "正式名称": "佐々木外科内科", "機関区分": 2, "都道府県コード": 36, "市区町村コード": 342, "所在地": "徳島県名西郡神山町神領字東野間１１２－２", "緯度": 33.967339, "経度": 134.352544, "url": "https://www.iryou.teikyouseido.mhlw.go.jp/znk-web/juminkanja/S2430/initialize?prefCd=36&kikanCd=2365134510&kikanKbn=2", "url2": null, "内容": "佐々木外科内科【2:診療所】【診療科目:内科_呼吸器内科_循環器内科_外科_整形外科_小児科】徳島県名西郡神山町神領字東野間１１２－２" }, "geometry": { "type": "Point", "coordinates": [ 134.352544, 33.967339 ] } },
{ "type": "Feature", "properties": { "ID": 3622365135360, "正式名称": "北前川診療所", "機関区分": 2, "都道府県コード": 36, "市区町村コード": 201, "所在地": "徳島県徳島市北前川町３丁目１７－２", "緯度": 34.081228, "経度": 134.553259, "url": "https://www.iryou.teikyouseido.mhlw.go.jp/znk-web/juminkanja/S2430/initialize?prefCd=36&kikanCd=2365135360&kikanKbn=2", "url2": null, "内容": "北前川診療所【2:診療所】【診療科目:内科_循環器内科_胃腸内科_小児科】徳島県徳島市北前川町３丁目１７－２" }, "geometry": { "type": "Point", "coordinates": [ 134.553259, 34.081228 ] } },
{ "type": "Feature", "properties": { "ID": 3622365135940, "正式名称": "じぞうばし内科外科", "機関区分": 2, "都道府県コード": 36, "市区町村コード": 201, "所在地": "徳島県徳島市西須賀町下中須１３－２", "緯度": 34.028229, "経度": 134.549904, "url": "https://www.iryou.teikyouseido.mhlw.go.jp/znk-web/juminkanja/S2430/initialize?prefCd=36&kikanCd=2365135940&kikanKbn=2", "url2": "http://jizoubashi.com", "内容": "じぞうばし内科外科【2:診療所】【診療科目:内科_呼吸器内科_循環器内科_消化器内科_外科_アレルギー科_リウマチ科】徳島県徳島市西須賀町下中須１３－２" }, "geometry": { "type": "Point", "coordinates": [ 134.549904, 34.028229 ] } },
{ "type": "Feature", "properties": { "ID": 3622365136080, "正式名称": "村田整形外科医院", "機関区分": 2, "都道府県コード": 36, "市区町村コード": 201, "所在地": "徳島県徳島市鮎喰町２丁目９６－３", "緯度": 34.072473, "経度": 134.502193, "url": "https://www.iryou.teikyouseido.mhlw.go.jp/znk-web/juminkanja/S2430/initialize?prefCd=36&kikanCd=2365136080&kikanKbn=2", "url2": null, "内容": "村田整形外科医院【2:診療所】【診療科目:内科_整形外科_リハビリテーション科_麻酔科】徳島県徳島市鮎喰町２丁目９６－３" }, "geometry": { "type": "Point", "coordinates": [ 134.502193, 34.072473 ] } },
{ "type": "Feature", "properties": { "ID": 3622365136660, "正式名称": "徳島クリニック", "機関区分": 2, "都道府県コード": 36, "市区町村コード": 201, "所在地": "徳島県徳島市昭和町１丁目１６番地", "緯度": 34.064945, "経度": 134.558136, "url": "https://www.iryou.teikyouseido.mhlw.go.jp/znk-web/juminkanja/S2430/initialize?prefCd=36&kikanCd=2365136660&kikanKbn=2", "url2": "http://www.tokushimaclinic.or.jp", "内容": "徳島クリニック【2:診療所】【診療科目:内科_呼吸器内科_循環器内科_消化器内科_小児科_婦人科_眼科_耳鼻いんこう科_放射線科】徳島県徳島市昭和町１丁目１６番地" }, "geometry": { "type": "Point", "coordinates": [ 134.558136, 34.064945 ] } },
{ "type": "Feature", "properties": { "ID": 3622365136790, "正式名称": "山田眼科藍住", "機関区分": 2, "都道府県コード": 36, "市区町村コード": 403, "所在地": "徳島県板野郡藍住町奥野字矢上前５３－２", "緯度": 34.127255, "経度": 134.494852, "url": "https://www.iryou.teikyouseido.mhlw.go.jp/znk-web/juminkanja/S2430/initialize?prefCd=36&kikanCd=2365136790&kikanKbn=2", "url2": "https://www.yamada-eyeclinic-aizumi.com/", "内容": "山田眼科藍住【2:診療所】【診療科目:眼科】徳島県板野郡藍住町奥野字矢上前５３－２" }, "geometry": { "type": "Point", "coordinates": [ 134.494852, 34.127255 ] } },
{ "type": "Feature", "properties": { "ID": 3622365136820, "正式名称": "森本医院", "機関区分": 2, "都道府県コード": 36, "市区町村コード": 403, "所在地": "徳島県板野郡藍住町勝瑞字成長６２番地", "緯度": 34.128836, "経度": 134.51853, "url": "https://www.iryou.teikyouseido.mhlw.go.jp/znk-web/juminkanja/S2430/initialize?prefCd=36&kikanCd=2365136820&kikanKbn=2", "url2": null, "内容": "森本医院【2:診療所】【診療科目:内科_小児科_リハビリテーション科】徳島県板野郡藍住町勝瑞字成長６２番地" }, "geometry": { "type": "Point", "coordinates": [ 134.51853, 34.128836 ] } },
{ "type": "Feature", "properties": { "ID": 3622365137120, "正式名称": "山根眼科", "機関区分": 2, "都道府県コード": 36, "市区町村コード": 403, "所在地": "徳島県板野郡藍住町奥野字乾２－１", "緯度": 34.131274, "経度": 134.490895, "url": "https://www.iryou.teikyouseido.mhlw.go.jp/znk-web/juminkanja/S2430/initialize?prefCd=36&kikanCd=2365137120&kikanKbn=2", "url2": null, "内容": "山根眼科【2:診療所】【診療科目:眼科】徳島県板野郡藍住町奥野字乾２－１" }, "geometry": { "type": "Point", "coordinates": [ 134.490895, 34.131274 ] } },
{ "type": "Feature", "properties": { "ID": 3622365137250, "正式名称": "冨田内科胃腸科クリニック", "機関区分": 2, "都道府県コード": 36, "市区町村コード": 201, "所在地": "徳島県徳島市南田宮一丁目３－５０", "緯度": 34.086485, "経度": 134.545376, "url": "https://www.iryou.teikyouseido.mhlw.go.jp/znk-web/juminkanja/S2430/initialize?prefCd=36&kikanCd=2365137250&kikanKbn=2", "url2": "https://www.tomitanaika-ityou.com", "内容": "冨田内科胃腸科クリニック【2:診療所】【診療科目:内科_消化器内科_胃腸内科_小児科】徳島県徳島市南田宮一丁目３－５０" }, "geometry": { "type": "Point", "coordinates": [ 134.545376, 34.086485 ] } },
{ "type": "Feature", "properties": { "ID": 3622365137960, "正式名称": "和田内科循環器科", "機関区分": 2, "都道府県コード": 36, "市区町村コード": 201, "所在地": "徳島県徳島市富田橋５丁目３０番地の２", "緯度": 34.060304, "経度": 134.550274, "url": "https://www.iryou.teikyouseido.mhlw.go.jp/znk-web/juminkanja/S2430/initialize?prefCd=36&kikanCd=2365137960&kikanKbn=2", "url2": null, "内容": "和田内科循環器科【2:診療所】【診療科目:内科_循環器内科_胃腸内科_小児科】徳島県徳島市富田橋５丁目３０番地の２" }, "geometry": { "type": "Point", "coordinates": [ 134.550274, 34.060304 ] } },
{ "type": "Feature", "properties": { "ID": 3622365138680, "正式名称": "中井医院", "機関区分": 2, "都道府県コード": 36, "市区町村コード": 201, "所在地": "徳島県徳島市南二軒屋町１丁目２－８", "緯度": 34.055433, "経度": 134.545698, "url": "https://www.iryou.teikyouseido.mhlw.go.jp/znk-web/juminkanja/S2430/initialize?prefCd=36&kikanCd=2365138680&kikanKbn=2", "url2": null, "内容": "中井医院【2:診療所】【診療科目:内科_耳鼻いんこう科】徳島県徳島市南二軒屋町１丁目２－８" }, "geometry": { "type": "Point", "coordinates": [ 134.545698, 34.055433 ] } },
{ "type": "Feature", "properties": { "ID": 3622365139010, "正式名称": "あいずみ皮ふ科", "機関区分": 2, "都道府県コード": 36, "市区町村コード": 403, "所在地": "徳島県板野郡藍住町矢上字西４７－７", "緯度": 34.133794, "経度": 134.4966, "url": "https://www.iryou.teikyouseido.mhlw.go.jp/znk-web/juminkanja/S2430/initialize?prefCd=36&kikanCd=2365139010&kikanKbn=2", "url2": "https://aizumihifuka.jp", "内容": "あいずみ皮ふ科【2:診療所】【診療科目:皮膚科】徳島県板野郡藍住町矢上字西４７－７" }, "geometry": { "type": "Point", "coordinates": [ 134.4966, 34.133794 ] } },
{ "type": "Feature", "properties": { "ID": 3622365139270, "正式名称": "祖川産婦人科クリニック", "機関区分": 2, "都道府県コード": 36, "市区町村コード": 201, "所在地": "徳島県徳島市北田宮三丁目５－６５", "緯度": 34.088128, "経度": 134.538875, "url": "https://www.iryou.teikyouseido.mhlw.go.jp/znk-web/juminkanja/S2430/initialize?prefCd=36&kikanCd=2365139270&kikanKbn=2", "url2": "http://www.sogawa.jp", "内容": "祖川産婦人科クリニック【2:診療所】【診療科目:小児科_産婦人科】徳島県徳島市北田宮三丁目５－６５" }, "geometry": { "type": "Point", "coordinates": [ 134.538875, 34.088128 ] } },
{ "type": "Feature", "properties": { "ID": 3622365139560, "正式名称": "田中医院", "機関区分": 2, "都道府県コード": 36, "市区町村コード": 201, "所在地": "徳島県徳島市中前川町４丁目２３－１", "緯度": 34.080398, "経度": 134.550033, "url": "https://www.iryou.teikyouseido.mhlw.go.jp/znk-web/juminkanja/S2430/initialize?prefCd=36&kikanCd=2365139560&kikanKbn=2", "url2": null, "内容": "田中医院【2:診療所】【診療科目:眼科_耳鼻いんこう科】徳島県徳島市中前川町４丁目２３－１" }, "geometry": { "type": "Point", "coordinates": [ 134.550033, 34.080398 ] } },
{ "type": "Feature", "properties": { "ID": 3622365139690, "正式名称": "新居内科", "機関区分": 2, "都道府県コード": 36, "市区町村コード": 402, "所在地": "徳島県板野郡北島町高房字八丁野東８－１", "緯度": 34.129355, "経度": 134.54205, "url": "https://www.iryou.teikyouseido.mhlw.go.jp/znk-web/juminkanja/S2430/initialize?prefCd=36&kikanCd=2365139690&kikanKbn=2", "url2": "http://www.netwave.or.jp/~nii-h/", "内容": "新居内科【2:診療所】【診療科目:内科_呼吸器内科_循環器内科_消化器内科_小児科】徳島県板野郡北島町高房字八丁野東８－１" }, "geometry": { "type": "Point", "coordinates": [ 134.54205, 34.129355 ] } },
{ "type": "Feature", "properties": { "ID": 3622365139850, "正式名称": "奥村医院", "機関区分": 2, "都道府県コード": 36, "市区町村コード": 403, "所在地": "徳島県板野郡藍住町徳命前須西１６６－１", "緯度": 34.115757, "経度": 134.482827, "url": "https://www.iryou.teikyouseido.mhlw.go.jp/znk-web/juminkanja/S2430/initialize?prefCd=36&kikanCd=2365139850&kikanKbn=2", "url2": "https://okumuraiin.com", "内容": "奥村医院【2:診療所】【診療科目:内科_小児科_リハビリテーション科】徳島県板野郡藍住町徳命前須西１６６－１" }, "geometry": { "type": "Point", "coordinates": [ 134.482827, 34.115757 ] } },
{ "type": "Feature", "properties": { "ID": 3622365139980, "正式名称": "新田整形外科", "機関区分": 2, "都道府県コード": 36, "市区町村コード": 201, "所在地": "徳島県徳島市八万町弐丈１０６－５４", "緯度": 34.047664, "経度": 134.542887, "url": "https://www.iryou.teikyouseido.mhlw.go.jp/znk-web/juminkanja/S2430/initialize?prefCd=36&kikanCd=2365139980&kikanKbn=2", "url2": null, "内容": "新田整形外科【2:診療所】【診療科目:内科_外科_整形外科_リウマチ科_リハビリテーション科】徳島県徳島市八万町弐丈１０６－５４" }, "geometry": { "type": "Point", "coordinates": [ 134.542887, 34.047664 ] } },
{ "type": "Feature", "properties": { "ID": 3622365140120, "正式名称": "麻野皮膚科", "機関区分": 2, "都道府県コード": 36, "市区町村コード": 341, "所在地": "徳島県名西郡石井町石井字石井５４０番地の３", "緯度": 34.070276, "経度": 134.449739, "url": "https://www.iryou.teikyouseido.mhlw.go.jp/znk-web/juminkanja/S2430/initialize?prefCd=36&kikanCd=2365140120&kikanKbn=2", "url2": null, "内容": "麻野皮膚科【2:診療所】【診療科目:皮膚科】徳島県名西郡石井町石井字石井５４０番地の３" }, "geometry": { "type": "Point", "coordinates": [ 134.449739, 34.070276 ] } },
{ "type": "Feature", "properties": { "ID": 3622365140250, "正式名称": "富本小児科内科", "機関区分": 2, "都道府県コード": 36, "市区町村コード": 403, "所在地": "徳島県板野郡藍住町東中富字東傍示１－３", "緯度": 34.123511, "経度": 134.477345, "url": "https://www.iryou.teikyouseido.mhlw.go.jp/znk-web/juminkanja/S2430/initialize?prefCd=36&kikanCd=2365140250&kikanKbn=2", "url2": "https://www.tomimoto-shounika-naika.com/", "内容": "富本小児科内科【2:診療所】【診療科目:内科_小児科】徳島県板野郡藍住町東中富字東傍示１－３" }, "geometry": { "type": "Point", "coordinates": [ 134.477345, 34.123511 ] } },
{ "type": "Feature", "properties": { "ID": 3622365140410, "正式名称": "宇高耳鼻咽喉科医院", "機関区分": 2, "都道府県コード": 36, "市区町村コード": 341, "所在地": "徳島県名西郡石井町石井字石井６３５－２９", "緯度": 34.070809, "経度": 134.453688, "url": "https://www.iryou.teikyouseido.mhlw.go.jp/znk-web/juminkanja/S2430/initialize?prefCd=36&kikanCd=2365140410&kikanKbn=2", "url2": null, "内容": "宇高耳鼻咽喉科医院【2:診療所】【診療科目:耳鼻いんこう科】徳島県名西郡石井町石井字石井６３５－２９" }, "geometry": { "type": "Point", "coordinates": [ 134.453688, 34.070809 ] } },
{ "type": "Feature", "properties": { "ID": 3622365140540, "正式名称": "藤本クリニック", "機関区分": 2, "都道府県コード": 36, "市区町村コード": 402, "所在地": "徳島県板野郡北島町鯛浜字西中野９９－２", "緯度": 34.118591, "経度": 134.547833, "url": "https://www.iryou.teikyouseido.mhlw.go.jp/znk-web/juminkanja/S2430/initialize?prefCd=36&kikanCd=2365140540&kikanKbn=2", "url2": null, "内容": "藤本クリニック【2:診療所】【診療科目:皮膚科_美容皮膚科】徳島県板野郡北島町鯛浜字西中野９９－２" }, "geometry": { "type": "Point", "coordinates": [ 134.547833, 34.118591 ] } },
{ "type": "Feature", "properties": { "ID": 3622365140700, "正式名称": "清家医院", "機関区分": 2, "都道府県コード": 36, "市区町村コード": 201, "所在地": "徳島県徳島市上八万町下中筋９０番地１", "緯度": 34.037378, "経度": 134.512868, "url": "https://www.iryou.teikyouseido.mhlw.go.jp/znk-web/juminkanja/S2430/initialize?prefCd=36&kikanCd=2365140700&kikanKbn=2", "url2": null, "内容": "清家医院【2:診療所】【診療科目:内科_胃腸内科_外科_肛門外科_整形外科_小児外科_リハビリテーション科】徳島県徳島市上八万町下中筋９０番地１" }, "geometry": { "type": "Point", "coordinates": [ 134.512868, 34.037378 ] } },
{ "type": "Feature", "properties": { "ID": 3622365140830, "正式名称": "喜多美容形成外科", "機関区分": 2, "都道府県コード": 36, "市区町村コード": 201, "所在地": "徳島県徳島市東山手町３－５", "緯度": 34.067903, "経度": 134.546481, "url": "https://www.iryou.teikyouseido.mhlw.go.jp/znk-web/juminkanja/S2430/initialize?prefCd=36&kikanCd=2365140830&kikanKbn=2", "url2": "http://www.7b,biglobe.ne.jp", "内容": "喜多美容形成外科【2:診療所】【診療科目:形成外科_美容外科_皮膚科_泌尿器科】徳島県徳島市東山手町３－５" }, "geometry": { "type": "Point", "coordinates": [ 134.546481, 34.067903 ] } },
{ "type": "Feature", "properties": { "ID": 3622365140960, "正式名称": "岩佐整形外科", "機関区分": 2, "都道府県コード": 36, "市区町村コード": 201, "所在地": "徳島県徳島市南矢三町１丁目８－１", "緯度": 34.083135, "経度": 134.530034, "url": "https://www.iryou.teikyouseido.mhlw.go.jp/znk-web/juminkanja/S2430/initialize?prefCd=36&kikanCd=2365140960&kikanKbn=2", "url2": null, "内容": "岩佐整形外科【2:診療所】【診療科目:内科_整形外科_リウマチ科_リハビリテーション科】徳島県徳島市南矢三町１丁目８－１" }, "geometry": { "type": "Point", "coordinates": [ 134.530034, 34.083135 ] } },
{ "type": "Feature", "properties": { "ID": 3622365141130, "正式名称": "大塚外科内科", "機関区分": 2, "都道府県コード": 36, "市区町村コード": 201, "所在地": "徳島県徳島市川内町平石住吉３１７－４", "緯度": 34.112169, "経度": 134.578389, "url": "https://www.iryou.teikyouseido.mhlw.go.jp/znk-web/juminkanja/S2430/initialize?prefCd=36&kikanCd=2365141130&kikanKbn=2", "url2": "http://www.otuka-cl.com/", "内容": "大塚外科内科【2:診療所】【診療科目:内科_消化器内科_外科_肛門外科_整形外科_リハビリテーション科】徳島県徳島市川内町平石住吉３１７－４" }, "geometry": { "type": "Point", "coordinates": [ 134.578389, 34.112169 ] } },
{ "type": "Feature", "properties": { "ID": 3622365141260, "正式名称": "田根内科", "機関区分": 2, "都道府県コード": 36, "市区町村コード": 402, "所在地": "徳島県板野郡北島町江尻字松堂４５ー１", "緯度": 34.122961, "経度": 134.549088, "url": "https://www.iryou.teikyouseido.mhlw.go.jp/znk-web/juminkanja/S2430/initialize?prefCd=36&kikanCd=2365141260&kikanKbn=2", "url2": "www.tanenaika.com", "内容": "田根内科【2:診療所】【診療科目:内科_小児科】徳島県板野郡北島町江尻字松堂４５ー１" }, "geometry": { "type": "Point", "coordinates": [ 134.549088, 34.122961 ] } },
{ "type": "Feature", "properties": { "ID": 3622365141390, "正式名称": "にしたに皮ふ科", "機関区分": 2, "都道府県コード": 36, "市区町村コード": 201, "所在地": "徳島県徳島市津田西町２丁目１の１９", "緯度": 34.049104, "経度": 134.576297, "url": "https://www.iryou.teikyouseido.mhlw.go.jp/znk-web/juminkanja/S2430/initialize?prefCd=36&kikanCd=2365141390&kikanKbn=2", "url2": null, "内容": "にしたに皮ふ科【2:診療所】【診療科目:皮膚科_性病科】徳島県徳島市津田西町２丁目１の１９" }, "geometry": { "type": "Point", "coordinates": [ 134.576297, 34.049104 ] } },
{ "type": "Feature", "properties": { "ID": 3622365141420, "正式名称": "香川内科", "機関区分": 2, "都道府県コード": 36, "市区町村コード": 403, "所在地": "徳島県板野郡藍住町住吉字神蔵１５８－１", "緯度": 34.123653, "経度": 134.507053, "url": "https://www.iryou.teikyouseido.mhlw.go.jp/znk-web/juminkanja/S2430/initialize?prefCd=36&kikanCd=2365141420&kikanKbn=2", "url2": null, "内容": "香川内科【2:診療所】【診療科目:内科_呼吸器内科_循環器内科_消化器内科_小児科_リハビリテーション科】徳島県板野郡藍住町住吉字神蔵１５８－１" }, "geometry": { "type": "Point", "coordinates": [ 134.507053, 34.123653 ] } },
{ "type": "Feature", "properties": { "ID": 3622365141550, "正式名称": "城北眼科医院", "機関区分": 2, "都道府県コード": 36, "市区町村コード": 201, "所在地": "徳島県徳島市南田宮４－８－１６", "緯度": 34.083623, "経度": 134.534401, "url": "https://www.iryou.teikyouseido.mhlw.go.jp/znk-web/juminkanja/S2430/initialize?prefCd=36&kikanCd=2365141550&kikanKbn=2", "url2": null, "内容": "城北眼科医院【2:診療所】【診療科目:眼科】徳島県徳島市南田宮４－８－１６" }, "geometry": { "type": "Point", "coordinates": [ 134.534401, 34.083623 ] } },
{ "type": "Feature", "properties": { "ID": 3622365141680, "正式名称": "中山産婦人科・小児科", "機関区分": 2, "都道府県コード": 36, "市区町村コード": 403, "所在地": "徳島県板野郡藍住町東中富字長江傍示５－６", "緯度": 34.12863, "経度": 134.481867, "url": "https://www.iryou.teikyouseido.mhlw.go.jp/znk-web/juminkanja/S2430/initialize?prefCd=36&kikanCd=2365141680&kikanKbn=2", "url2": "https://www.nakayamaobgyn.jp/", "内容": "中山産婦人科・小児科【2:診療所】【診療科目:小児科_産科_婦人科】徳島県板野郡藍住町東中富字長江傍示５－６" }, "geometry": { "type": "Point", "coordinates": [ 134.481867, 34.12863 ] } },
{ "type": "Feature", "properties": { "ID": 3622365142010, "正式名称": "原田医院", "機関区分": 2, "都道府県コード": 36, "市区町村コード": 201, "所在地": "徳島県徳島市南前川町４－４８", "緯度": 34.079856, "経度": 134.548616, "url": "https://www.iryou.teikyouseido.mhlw.go.jp/znk-web/juminkanja/S2430/initialize?prefCd=36&kikanCd=2365142010&kikanKbn=2", "url2": "http://harada-cl.jp//", "内容": "原田医院【2:診療所】【診療科目:内科_糖尿病・内分泌内科_呼吸器内科_循環器内科_消化器内科_小児科】徳島県徳島市南前川町４－４８" }, "geometry": { "type": "Point", "coordinates": [ 134.548616, 34.079856 ] } },
{ "type": "Feature", "properties": { "ID": 3622365142140, "正式名称": "冨岡医院", "機関区分": 2, "都道府県コード": 36, "市区町村コード": 201, "所在地": "徳島県徳島市国府町日開９７３の１", "緯度": 34.082593, "経度": 134.476862, "url": "https://www.iryou.teikyouseido.mhlw.go.jp/znk-web/juminkanja/S2430/initialize?prefCd=36&kikanCd=2365142140&kikanKbn=2", "url2": null, "内容": "冨岡医院【2:診療所】【診療科目:内科_小児科_婦人科_リハビリテーション科】徳島県徳島市国府町日開９７３の１" }, "geometry": { "type": "Point", "coordinates": [ 134.476862, 34.082593 ] } },
{ "type": "Feature", "properties": { "ID": 3622365142560, "正式名称": "中山内科医院", "機関区分": 2, "都道府県コード": 36, "市区町村コード": 201, "所在地": "徳島県徳島市佐古一番町８番７号", "緯度": 34.076999, "経度": 134.540237, "url": "https://www.iryou.teikyouseido.mhlw.go.jp/znk-web/juminkanja/S2430/initialize?prefCd=36&kikanCd=2365142560&kikanKbn=2", "url2": null, "内容": "中山内科医院【2:診療所】【診療科目:内科_呼吸器内科_循環器内科_消化器内科】徳島県徳島市佐古一番町８番７号" }, "geometry": { "type": "Point", "coordinates": [ 134.540237, 34.076999 ] } },
{ "type": "Feature", "properties": { "ID": 3622365142980, "正式名称": "橋口内科クリニック", "機関区分": 2, "都道府県コード": 36, "市区町村コード": 201, "所在地": "徳島県徳島市富田橋１丁目３０", "緯度": 34.064499, "経度": 134.553294, "url": "https://www.iryou.teikyouseido.mhlw.go.jp/znk-web/juminkanja/S2430/initialize?prefCd=36&kikanCd=2365142980&kikanKbn=2", "url2": null, "内容": "橋口内科クリニック【2:診療所】【診療科目:内科_呼吸器内科_循環器内科_消化器内科_胃腸内科_小児科_リハビリテーション科_放射線科】徳島県徳島市富田橋１丁目３０" }, "geometry": { "type": "Point", "coordinates": [ 134.553294, 34.064499 ] } },
{ "type": "Feature", "properties": { "ID": 3622365143020, "正式名称": "尾崎医院", "機関区分": 2, "都道府県コード": 36, "市区町村コード": 341, "所在地": "徳島県名西郡石井町高川原字加茂野３１８－８", "緯度": 34.083197, "経度": 134.456348, "url": "https://www.iryou.teikyouseido.mhlw.go.jp/znk-web/juminkanja/S2430/initialize?prefCd=36&kikanCd=2365143020&kikanKbn=2", "url2": "https://ozakimedicalclinic.jimdofree.com", "内容": "尾崎医院【2:診療所】【診療科目:内科_呼吸器内科_消化器内科_小児科_アレルギー科_リハビリテーション科】徳島県名西郡石井町高川原字加茂野３１８－８" }, "geometry": { "type": "Point", "coordinates": [ 134.456348, 34.083197 ] } },
{ "type": "Feature", "properties": { "ID": 3622365143310, "正式名称": "おかがわ内科・小児科", "機関区分": 2, "都道府県コード": 36, "市区町村コード": 201, "所在地": "徳島県徳島市住吉１丁目１０番１９号", "緯度": 34.072906, "経度": 134.563272, "url": "https://www.iryou.teikyouseido.mhlw.go.jp/znk-web/juminkanja/S2430/initialize?prefCd=36&kikanCd=2365143310&kikanKbn=2", "url2": "https://www.okagawa-g.com/okagawanaika/", "内容": "おかがわ内科・小児科【2:診療所】【診療科目:内科_呼吸器内科_循環器内科_消化器内科_神経内科_小児科_リハビリテーション科_放射線科】徳島県徳島市住吉１丁目１０番１９号" }, "geometry": { "type": "Point", "coordinates": [ 134.563272, 34.072906 ] } },
{ "type": "Feature", "properties": { "ID": 3622365144160, "正式名称": "浅井内科外科医院", "機関区分": 2, "都道府県コード": 36, "市区町村コード": 201, "所在地": "徳島県徳島市佐古一番町３ー８", "緯度": 34.076354, "経度": 134.540044, "url": "https://www.iryou.teikyouseido.mhlw.go.jp/znk-web/juminkanja/S2430/initialize?prefCd=36&kikanCd=2365144160&kikanKbn=2", "url2": null, "内容": "浅井内科外科医院【2:診療所】【診療科目:内科_呼吸器内科_循環器内科_消化器内科_外科_肛門外科_リハビリテーション科_麻酔科】徳島県徳島市佐古一番町３ー８" }, "geometry": { "type": "Point", "coordinates": [ 134.540044, 34.076354 ] } },
{ "type": "Feature", "properties": { "ID": 3622365144290, "正式名称": "兼松眼科", "機関区分": 2, "都道府県コード": 36, "市区町村コード": 201, "所在地": "徳島県徳島市西須賀町下中須８５－５", "緯度": 34.033003, "経度": 134.546149, "url": "https://www.iryou.teikyouseido.mhlw.go.jp/znk-web/juminkanja/S2430/initialize?prefCd=36&kikanCd=2365144290&kikanKbn=2", "url2": null, "内容": "兼松眼科【2:診療所】【診療科目:眼科】徳島県徳島市西須賀町下中須８５－５" }, "geometry": { "type": "Point", "coordinates": [ 134.546149, 34.033003 ] } },
{ "type": "Feature", "properties": { "ID": 3622365144320, "正式名称": "ふじおか小児クリニック", "機関区分": 2, "都道府県コード": 36, "市区町村コード": 201, "所在地": "徳島県徳島市昭和町８丁目７０番地３", "緯度": 34.055987, "経度": 134.569707, "url": "https://www.iryou.teikyouseido.mhlw.go.jp/znk-web/juminkanja/S2430/initialize?prefCd=36&kikanCd=2365144320&kikanKbn=2", "url2": "http://kodomo-clinic.net", "内容": "ふじおか小児クリニック【2:診療所】【診療科目:内科_小児科_精神科_リハビリテーション科】徳島県徳島市昭和町８丁目７０番地３" }, "geometry": { "type": "Point", "coordinates": [ 134.569707, 34.055987 ] } },
{ "type": "Feature", "properties": { "ID": 3622365144450, "正式名称": "遠藤整形外科", "機関区分": 2, "都道府県コード": 36, "市区町村コード": 341, "所在地": "徳島県名西郡石井町石井字石井１２６３", "緯度": 34.064554, "経度": 134.442819, "url": "https://www.iryou.teikyouseido.mhlw.go.jp/znk-web/juminkanja/S2430/initialize?prefCd=36&kikanCd=2365144450&kikanKbn=2", "url2": "http://endoseikeigeka.sakura.ne.jp/", "内容": "遠藤整形外科【2:診療所】【診療科目:内科_整形外科_リハビリテーション科】徳島県名西郡石井町石井字石井１２６３" }, "geometry": { "type": "Point", "coordinates": [ 134.442819, 34.064554 ] } },
{ "type": "Feature", "properties": { "ID": 3622365144580, "正式名称": "宇都宮皮膚泌尿器科", "機関区分": 2, "都道府県コード": 36, "市区町村コード": 201, "所在地": "徳島県徳島市吉野本町１丁目１１", "緯度": 34.078398, "経度": 134.55162, "url": "https://www.iryou.teikyouseido.mhlw.go.jp/znk-web/juminkanja/S2430/initialize?prefCd=36&kikanCd=2365144580&kikanKbn=2", "url2": "http://www.utsunomiya-clinic.jp", "内容": "宇都宮皮膚泌尿器科【2:診療所】【診療科目:形成外科_皮膚科_泌尿器科】徳島県徳島市吉野本町１丁目１１" }, "geometry": { "type": "Point", "coordinates": [ 134.55162, 34.078398 ] } },
{ "type": "Feature", "properties": { "ID": 3622365144610, "正式名称": "松村内科胃腸科", "機関区分": 2, "都道府県コード": 36, "市区町村コード": 201, "所在地": "徳島県徳島市北佐古二番町５番１９号", "緯度": 34.081811, "経度": 134.534454, "url": "https://www.iryou.teikyouseido.mhlw.go.jp/znk-web/juminkanja/S2430/initialize?prefCd=36&kikanCd=2365144610&kikanKbn=2", "url2": null, "内容": "松村内科胃腸科【2:診療所】【診療科目:内科_糖尿病内科_呼吸器内科_循環器内科_消化器内科_内視鏡内科】徳島県徳島市北佐古二番町５番１９号" }, "geometry": { "type": "Point", "coordinates": [ 134.534454, 34.081811 ] } },
{ "type": "Feature", "properties": { "ID": 3622365144870, "正式名称": "文慶記念ハート内科", "機関区分": 2, "都道府県コード": 36, "市区町村コード": 201, "所在地": "徳島県徳島市国府町中４９５－１", "緯度": 34.063826, "経度": 134.478693, "url": "https://www.iryou.teikyouseido.mhlw.go.jp/znk-web/juminkanja/S2430/initialize?prefCd=36&kikanCd=2365144870&kikanKbn=2", "url2": null, "内容": "文慶記念ハート内科【2:診療所】【診療科目:内科_呼吸器内科_循環器内科_消化器内科_胃腸内科_肛門内科_心療内科_アレルギー科_リウマチ科_リハビリテーション科_放射線科】徳島県徳島市国府町中４９５－１" }, "geometry": { "type": "Point", "coordinates": [ 134.478693, 34.063826 ] } },
{ "type": "Feature", "properties": { "ID": 3622365145170, "正式名称": "領家内科眼科", "機関区分": 2, "都道府県コード": 36, "市区町村コード": 201, "所在地": "徳島県徳島市国府町井戸字堂ノ裏５４－１", "緯度": 34.086476, "経度": 134.483879, "url": "https://www.iryou.teikyouseido.mhlw.go.jp/znk-web/juminkanja/S2430/initialize?prefCd=36&kikanCd=2365145170&kikanKbn=2", "url2": null, "内容": "領家内科眼科【2:診療所】【診療科目:内科_呼吸器内科_循環器内科_胃腸内科_眼科_リハビリテーション科】徳島県徳島市国府町井戸字堂ノ裏５４－１" }, "geometry": { "type": "Point", "coordinates": [ 134.483879, 34.086476 ] } },
{ "type": "Feature", "properties": { "ID": 3622365145880, "正式名称": "城南公園内科", "機関区分": 2, "都道府県コード": 36, "市区町村コード": 201, "所在地": "徳島県徳島市城南町三丁目５番２２号", "緯度": 34.053908, "経度": 134.537072, "url": "https://www.iryou.teikyouseido.mhlw.go.jp/znk-web/juminkanja/S2430/initialize?prefCd=36&kikanCd=2365145880&kikanKbn=2", "url2": "https://blog.goo.ne.jp/jkclinic", "内容": "城南公園内科【2:診療所】【診療科目:内科_呼吸器内科_循環器内科_胃腸内科_小児科_リハビリテーション科】徳島県徳島市城南町三丁目５番２２号" }, "geometry": { "type": "Point", "coordinates": [ 134.537072, 34.053908 ] } },
{ "type": "Feature", "properties": { "ID": 3622365145910, "正式名称": "湯浅医院", "機関区分": 2, "都道府県コード": 36, "市区町村コード": 201, "所在地": "徳島県徳島市庄町５丁目５４", "緯度": 34.074068, "経度": 134.504894, "url": "https://www.iryou.teikyouseido.mhlw.go.jp/znk-web/juminkanja/S2430/initialize?prefCd=36&kikanCd=2365145910&kikanKbn=2", "url2": null, "内容": "湯浅医院【2:診療所】【診療科目:内科_外科】徳島県徳島市庄町５丁目５４" }, "geometry": { "type": "Point", "coordinates": [ 134.504894, 34.074068 ] } },
{ "type": "Feature", "properties": { "ID": 3622365146340, "正式名称": "岡部内科クリニック", "機関区分": 2, "都道府県コード": 36, "市区町村コード": 201, "所在地": "徳島県徳島市川内町加賀須野４３７番地の３", "緯度": 34.125975, "経度": 134.576272, "url": "https://www.iryou.teikyouseido.mhlw.go.jp/znk-web/juminkanja/S2430/initialize?prefCd=36&kikanCd=2365146340&kikanKbn=2", "url2": "https://okabec.jp/", "内容": "岡部内科クリニック【2:診療所】【診療科目:内科_循環器内科_消化器内科_小児科_リハビリテーション科】徳島県徳島市川内町加賀須野４３７番地の３" }, "geometry": { "type": "Point", "coordinates": [ 134.576272, 34.125975 ] } },
{ "type": "Feature", "properties": { "ID": 3622365146630, "正式名称": "今井耳鼻咽喉科", "機関区分": 2, "都道府県コード": 36, "市区町村コード": 201, "所在地": "徳島県徳島市佐古六番町７－６", "緯度": 34.078527, "経度": 134.528908, "url": "https://www.iryou.teikyouseido.mhlw.go.jp/znk-web/juminkanja/S2430/initialize?prefCd=36&kikanCd=2365146630&kikanKbn=2", "url2": null, "内容": "今井耳鼻咽喉科【2:診療所】【診療科目:耳鼻いんこう科】徳島県徳島市佐古六番町７－６" }, "geometry": { "type": "Point", "coordinates": [ 134.528908, 34.078527 ] } },
{ "type": "Feature", "properties": { "ID": 3622365147060, "正式名称": "中瀬医院", "機関区分": 2, "都道府県コード": 36, "市区町村コード": 201, "所在地": "徳島県徳島市富田橋１丁目１１－２", "緯度": 34.066583, "経度": 134.553536, "url": "https://www.iryou.teikyouseido.mhlw.go.jp/znk-web/juminkanja/S2430/initialize?prefCd=36&kikanCd=2365147060&kikanKbn=2", "url2": "http://www.citydo.com/prf/tokushima/guide/sg/810001419.html", "内容": "中瀬医院【2:診療所】【診療科目:内科_心臓内科_小児科_神経科_心療内科】徳島県徳島市富田橋１丁目１１－２" }, "geometry": { "type": "Point", "coordinates": [ 134.553536, 34.066583 ] } },
{ "type": "Feature", "properties": { "ID": 3622365147510, "正式名称": "三木眼科", "機関区分": 2, "都道府県コード": 36, "市区町村コード": 201, "所在地": "徳島県徳島市一番町１－７", "緯度": 34.071929, "経度": 134.553455, "url": "https://www.iryou.teikyouseido.mhlw.go.jp/znk-web/juminkanja/S2430/initialize?prefCd=36&kikanCd=2365147510&kikanKbn=2", "url2": "http://www.miki-eye.com", "内容": "三木眼科【2:診療所】【診療科目:眼科】徳島県徳島市一番町１－７" }, "geometry": { "type": "Point", "coordinates": [ 134.553455, 34.071929 ] } },
{ "type": "Feature", "properties": { "ID": 3622365147930, "正式名称": "応神クリニック", "機関区分": 2, "都道府県コード": 36, "市区町村コード": 201, "所在地": "徳島県徳島市応神町吉成字西吉成９１－４", "緯度": 34.114203, "経度": 134.526665, "url": "https://www.iryou.teikyouseido.mhlw.go.jp/znk-web/juminkanja/S2430/initialize?prefCd=36&kikanCd=2365147930&kikanKbn=2", "url2": null, "内容": "応神クリニック【2:診療所】【診療科目:内科_外科_整形外科】徳島県徳島市応神町吉成字西吉成９１－４" }, "geometry": { "type": "Point", "coordinates": [ 134.526665, 34.114203 ] } },
{ "type": "Feature", "properties": { "ID": 3622365148070, "正式名称": "鎌田耳鼻咽喉科クリニック", "機関区分": 2, "都道府県コード": 36, "市区町村コード": 201, "所在地": "徳島県徳島市名東町１丁目１１７", "緯度": 34.066703, "経度": 134.503684, "url": "https://www.iryou.teikyouseido.mhlw.go.jp/znk-web/juminkanja/S2430/initialize?prefCd=36&kikanCd=2365148070&kikanKbn=2", "url2": null, "内容": "鎌田耳鼻咽喉科クリニック【2:診療所】【診療科目:小児科_耳鼻いんこう科_気管食道・耳鼻いんこう科】徳島県徳島市名東町１丁目１１７" }, "geometry": { "type": "Point", "coordinates": [ 134.503684, 34.066703 ] } },
{ "type": "Feature", "properties": { "ID": 3622365148360, "正式名称": "きはら耳鼻咽喉科医院", "機関区分": 2, "都道府県コード": 36, "市区町村コード": 403, "所在地": "徳島県板野郡藍住町乙瀬字中田６５－１", "緯度": 34.139444, "経度": 134.495981, "url": "https://www.iryou.teikyouseido.mhlw.go.jp/znk-web/juminkanja/S2430/initialize?prefCd=36&kikanCd=2365148360&kikanKbn=2", "url2": "http://www.tokushima.med.or.jp/itanogun/a-kihara.htm", "内容": "きはら耳鼻咽喉科医院【2:診療所】【診療科目:耳鼻いんこう科】徳島県板野郡藍住町乙瀬字中田６５－１" }, "geometry": { "type": "Point", "coordinates": [ 134.495981, 34.139444 ] } },
{ "type": "Feature", "properties": { "ID": 3622365148490, "正式名称": "川原内科外科", "機関区分": 2, "都道府県コード": 36, "市区町村コード": 341, "所在地": "徳島県名西郡石井町高川原字天神７１２－１", "緯度": 34.081562, "経度": 134.439225, "url": "https://www.iryou.teikyouseido.mhlw.go.jp/znk-web/juminkanja/S2430/initialize?prefCd=36&kikanCd=2365148490&kikanKbn=2", "url2": null, "内容": "川原内科外科【2:診療所】【診療科目:内科_呼吸器内科_循環器内科_胃腸内科_外科_肛門外科_整形外科_小児科_リハビリテーション科】徳島県名西郡石井町高川原字天神７１２－１" }, "geometry": { "type": "Point", "coordinates": [ 134.439225, 34.081562 ] } },
{ "type": "Feature", "properties": { "ID": 3622365148520, "正式名称": "とくしまブレストケアクリニック", "機関区分": 2, "都道府県コード": 36, "市区町村コード": 201, "所在地": "徳島県徳島市中島田町４丁目７－７", "緯度": 34.081242, "経度": 134.508727, "url": "https://www.iryou.teikyouseido.mhlw.go.jp/znk-web/juminkanja/S2430/initialize?prefCd=36&kikanCd=2365148520&kikanKbn=2", "url2": null, "内容": "とくしまブレストケアクリニック【2:診療所】【診療科目:外科_乳腺外科_放射線科】徳島県徳島市中島田町４丁目７－７" }, "geometry": { "type": "Point", "coordinates": [ 134.508727, 34.081242 ] } },
{ "type": "Feature", "properties": { "ID": 3622365148780, "正式名称": "山田眼科", "機関区分": 2, "都道府県コード": 36, "市区町村コード": 201, "所在地": "徳島県徳島市中通町２丁目３１", "緯度": 34.070045, "経度": 134.55132, "url": "https://www.iryou.teikyouseido.mhlw.go.jp/znk-web/juminkanja/S2430/initialize?prefCd=36&kikanCd=2365148780&kikanKbn=2", "url2": "http://www.eye-yamada.com", "内容": "山田眼科【2:診療所】【診療科目:眼科】徳島県徳島市中通町２丁目３１" }, "geometry": { "type": "Point", "coordinates": [ 134.55132, 34.070045 ] } },
{ "type": "Feature", "properties": { "ID": 3622365148810, "正式名称": "徳島さくらクリニック", "機関区分": 2, "都道府県コード": 36, "市区町村コード": 201, "所在地": "徳島県徳島市下町本丁５９番地の１", "緯度": 34.037013, "経度": 134.487805, "url": "https://www.iryou.teikyouseido.mhlw.go.jp/znk-web/juminkanja/S2430/initialize?prefCd=36&kikanCd=2365148810&kikanKbn=2", "url2": "https://ichiyou-kai.com", "内容": "徳島さくらクリニック【2:診療所】【診療科目:内科_呼吸器内科_循環器内科_消化器内科_外科_整形外科_リハビリテーション科】徳島県徳島市下町本丁５９番地の１" }, "geometry": { "type": "Point", "coordinates": [ 134.487805, 34.037013 ] } },
{ "type": "Feature", "properties": { "ID": 3622365148940, "正式名称": "文化の森内科", "機関区分": 2, "都道府県コード": 36, "市区町村コード": 201, "所在地": "徳島県徳島市八万町大坪１８０番地", "緯度": 34.045192, "経度": 134.527588, "url": "https://www.iryou.teikyouseido.mhlw.go.jp/znk-web/juminkanja/S2430/initialize?prefCd=36&kikanCd=2365148940&kikanKbn=2", "url2": "http://www.bunkanomori.com", "内容": "文化の森内科【2:診療所】【診療科目:内科_小児科_精神科_神経科_心療内科_歯科】徳島県徳島市八万町大坪１８０番地" }, "geometry": { "type": "Point", "coordinates": [ 134.527588, 34.045192 ] } },
{ "type": "Feature", "properties": { "ID": 3622365149080, "正式名称": "国府クリニック", "機関区分": 2, "都道府県コード": 36, "市区町村コード": 201, "所在地": "徳島県徳島市国府町府中２番６", "緯度": 34.071715, "経度": 134.48493, "url": "https://www.iryou.teikyouseido.mhlw.go.jp/znk-web/juminkanja/S2430/initialize?prefCd=36&kikanCd=2365149080&kikanKbn=2", "url2": "http://kokufu-clinic.jp", "内容": "国府クリニック【2:診療所】【診療科目:内科_循環器内科】徳島県徳島市国府町府中２番６" }, "geometry": { "type": "Point", "coordinates": [ 134.48493, 34.071715 ] } },
{ "type": "Feature", "properties": { "ID": 3622365149110, "正式名称": "やまぐちメンタルクリニック", "機関区分": 2, "都道府県コード": 36, "市区町村コード": 201, "所在地": "徳島県徳島市寺島本町東３の５の１", "緯度": 34.073351, "経度": 134.552007, "url": "https://www.iryou.teikyouseido.mhlw.go.jp/znk-web/juminkanja/S2430/initialize?prefCd=36&kikanCd=2365149110&kikanKbn=2", "url2": "http://www.y-mental.or.jp", "内容": "やまぐちメンタルクリニック【2:診療所】【診療科目:神経内科_精神科_心療内科】徳島県徳島市寺島本町東３の５の１" }, "geometry": { "type": "Point", "coordinates": [ 134.552007, 34.073351 ] } },
{ "type": "Feature", "properties": { "ID": 3622365149240, "正式名称": "宮内クリニック", "機関区分": 2, "都道府県コード": 36, "市区町村コード": 201, "所在地": "徳島県徳島市名東町２丁目６６０番地の１", "緯度": 34.062152, "経度": 134.492912, "url": "https://www.iryou.teikyouseido.mhlw.go.jp/znk-web/juminkanja/S2430/initialize?prefCd=36&kikanCd=2365149240&kikanKbn=2", "url2": null, "内容": "宮内クリニック【2:診療所】【診療科目:内科_循環器内科_神経内科_小児科_精神科_心療内科_老年精神科】徳島県徳島市名東町２丁目６６０番地の１" }, "geometry": { "type": "Point", "coordinates": [ 134.492912, 34.062152 ] } },
{ "type": "Feature", "properties": { "ID": 3622365149400, "正式名称": "横井内科クリニック", "機関区分": 2, "都道府県コード": 36, "市区町村コード": 201, "所在地": "徳島県徳島市かちどき橋１丁目４０番地の１", "緯度": 34.064086, "経度": 134.556135, "url": "https://www.iryou.teikyouseido.mhlw.go.jp/znk-web/juminkanja/S2430/initialize?prefCd=36&kikanCd=2365149400&kikanKbn=2", "url2": "http://wwwd.pikara.ne.jp/kndryat/", "内容": "横井内科クリニック【2:診療所】【診療科目:内科_呼吸器内科_循環器内科_消化器内科_小児科_神経科】徳島県徳島市かちどき橋１丁目４０番地の１" }, "geometry": { "type": "Point", "coordinates": [ 134.556135, 34.064086 ] } },
{ "type": "Feature", "properties": { "ID": 3622365149530, "正式名称": "蕙愛レディースクリニック", "機関区分": 2, "都道府県コード": 36, "市区町村コード": 201, "所在地": "徳島県徳島市佐古三番町４－６", "緯度": 34.076857, "経度": 134.536753, "url": "https://www.iryou.teikyouseido.mhlw.go.jp/znk-web/juminkanja/S2430/initialize?prefCd=36&kikanCd=2365149530&kikanKbn=2", "url2": null, "内容": "蕙愛レディースクリニック【2:診療所】【診療科目:産婦人科】徳島県徳島市佐古三番町４－６" }, "geometry": { "type": "Point", "coordinates": [ 134.536753, 34.076857 ] } },
{ "type": "Feature", "properties": { "ID": 3622365150060, "正式名称": "いのうえ眼科", "機関区分": 2, "都道府県コード": 36, "市区町村コード": 201, "所在地": "徳島県徳島市八万町下福万６７－２", "緯度": 34.04953, "経度": 134.532652, "url": "https://www.iryou.teikyouseido.mhlw.go.jp/znk-web/juminkanja/S2430/initialize?prefCd=36&kikanCd=2365150060&kikanKbn=2", "url2": null, "内容": "いのうえ眼科【2:診療所】【診療科目:眼科】徳島県徳島市八万町下福万６７－２" }, "geometry": { "type": "Point", "coordinates": [ 134.532652, 34.04953 ] } },
{ "type": "Feature", "properties": { "ID": 3622365150190, "正式名称": "ひうら小児科", "機関区分": 2, "都道府県コード": 36, "市区町村コード": 201, "所在地": "徳島県徳島市佐古五番町１０－７", "緯度": 34.078934, "経度": 134.531089, "url": "https://www.iryou.teikyouseido.mhlw.go.jp/znk-web/juminkanja/S2430/initialize?prefCd=36&kikanCd=2365150190&kikanKbn=2", "url2": null, "内容": "ひうら小児科【2:診療所】【診療科目:小児科】徳島県徳島市佐古五番町１０－７" }, "geometry": { "type": "Point", "coordinates": [ 134.531089, 34.078934 ] } },
{ "type": "Feature", "properties": { "ID": 3622365150220, "正式名称": "たかはし内科", "機関区分": 2, "都道府県コード": 36, "市区町村コード": 201, "所在地": "徳島県徳島市国府町観音寺２２７番地の１", "緯度": 34.07136, "経度": 134.472785, "url": "https://www.iryou.teikyouseido.mhlw.go.jp/znk-web/juminkanja/S2430/initialize?prefCd=36&kikanCd=2365150220&kikanKbn=2", "url2": "http://takahashi-naika.jp/", "内容": "たかはし内科【2:診療所】【診療科目:内科_呼吸器内科_循環器内科_消化器内科_神経内科_漢方内科_小児科】徳島県徳島市国府町観音寺２２７番地の１" }, "geometry": { "type": "Point", "coordinates": [ 134.472785, 34.07136 ] } },
{ "type": "Feature", "properties": { "ID": 3622365150480, "正式名称": "川口内科循環器クリニック", "機関区分": 2, "都道府県コード": 36, "市区町村コード": 201, "所在地": "徳島県徳島市山城町西浜傍示１７３－７", "緯度": 34.052362, "経度": 134.559013, "url": "https://www.iryou.teikyouseido.mhlw.go.jp/znk-web/juminkanja/S2430/initialize?prefCd=36&kikanCd=2365150480&kikanKbn=2", "url2": null, "内容": "川口内科循環器クリニック【2:診療所】【診療科目:内科_呼吸器内科_循環器内科_消化器内科_胃腸内科_小児科】徳島県徳島市山城町西浜傍示１７３－７" }, "geometry": { "type": "Point", "coordinates": [ 134.559013, 34.052362 ] } },
{ "type": "Feature", "properties": { "ID": 3622365150510, "正式名称": "ユークリニック", "機関区分": 2, "都道府県コード": 36, "市区町村コード": 201, "所在地": "徳島県徳島市丈六町新居田４２－１", "緯度": 34.006539, "経度": 134.547361, "url": "https://www.iryou.teikyouseido.mhlw.go.jp/znk-web/juminkanja/S2430/initialize?prefCd=36&kikanCd=2365150510&kikanKbn=2", "url2": null, "内容": "ユークリニック【2:診療所】【診療科目:内科_胃腸内科_外科_肛門外科_整形外科_リハビリテーション科】徳島県徳島市丈六町新居田４２－１" }, "geometry": { "type": "Point", "coordinates": [ 134.547361, 34.006539 ] } },
{ "type": "Feature", "properties": { "ID": 3622365151070, "正式名称": "賀川脳外科クリニック", "機関区分": 2, "都道府県コード": 36, "市区町村コード": 201, "所在地": "徳島県徳島市応神町東貞方字西中須２４５－１", "緯度": 34.10961, "経度": 134.516848, "url": "https://www.iryou.teikyouseido.mhlw.go.jp/znk-web/juminkanja/S2430/initialize?prefCd=36&kikanCd=2365151070&kikanKbn=2", "url2": null, "内容": "賀川脳外科クリニック【2:診療所】【診療科目:内科_外科_脳神経外科_麻酔科】徳島県徳島市応神町東貞方字西中須２４５－１" }, "geometry": { "type": "Point", "coordinates": [ 134.516848, 34.10961 ] } },
{ "type": "Feature", "properties": { "ID": 3622365151230, "正式名称": "渭東眼科クリニック", "機関区分": 2, "都道府県コード": 36, "市区町村コード": 201, "所在地": "徳島県徳島市福島２丁目１－３", "緯度": 34.072329, "経度": 134.56825, "url": "https://www.iryou.teikyouseido.mhlw.go.jp/znk-web/juminkanja/S2430/initialize?prefCd=36&kikanCd=2365151230&kikanKbn=2", "url2": null, "内容": "渭東眼科クリニック【2:診療所】【診療科目:眼科】徳島県徳島市福島２丁目１－３" }, "geometry": { "type": "Point", "coordinates": [ 134.56825, 34.072329 ] } },
{ "type": "Feature", "properties": { "ID": 3622365151520, "正式名称": "いのもと眼科内科", "機関区分": 2, "都道府県コード": 36, "市区町村コード": 402, "所在地": "徳島県板野郡北島町鯛浜字かや１２２－１", "緯度": 34.119443, "経度": 134.550719, "url": "https://www.iryou.teikyouseido.mhlw.go.jp/znk-web/juminkanja/S2430/initialize?prefCd=36&kikanCd=2365151520&kikanKbn=2", "url2": "http://www.inomoto.jp", "内容": "いのもと眼科内科【2:診療所】【診療科目:内科_血液内科_糖尿病内科_呼吸器内科_循環器内科_消化器内科_肝臓内科_小児科_眼科】徳島県板野郡北島町鯛浜字かや１２２－１" }, "geometry": { "type": "Point", "coordinates": [ 134.550719, 34.119443 ] } },
{ "type": "Feature", "properties": { "ID": 3622365151650, "正式名称": "鎌田クリニック", "機関区分": 2, "都道府県コード": 36, "市区町村コード": 201, "所在地": "徳島県徳島市名東町１丁目１０３番地", "緯度": 34.067307, "経度": 134.504199, "url": "https://www.iryou.teikyouseido.mhlw.go.jp/znk-web/juminkanja/S2430/initialize?prefCd=36&kikanCd=2365151650&kikanKbn=2", "url2": null, "内容": "鎌田クリニック【2:診療所】【診療科目:内科_リハビリテーション科_麻酔科】徳島県徳島市名東町１丁目１０３番地" }, "geometry": { "type": "Point", "coordinates": [ 134.504199, 34.067307 ] } },
{ "type": "Feature", "properties": { "ID": 3622365151780, "正式名称": "斎藤内科循環器科", "機関区分": 2, "都道府県コード": 36, "市区町村コード": 201, "所在地": "徳島県徳島市城南町１丁目８－１０", "緯度": 34.055113, "経度": 134.538016, "url": "https://www.iryou.teikyouseido.mhlw.go.jp/znk-web/juminkanja/S2430/initialize?prefCd=36&kikanCd=2365151780&kikanKbn=2", "url2": "https://saito-naika.or.jp", "内容": "斎藤内科循環器科【2:診療所】【診療科目:内科_呼吸器内科_循環器内科_消化器内科】徳島県徳島市城南町１丁目８－１０" }, "geometry": { "type": "Point", "coordinates": [ 134.538016, 34.055113 ] } },
{ "type": "Feature", "properties": { "ID": 3622365152080, "正式名称": "中谷医院", "機関区分": 2, "都道府県コード": 36, "市区町村コード": 342, "所在地": "徳島県名西郡神山町神領字西野間２３番地１", "緯度": 33.966881, "経度": 134.348009, "url": "https://www.iryou.teikyouseido.mhlw.go.jp/znk-web/juminkanja/S2430/initialize?prefCd=36&kikanCd=2365152080&kikanKbn=2", "url2": null, "内容": "中谷医院【2:診療所】【診療科目:内科_外科_整形外科_小児科_リハビリテーション科_麻酔科】徳島県名西郡神山町神領字西野間２３番地１" }, "geometry": { "type": "Point", "coordinates": [ 134.348009, 33.966881 ] } },
{ "type": "Feature", "properties": { "ID": 3622365152110, "正式名称": "こやま小児科内科クリニック", "機関区分": 2, "都道府県コード": 36, "市区町村コード": 403, "所在地": "徳島県板野郡藍住町矢上字原１９３番地１", "緯度": 34.125972, "経度": 134.501517, "url": "https://www.iryou.teikyouseido.mhlw.go.jp/znk-web/juminkanja/S2430/initialize?prefCd=36&kikanCd=2365152110&kikanKbn=2", "url2": null, "内容": "こやま小児科内科クリニック【2:診療所】【診療科目:内科_胃腸内科_小児科_アレルギー科_リハビリテーション科】徳島県板野郡藍住町矢上字原１９３番地１" }, "geometry": { "type": "Point", "coordinates": [ 134.501517, 34.125972 ] } },
{ "type": "Feature", "properties": { "ID": 3622365152370, "正式名称": "南医院", "機関区分": 2, "都道府県コード": 36, "市区町村コード": 201, "所在地": "徳島県徳島市北田宮２丁目２－１７", "緯度": 34.087426, "経度": 134.541535, "url": "https://www.iryou.teikyouseido.mhlw.go.jp/znk-web/juminkanja/S2430/initialize?prefCd=36&kikanCd=2365152370&kikanKbn=2", "url2": null, "内容": "南医院【2:診療所】【診療科目:内科_胃腸内科_小児科】徳島県徳島市北田宮２丁目２－１７" }, "geometry": { "type": "Point", "coordinates": [ 134.541535, 34.087426 ] } },
{ "type": "Feature", "properties": { "ID": 3622365152530, "正式名称": "多田医院", "機関区分": 2, "都道府県コード": 36, "市区町村コード": 201, "所在地": "徳島県徳島市下助任町４丁目１７－３", "緯度": 34.082131, "経度": 134.551156, "url": "https://www.iryou.teikyouseido.mhlw.go.jp/znk-web/juminkanja/S2430/initialize?prefCd=36&kikanCd=2365152530&kikanKbn=2", "url2": null, "内容": "多田医院【2:診療所】【診療科目:内科_小児科】徳島県徳島市下助任町４丁目１７－３" }, "geometry": { "type": "Point", "coordinates": [ 134.551156, 34.082131 ] } },
{ "type": "Feature", "properties": { "ID": 3622365152660, "正式名称": "谷口耳鼻咽喉科クリニック", "機関区分": 2, "都道府県コード": 36, "市区町村コード": 401, "所在地": "徳島県板野郡松茂町広島字南ノ川４２－１", "緯度": 34.133512, "経度": 134.568872, "url": "https://www.iryou.teikyouseido.mhlw.go.jp/znk-web/juminkanja/S2430/initialize?prefCd=36&kikanCd=2365152660&kikanKbn=2", "url2": "http://www.tokushima.med.or.jp/itanogun/m-taniguti.htm", "内容": "谷口耳鼻咽喉科クリニック【2:診療所】【診療科目:小児科_耳鼻いんこう科_アレルギー科】徳島県板野郡松茂町広島字南ノ川４２－１" }, "geometry": { "type": "Point", "coordinates": [ 134.568872, 34.133512 ] } },
{ "type": "Feature", "properties": { "ID": 3622365152950, "正式名称": "藤田眼科", "機関区分": 2, "都道府県コード": 36, "市区町村コード": 201, "所在地": "徳島県徳島市佐古六番町６番２７号", "緯度": 34.078163, "経度": 134.528918, "url": "https://www.iryou.teikyouseido.mhlw.go.jp/znk-web/juminkanja/S2430/initialize?prefCd=36&kikanCd=2365152950&kikanKbn=2", "url2": "http://www.fujitaec.or.jp", "内容": "藤田眼科【2:診療所】【診療科目:眼科】徳島県徳島市佐古六番町６番２７号" }, "geometry": { "type": "Point", "coordinates": [ 134.528918, 34.078163 ] } },
{ "type": "Feature", "properties": { "ID": 3622365153250, "正式名称": "生田クリニック", "機関区分": 2, "都道府県コード": 36, "市区町村コード": 201, "所在地": "徳島県徳島市佐古４番町５－８", "緯度": 34.077712, "経度": 134.534041, "url": "https://www.iryou.teikyouseido.mhlw.go.jp/znk-web/juminkanja/S2430/initialize?prefCd=36&kikanCd=2365153250&kikanKbn=2", "url2": "http://psychiatry.world.coocan.jp", "内容": "生田クリニック【2:診療所】【診療科目:精神科】徳島県徳島市佐古４番町５－８" }, "geometry": { "type": "Point", "coordinates": [ 134.534041, 34.077712 ] } },
{ "type": "Feature", "properties": { "ID": 3622365153380, "正式名称": "さこう内科クリニック", "機関区分": 2, "都道府県コード": 36, "市区町村コード": 201, "所在地": "徳島県徳島市北沖洲２丁目８番２５号", "緯度": 34.069787, "経度": 134.588276, "url": "https://www.iryou.teikyouseido.mhlw.go.jp/znk-web/juminkanja/S2430/initialize?prefCd=36&kikanCd=2365153380&kikanKbn=2", "url2": "http://55web.jp/tcma/116760/", "内容": "さこう内科クリニック【2:診療所】【診療科目:内科_小児科_皮膚科】徳島県徳島市北沖洲２丁目８番２５号" }, "geometry": { "type": "Point", "coordinates": [ 134.588276, 34.069787 ] } },
{ "type": "Feature", "properties": { "ID": 3622365153410, "正式名称": "水沼循環器呼吸器内科", "機関区分": 2, "都道府県コード": 36, "市区町村コード": 201, "所在地": "徳島県徳島市南庄町４丁目２４－３", "緯度": 34.069707, "経度": 134.508222, "url": "https://www.iryou.teikyouseido.mhlw.go.jp/znk-web/juminkanja/S2430/initialize?prefCd=36&kikanCd=2365153410&kikanKbn=2", "url2": "http://55web.jp/tcma/116752/", "内容": "水沼循環器呼吸器内科【2:診療所】【診療科目:内科_呼吸器内科_循環器内科_胃腸内科】徳島県徳島市南庄町４丁目２４－３" }, "geometry": { "type": "Point", "coordinates": [ 134.508222, 34.069707 ] } },
{ "type": "Feature", "properties": { "ID": 3622365153540, "正式名称": "鳴門川島クリニック", "機関区分": 2, "都道府県コード": 36, "市区町村コード": 202, "所在地": "徳島県鳴門市大津町段関６８－５", "緯度": 34.162952, "経度": 134.562111, "url": "https://www.iryou.teikyouseido.mhlw.go.jp/znk-web/juminkanja/S2430/initialize?prefCd=36&kikanCd=2365153540&kikanKbn=2", "url2": "http://khg.or.jp/", "内容": "鳴門川島クリニック【2:診療所】【診療科目:内科_人工透析内科】徳島県鳴門市大津町段関６８－５" }, "geometry": { "type": "Point", "coordinates": [ 134.562111, 34.162952 ] } },
{ "type": "Feature", "properties": { "ID": 3622365153830, "正式名称": "米田内科クリニック", "機関区分": 2, "都道府県コード": 36, "市区町村コード": 201, "所在地": "徳島県徳島市八万町川南５６番地の１", "緯度": 34.043557, "経度": 134.540677, "url": "https://www.iryou.teikyouseido.mhlw.go.jp/znk-web/juminkanja/S2430/initialize?prefCd=36&kikanCd=2365153830&kikanKbn=2", "url2": null, "内容": "米田内科クリニック【2:診療所】【診療科目:内科_循環器内科_消化器内科_神経内科_小児科】徳島県徳島市八万町川南５６番地の１" }, "geometry": { "type": "Point", "coordinates": [ 134.540677, 34.043557 ] } },
{ "type": "Feature", "properties": { "ID": 3622365154000, "正式名称": "大久保内科", "機関区分": 2, "都道府県コード": 36, "市区町村コード": 403, "所在地": "徳島県板野郡藍住町笠木字中野１７９番地５", "緯度": 34.135874, "経度": 134.506423, "url": "https://www.iryou.teikyouseido.mhlw.go.jp/znk-web/juminkanja/S2430/initialize?prefCd=36&kikanCd=2365154000&kikanKbn=2", "url2": "http://www.tokushima.med.or.jp/itanogun/a-okubo.htm", "内容": "大久保内科【2:診療所】【診療科目:内科_呼吸器内科_循環器内科_消化器内科_小児科】徳島県板野郡藍住町笠木字中野１７９番地５" }, "geometry": { "type": "Point", "coordinates": [ 134.506423, 34.135874 ] } },
{ "type": "Feature", "properties": { "ID": 3622365154390, "正式名称": "武田皮膚科泌尿器科医院", "機関区分": 2, "都道府県コード": 36, "市区町村コード": 201, "所在地": "徳島県徳島市西大工町一丁目九番地", "緯度": 34.07112, "経度": 134.545725, "url": "https://www.iryou.teikyouseido.mhlw.go.jp/znk-web/juminkanja/S2430/initialize?prefCd=36&kikanCd=2365154390&kikanKbn=2", "url2": null, "内容": "武田皮膚科泌尿器科医院【2:診療所】【診療科目:皮膚科_泌尿器科】徳島県徳島市西大工町一丁目九番地" }, "geometry": { "type": "Point", "coordinates": [ 134.545725, 34.07112 ] } },
{ "type": "Feature", "properties": { "ID": 3622365154680, "正式名称": "田口小児科クリニック", "機関区分": 2, "都道府県コード": 36, "市区町村コード": 202, "所在地": "徳島県鳴門市大津町大代９９番地の２", "緯度": 34.159119, "経度": 134.578271, "url": "https://www.iryou.teikyouseido.mhlw.go.jp/znk-web/juminkanja/S2430/initialize?prefCd=36&kikanCd=2365154680&kikanKbn=2", "url2": "https://taguchi-shounika.com/", "内容": "田口小児科クリニック【2:診療所】【診療科目:内科_小児科_アレルギー科】徳島県鳴門市大津町大代９９番地の２" }, "geometry": { "type": "Point", "coordinates": [ 134.578271, 34.159119 ] } },
{ "type": "Feature", "properties": { "ID": 3622365154710, "正式名称": "金沢クリニック", "機関区分": 2, "都道府県コード": 36, "市区町村コード": 201, "所在地": "徳島県徳島市金沢２丁目２番５５号", "緯度": 34.071431, "経度": 134.58621, "url": "https://www.iryou.teikyouseido.mhlw.go.jp/znk-web/juminkanja/S2430/initialize?prefCd=36&kikanCd=2365154710&kikanKbn=2", "url2": null, "内容": "金沢クリニック【2:診療所】【診療科目:内科_小児科_アレルギー科_リハビリテーション科】徳島県徳島市金沢２丁目２番５５号" }, "geometry": { "type": "Point", "coordinates": [ 134.58621, 34.071431 ] } },
{ "type": "Feature", "properties": { "ID": 3622365154840, "正式名称": "リムズ徳島クリニック", "機関区分": 2, "都道府県コード": 36, "市区町村コード": 201, "所在地": "徳島県徳島市名東町２丁目５５９－１", "緯度": 34.059682, "経度": 134.49405, "url": "https://www.iryou.teikyouseido.mhlw.go.jp/znk-web/juminkanja/S2430/initialize?prefCd=36&kikanCd=2365154840&kikanKbn=2", "url2": null, "内容": "リムズ徳島クリニック【2:診療所】【診療科目:内科_循環器内科_外科_心臓血管外科_リハビリテーション科】徳島県徳島市名東町２丁目５５９－１" }, "geometry": { "type": "Point", "coordinates": [ 134.49405, 34.059682 ] } },
{ "type": "Feature", "properties": { "ID": 3622365154970, "正式名称": "北島こどもクリニック", "機関区分": 2, "都道府県コード": 36, "市区町村コード": 402, "所在地": "徳島県板野郡北島町中村字東堤ノ内１９－１", "緯度": 34.127917, "経度": 134.560826, "url": "https://www.iryou.teikyouseido.mhlw.go.jp/znk-web/juminkanja/S2430/initialize?prefCd=36&kikanCd=2365154970&kikanKbn=2", "url2": null, "内容": "北島こどもクリニック【2:診療所】【診療科目:内科_小児科_アレルギー科】徳島県板野郡北島町中村字東堤ノ内１９－１" }, "geometry": { "type": "Point", "coordinates": [ 134.560826, 34.127917 ] } },
{ "type": "Feature", "properties": { "ID": 3622365155140, "正式名称": "国府藤田産婦人科", "機関区分": 2, "都道府県コード": 36, "市区町村コード": 201, "所在地": "徳島県徳島市国府町中１７１番地の４", "緯度": 34.068872, "経度": 134.480038, "url": "https://www.iryou.teikyouseido.mhlw.go.jp/znk-web/juminkanja/S2430/initialize?prefCd=36&kikanCd=2365155140&kikanKbn=2", "url2": null, "内容": "国府藤田産婦人科【2:診療所】【診療科目:産婦人科】徳島県徳島市国府町中１７１番地の４" }, "geometry": { "type": "Point", "coordinates": [ 134.480038, 34.068872 ] } },
{ "type": "Feature", "properties": { "ID": 3622365155300, "正式名称": "方上クリニック", "機関区分": 2, "都道府県コード": 36, "市区町村コード": 201, "所在地": "徳島県徳島市方上町ハリウ８－３", "緯度": 34.020955, "経度": 134.533467, "url": "https://www.iryou.teikyouseido.mhlw.go.jp/znk-web/juminkanja/S2430/initialize?prefCd=36&kikanCd=2365155300&kikanKbn=2", "url2": "http://www.tcn.ne.jp/~katanokami/", "内容": "方上クリニック【2:診療所】【診療科目:内科_呼吸器内科_胃腸内科_外科_肛門外科】徳島県徳島市方上町ハリウ８－３" }, "geometry": { "type": "Point", "coordinates": [ 134.533467, 34.020955 ] } },
{ "type": "Feature", "properties": { "ID": 3622365156020, "正式名称": "徳島市夜間休日急病診療所", "機関区分": 2, "都道府県コード": 36, "市区町村コード": 201, "所在地": "徳島県徳島市沖浜東２丁目１６番地", "緯度": 34.052375, "経度": 134.553766, "url": "https://www.iryou.teikyouseido.mhlw.go.jp/znk-web/juminkanja/S2430/initialize?prefCd=36&kikanCd=2365156020&kikanKbn=2", "url2": null, "内容": "徳島市夜間休日急病診療所【2:診療所】【診療科目:内科_小児科】徳島県徳島市沖浜東２丁目１６番地" }, "geometry": { "type": "Point", "coordinates": [ 134.553766, 34.052375 ] } },
{ "type": "Feature", "properties": { "ID": 3622365156150, "正式名称": "うずしお眼科", "機関区分": 2, "都道府県コード": 36, "市区町村コード": 202, "所在地": "徳島県鳴門市撫養町大桑島字濘岩浜３０番地３", "緯度": 34.181879, "経度": 134.610972, "url": "https://www.iryou.teikyouseido.mhlw.go.jp/znk-web/juminkanja/S2430/initialize?prefCd=36&kikanCd=2365156150&kikanKbn=2", "url2": "http://www.uzushio-eyes.net/", "内容": "うずしお眼科【2:診療所】【診療科目:眼科】徳島県鳴門市撫養町大桑島字濘岩浜３０番地３" }, "geometry": { "type": "Point", "coordinates": [ 134.610972, 34.181879 ] } },
{ "type": "Feature", "properties": { "ID": 3622365156570, "正式名称": "鈴木医院", "機関区分": 2, "都道府県コード": 36, "市区町村コード": 201, "所在地": "徳島県徳島市北常三島町１－１８", "緯度": 34.080571, "経度": 134.56066, "url": "https://www.iryou.teikyouseido.mhlw.go.jp/znk-web/juminkanja/S2430/initialize?prefCd=36&kikanCd=2365156570&kikanKbn=2", "url2": null, "内容": "鈴木医院【2:診療所】【診療科目:内科_精神科_心療内科】徳島県徳島市北常三島町１－１８" }, "geometry": { "type": "Point", "coordinates": [ 134.56066, 34.080571 ] } },
{ "type": "Feature", "properties": { "ID": 3622365156600, "正式名称": "枝川クリニック", "機関区分": 2, "都道府県コード": 36, "市区町村コード": 201, "所在地": "徳島県徳島市大和町２丁目３－５１", "緯度": 34.068534, "経度": 134.572783, "url": "https://www.iryou.teikyouseido.mhlw.go.jp/znk-web/juminkanja/S2430/initialize?prefCd=36&kikanCd=2365156600&kikanKbn=2", "url2": "http://wwwe.pikara.ne.jp/edagawa-clinic/", "内容": "枝川クリニック【2:診療所】【診療科目:内科_精神科_心療内科】徳島県徳島市大和町２丁目３－５１" }, "geometry": { "type": "Point", "coordinates": [ 134.572783, 34.068534 ] } },
{ "type": "Feature", "properties": { "ID": 3622365156990, "正式名称": "中村外科内科", "機関区分": 2, "都道府県コード": 36, "市区町村コード": 201, "所在地": "徳島県徳島市中吉野町４丁目５０－２", "緯度": 34.086067, "経度": 134.549239, "url": "https://www.iryou.teikyouseido.mhlw.go.jp/znk-web/juminkanja/S2430/initialize?prefCd=36&kikanCd=2365156990&kikanKbn=2", "url2": null, "内容": "中村外科内科【2:診療所】【診療科目:内科_胃腸内科_肛門内科_外科】徳島県徳島市中吉野町４丁目５０－２" }, "geometry": { "type": "Point", "coordinates": [ 134.549239, 34.086067 ] } },
{ "type": "Feature", "properties": { "ID": 3622365157030, "正式名称": "つかさクリニック", "機関区分": 2, "都道府県コード": 36, "市区町村コード": 402, "所在地": "徳島県板野郡北島町中村字上地８—１", "緯度": 34.126718, "経度": 134.547865, "url": "https://www.iryou.teikyouseido.mhlw.go.jp/znk-web/juminkanja/S2430/initialize?prefCd=36&kikanCd=2365157030&kikanKbn=2", "url2": "http://www.t-clinic.net", "内容": "つかさクリニック【2:診療所】【診療科目:精神科_神経科_心療内科】徳島県板野郡北島町中村字上地８—１" }, "geometry": { "type": "Point", "coordinates": [ 134.547865, 34.126718 ] } },
{ "type": "Feature", "properties": { "ID": 3622365157320, "正式名称": "立花耳鼻咽喉科医院", "機関区分": 2, "都道府県コード": 36, "市区町村コード": 201, "所在地": "徳島県徳島市住吉６丁目１番７ー３号", "緯度": 34.076017, "経度": 134.575953, "url": "https://www.iryou.teikyouseido.mhlw.go.jp/znk-web/juminkanja/S2430/initialize?prefCd=36&kikanCd=2365157320&kikanKbn=2", "url2": "https://www.tachibanajibiinkouka.com", "内容": "立花耳鼻咽喉科医院【2:診療所】【診療科目:耳鼻いんこう科】徳島県徳島市住吉６丁目１番７ー３号" }, "geometry": { "type": "Point", "coordinates": [ 134.575953, 34.076017 ] } },
{ "type": "Feature", "properties": { "ID": 3622365157450, "正式名称": "三河眼科", "機関区分": 2, "都道府県コード": 36, "市区町村コード": 201, "所在地": "徳島県徳島市幸町３－３４－１", "緯度": 34.068525, "経度": 134.553576, "url": "https://www.iryou.teikyouseido.mhlw.go.jp/znk-web/juminkanja/S2430/initialize?prefCd=36&kikanCd=2365157450&kikanKbn=2", "url2": "http://wwwc.pikara.ne.jp/mikawaganka/", "内容": "三河眼科【2:診療所】【診療科目:眼科】徳島県徳島市幸町３－３４－１" }, "geometry": { "type": "Point", "coordinates": [ 134.553576, 34.068525 ] } },
{ "type": "Feature", "properties": { "ID": 3622365157610, "正式名称": "白井皮ふ科", "機関区分": 2, "都道府県コード": 36, "市区町村コード": 201, "所在地": "徳島県徳島市南田宮三丁目４番１１号", "緯度": 34.085436, "経度": 134.538317, "url": "https://www.iryou.teikyouseido.mhlw.go.jp/znk-web/juminkanja/S2430/initialize?prefCd=36&kikanCd=2365157610&kikanKbn=2", "url2": null, "内容": "白井皮ふ科【2:診療所】【診療科目:皮膚科】徳島県徳島市南田宮三丁目４番１１号" }, "geometry": { "type": "Point", "coordinates": [ 134.538317, 34.085436 ] } },
{ "type": "Feature", "properties": { "ID": 3622365157740, "正式名称": "記本耳鼻咽喉科クリニック", "機関区分": 2, "都道府県コード": 36, "市区町村コード": 341, "所在地": "徳島県名西郡石井町高川原字高川原５００－１", "緯度": 34.071253, "経度": 134.442401, "url": "https://www.iryou.teikyouseido.mhlw.go.jp/znk-web/juminkanja/S2430/initialize?prefCd=36&kikanCd=2365157740&kikanKbn=2", "url2": null, "内容": "記本耳鼻咽喉科クリニック【2:診療所】【診療科目:耳鼻いんこう科_頭頸部・耳鼻いんこう科_耳鼻咽喉科】徳島県名西郡石井町高川原字高川原５００－１" }, "geometry": { "type": "Point", "coordinates": [ 134.442401, 34.071253 ] } },
{ "type": "Feature", "properties": { "ID": 3622365157870, "正式名称": "赤池クリニック", "機関区分": 2, "都道府県コード": 36, "市区町村コード": 201, "所在地": "徳島県徳島市元町１丁目７番地　アベニュー元町ビル４階", "緯度": 34.072993, "経度": 134.550542, "url": "https://www.iryou.teikyouseido.mhlw.go.jp/znk-web/juminkanja/S2430/initialize?prefCd=36&kikanCd=2365157870&kikanKbn=2", "url2": null, "内容": "赤池クリニック【2:診療所】【診療科目:美容皮膚科】徳島県徳島市元町１丁目７番地　アベニュー元町ビル４階" }, "geometry": { "type": "Point", "coordinates": [ 134.550542, 34.072993 ] } },
{ "type": "Feature", "properties": { "ID": 3622365157900, "正式名称": "梅原整形外科", "機関区分": 2, "都道府県コード": 36, "市区町村コード": 201, "所在地": "徳島県徳島市末広４丁目８番７号", "緯度": 34.067236, "経度": 134.581361, "url": "https://www.iryou.teikyouseido.mhlw.go.jp/znk-web/juminkanja/S2430/initialize?prefCd=36&kikanCd=2365157900&kikanKbn=2", "url2": null, "内容": "梅原整形外科【2:診療所】【診療科目:整形外科_リウマチ科_リハビリテーション科】徳島県徳島市末広４丁目８番７号" }, "geometry": { "type": "Point", "coordinates": [ 134.581361, 34.067236 ] } },
{ "type": "Feature", "properties": { "ID": 3622365158040, "正式名称": "梶産婦人科", "機関区分": 2, "都道府県コード": 36, "市区町村コード": 201, "所在地": "徳島県徳島市寺島本町東２丁目２２番地２", "緯度": 34.073287, "経度": 134.552487, "url": "https://www.iryou.teikyouseido.mhlw.go.jp/znk-web/juminkanja/S2430/initialize?prefCd=36&kikanCd=2365158040&kikanKbn=2", "url2": "https://www.kaji-sanfujinka.com", "内容": "梶産婦人科【2:診療所】【診療科目:産婦人科_産科_婦人科】徳島県徳島市寺島本町東２丁目２２番地２" }, "geometry": { "type": "Point", "coordinates": [ 134.552487, 34.073287 ] } },
{ "type": "Feature", "properties": { "ID": 3622365158170, "正式名称": "坂東ハートクリニック", "機関区分": 2, "都道府県コード": 36, "市区町村コード": 201, "所在地": "徳島県徳島市三軒屋町下分２８－２", "緯度": 34.038613, "経度": 134.549475, "url": "https://www.iryou.teikyouseido.mhlw.go.jp/znk-web/juminkanja/S2430/initialize?prefCd=36&kikanCd=2365158170&kikanKbn=2", "url2": "http://www.bandoheart.jp", "内容": "坂東ハートクリニック【2:診療所】【診療科目:内科_循環器内科_心臓血管外科】徳島県徳島市三軒屋町下分２８－２" }, "geometry": { "type": "Point", "coordinates": [ 134.549475, 34.038613 ] } },
{ "type": "Feature", "properties": { "ID": 3622365158200, "正式名称": "田山チャイルドクリニック", "機関区分": 2, "都道府県コード": 36, "市区町村コード": 201, "所在地": "徳島県徳島市北矢三町３丁目３番４１号", "緯度": 34.089026, "経度": 134.520464, "url": "https://www.iryou.teikyouseido.mhlw.go.jp/znk-web/juminkanja/S2430/initialize?prefCd=36&kikanCd=2365158200&kikanKbn=2", "url2": "https://tayama-child-clinic.net", "内容": "田山チャイルドクリニック【2:診療所】【診療科目:内科_小児科】徳島県徳島市北矢三町３丁目３番４１号" }, "geometry": { "type": "Point", "coordinates": [ 134.520464, 34.089026 ] } },
{ "type": "Feature", "properties": { "ID": 3622365158330, "正式名称": "みやもと内科クリニック", "機関区分": 2, "都道府県コード": 36, "市区町村コード": 201, "所在地": "徳島県徳島市蔵本町３丁目２６番地", "緯度": 34.078096, "経度": 134.516848, "url": "https://www.iryou.teikyouseido.mhlw.go.jp/znk-web/juminkanja/S2430/initialize?prefCd=36&kikanCd=2365158330&kikanKbn=2", "url2": "http://clinic-miyamoto.com", "内容": "みやもと内科クリニック【2:診療所】【診療科目:内科_呼吸器内科_循環器内科_胃腸内科_リハビリテーション科】徳島県徳島市蔵本町３丁目２６番地" }, "geometry": { "type": "Point", "coordinates": [ 134.516848, 34.078096 ] } },
{ "type": "Feature", "properties": { "ID": 3622365158460, "正式名称": "仲之町ニコニコＫａｍＫａｍ歯科・矯正歯科", "機関区分": 2, "都道府県コード": 36, "市区町村コード": 201, "所在地": "徳島県徳島市仲之町１丁目３１番地", "緯度": 34.066534, "経度": 134.551342, "url": "https://www.iryou.teikyouseido.mhlw.go.jp/znk-web/juminkanja/S2430/initialize?prefCd=36&kikanCd=2365158460&kikanKbn=2", "url2": "http://www.aroma-coco.com/cgi-bin/aroma-coco/siteup.cgi?category=3&page=0", "内容": "仲之町ニコニコＫａｍＫａｍ歯科・矯正歯科【2:診療所】【診療科目:内科_歯科_矯正歯科】徳島県徳島市仲之町１丁目３１番地" }, "geometry": { "type": "Point", "coordinates": [ 134.551342, 34.066534 ] } },
{ "type": "Feature", "properties": { "ID": 3622365158620, "正式名称": "いしたに耳鼻咽喉科クリニック", "機関区分": 2, "都道府県コード": 36, "市区町村コード": 201, "所在地": "徳島県徳島市北矢三町三丁目２－５３", "緯度": 34.086618, "経度": 134.520882, "url": "https://www.iryou.teikyouseido.mhlw.go.jp/znk-web/juminkanja/S2430/initialize?prefCd=36&kikanCd=2365158620&kikanKbn=2", "url2": null, "内容": "いしたに耳鼻咽喉科クリニック【2:診療所】【診療科目:耳鼻いんこう科】徳島県徳島市北矢三町三丁目２－５３" }, "geometry": { "type": "Point", "coordinates": [ 134.520882, 34.086618 ] } },
{ "type": "Feature", "properties": { "ID": 3622365158880, "正式名称": "岡﨑内科循環器科", "機関区分": 2, "都道府県コード": 36, "市区町村コード": 202, "所在地": "徳島県鳴門市鳴門町高島字中島１－１", "緯度": 34.199238, "経度": 134.598398, "url": "https://www.iryou.teikyouseido.mhlw.go.jp/znk-web/juminkanja/S2430/initialize?prefCd=36&kikanCd=2365158880&kikanKbn=2", "url2": "http://www.okazakinaika.jp", "内容": "岡﨑内科循環器科【2:診療所】【診療科目:内科_循環器内科_小児科】徳島県鳴門市鳴門町高島字中島１－１" }, "geometry": { "type": "Point", "coordinates": [ 134.598398, 34.199238 ] } },
{ "type": "Feature", "properties": { "ID": 3622365158910, "正式名称": "いわさき耳鼻咽喉科", "機関区分": 2, "都道府県コード": 36, "市区町村コード": 402, "所在地": "徳島県板野郡北島町高房字百広花２３－１", "緯度": 34.115642, "経度": 134.539948, "url": "https://www.iryou.teikyouseido.mhlw.go.jp/znk-web/juminkanja/S2430/initialize?prefCd=36&kikanCd=2365158910&kikanKbn=2", "url2": null, "内容": "いわさき耳鼻咽喉科【2:診療所】【診療科目:耳鼻いんこう科】徳島県板野郡北島町高房字百広花２３－１" }, "geometry": { "type": "Point", "coordinates": [ 134.539948, 34.115642 ] } },
{ "type": "Feature", "properties": { "ID": 3622365159180, "正式名称": "板東診療所", "機関区分": 2, "都道府県コード": 36, "市区町村コード": 202, "所在地": "徳島県鳴門市大麻町板東字東山田８ー２", "緯度": 34.157364, "経度": 134.508573, "url": "https://www.iryou.teikyouseido.mhlw.go.jp/znk-web/juminkanja/S2430/initialize?prefCd=36&kikanCd=2365159180&kikanKbn=2", "url2": "http://nttbj.itp.ne.jp/0886891252/", "内容": "板東診療所【2:診療所】【診療科目:内科_呼吸器内科_消化器内科_アレルギー疾患内科_整形外科_小児科_アレルギー科】徳島県鳴門市大麻町板東字東山田８ー２" }, "geometry": { "type": "Point", "coordinates": [ 134.508573, 34.157364 ] } },
{ "type": "Feature", "properties": { "ID": 3622365159340, "正式名称": "平尾レディースクリニック", "機関区分": 2, "都道府県コード": 36, "市区町村コード": 201, "所在地": "徳島県徳島市西須賀町下中須８５－７", "緯度": 34.033226, "経度": 134.546471, "url": "https://www.iryou.teikyouseido.mhlw.go.jp/znk-web/juminkanja/S2430/initialize?prefCd=36&kikanCd=2365159340&kikanKbn=2", "url2": "http://www.hirao-ladiesclinic.net/", "内容": "平尾レディースクリニック【2:診療所】【診療科目:内科_産科_婦人科】徳島県徳島市西須賀町下中須８５－７" }, "geometry": { "type": "Point", "coordinates": [ 134.546471, 34.033226 ] } },
{ "type": "Feature", "properties": { "ID": 3622365159470, "正式名称": "内科クリニックオクムラ", "機関区分": 2, "都道府県コード": 36, "市区町村コード": 403, "所在地": "徳島県板野郡藍住町奥野字長江口７０番地７", "緯度": 34.123911, "経度": 134.482913, "url": "https://www.iryou.teikyouseido.mhlw.go.jp/znk-web/juminkanja/S2430/initialize?prefCd=36&kikanCd=2365159470&kikanKbn=2", "url2": "https://clinic-okumura.com/", "内容": "内科クリニックオクムラ【2:診療所】【診療科目:内科_呼吸器内科_循環器内科_消化器内科_リハビリテーション科】徳島県板野郡藍住町奥野字長江口７０番地７" }, "geometry": { "type": "Point", "coordinates": [ 134.482913, 34.123911 ] } },
{ "type": "Feature", "properties": { "ID": 3622365159630, "正式名称": "さかお皮フ科クリニック", "機関区分": 2, "都道府県コード": 36, "市区町村コード": 201, "所在地": "徳島県徳島市国府町井戸字左ヶ池１４－２", "緯度": 34.086991, "経度": 134.485762, "url": "https://www.iryou.teikyouseido.mhlw.go.jp/znk-web/juminkanja/S2430/initialize?prefCd=36&kikanCd=2365159630&kikanKbn=2", "url2": null, "内容": "さかお皮フ科クリニック【2:診療所】【診療科目:皮膚科】徳島県徳島市国府町井戸字左ヶ池１４－２" }, "geometry": { "type": "Point", "coordinates": [ 134.485762, 34.086991 ] } },
{ "type": "Feature", "properties": { "ID": 3622365159890, "正式名称": "杉みね整形クリニック", "機関区分": 2, "都道府県コード": 36, "市区町村コード": 403, "所在地": "徳島県板野郡藍住町東中富字直道傍示６８番１０", "緯度": 34.128947, "経度": 134.47448, "url": "https://www.iryou.teikyouseido.mhlw.go.jp/znk-web/juminkanja/S2430/initialize?prefCd=36&kikanCd=2365159890&kikanKbn=2", "url2": null, "内容": "杉みね整形クリニック【2:診療所】【診療科目:整形外科_リウマチ科_リハビリテーション科】徳島県板野郡藍住町東中富字直道傍示６８番１０" }, "geometry": { "type": "Point", "coordinates": [ 134.47448, 34.128947 ] } },
{ "type": "Feature", "properties": { "ID": 3622365160030, "正式名称": "高石司耳鼻咽喉科", "機関区分": 2, "都道府県コード": 36, "市区町村コード": 201, "所在地": "徳島県徳島市城東町１丁目１９７番地", "緯度": 34.07184, "経度": 134.573464, "url": "https://www.iryou.teikyouseido.mhlw.go.jp/znk-web/juminkanja/S2430/initialize?prefCd=36&kikanCd=2365160030&kikanKbn=2", "url2": null, "内容": "高石司耳鼻咽喉科【2:診療所】【診療科目:耳鼻いんこう科】徳島県徳島市城東町１丁目１９７番地" }, "geometry": { "type": "Point", "coordinates": [ 134.573464, 34.07184 ] } },
{ "type": "Feature", "properties": { "ID": 3622365160450, "正式名称": "宮岡皮ふ科医院", "機関区分": 2, "都道府県コード": 36, "市区町村コード": 201, "所在地": "徳島県徳島市仲之町２丁目３０番地", "緯度": 34.066234, "経度": 134.552575, "url": "https://www.iryou.teikyouseido.mhlw.go.jp/znk-web/juminkanja/S2430/initialize?prefCd=36&kikanCd=2365160450&kikanKbn=2", "url2": null, "内容": "宮岡皮ふ科医院【2:診療所】【診療科目:皮膚科】徳島県徳島市仲之町２丁目３０番地" }, "geometry": { "type": "Point", "coordinates": [ 134.552575, 34.066234 ] } },
{ "type": "Feature", "properties": { "ID": 3622365160580, "正式名称": "若槻クリニック", "機関区分": 2, "都道府県コード": 36, "市区町村コード": 201, "所在地": "徳島県徳島市安宅２丁目７－３８", "緯度": 34.069455, "経度": 134.576729, "url": "https://www.iryou.teikyouseido.mhlw.go.jp/znk-web/juminkanja/S2430/initialize?prefCd=36&kikanCd=2365160580&kikanKbn=2", "url2": "https://www.wakatsuki-clinic.info/", "内容": "若槻クリニック【2:診療所】【診療科目:内科_小児科_リハビリテーション科_病理診断科】徳島県徳島市安宅２丁目７－３８" }, "geometry": { "type": "Point", "coordinates": [ 134.576729, 34.069455 ] } },
{ "type": "Feature", "properties": { "ID": 3622365160740, "正式名称": "アイクリニック常三島", "機関区分": 2, "都道府県コード": 36, "市区町村コード": 201, "所在地": "徳島県徳島市中常三島町３ー２ー２", "緯度": 34.079145, "経度": 134.564066, "url": "https://www.iryou.teikyouseido.mhlw.go.jp/znk-web/juminkanja/S2430/initialize?prefCd=36&kikanCd=2365160740&kikanKbn=2", "url2": null, "内容": "アイクリニック常三島【2:診療所】【診療科目:眼科】徳島県徳島市中常三島町３ー２ー２" }, "geometry": { "type": "Point", "coordinates": [ 134.564066, 34.079145 ] } },
{ "type": "Feature", "properties": { "ID": 362236516087, "正式名称": "富田橋クリニック", "機関区分": 2, "都道府県コード": 36, "市区町村コード": 201, "所在地": "徳島県徳島市富田橋５丁目２２", "緯度": 34.060215, "経度": 134.550601, "url": "https://www.iryou.teikyouseido.mhlw.go.jp/znk-web/juminkanja/S2430/initialize?prefCd=36&kikanCd=236516087&kikanKbn=2", "url2": "http://www.tomida-clinic.com", "内容": "富田橋クリニック【2:診療所】【診療科目:内科_精神科_心療内科】徳島県徳島市富田橋５丁目２２" }, "geometry": { "type": "Point", "coordinates": [ 134.550601, 34.060215 ] } },
{ "type": "Feature", "properties": { "ID": 362236516104, "正式名称": "福本眼科", "機関区分": 2, "都道府県コード": 36, "市区町村コード": 201, "所在地": "徳島県徳島市山城西４丁目７番地２", "緯度": 34.049053, "経度": 134.553407, "url": "https://www.iryou.teikyouseido.mhlw.go.jp/znk-web/juminkanja/S2430/initialize?prefCd=36&kikanCd=236516104&kikanKbn=2", "url2": "http://www.fukumotoganka.jp/", "内容": "福本眼科【2:診療所】【診療科目:眼科】徳島県徳島市山城西４丁目７番地２" }, "geometry": { "type": "Point", "coordinates": [ 134.553407, 34.049053 ] } },
{ "type": "Feature", "properties": { "ID": 362236516117, "正式名称": "片岡内科消化器クリニック", "機関区分": 2, "都道府県コード": 36, "市区町村コード": 201, "所在地": "徳島県徳島市佐古五番町１１－１７", "緯度": 34.0795, "経度": 134.531976, "url": "https://www.iryou.teikyouseido.mhlw.go.jp/znk-web/juminkanja/S2430/initialize?prefCd=36&kikanCd=236516117&kikanKbn=2", "url2": "https://www.kataoka-clinic.net", "内容": "片岡内科消化器クリニック【2:診療所】【診療科目:内科_消化器内科】徳島県徳島市佐古五番町１１－１７" }, "geometry": { "type": "Point", "coordinates": [ 134.531976, 34.0795 ] } },
{ "type": "Feature", "properties": { "ID": 3622365161460, "正式名称": "藤野内科クリニック", "機関区分": 2, "都道府県コード": 36, "市区町村コード": 201, "所在地": "徳島県徳島市新浜本町３丁目６番６号", "緯度": 34.046668, "経度": 134.566898, "url": "https://www.iryou.teikyouseido.mhlw.go.jp/znk-web/juminkanja/S2430/initialize?prefCd=36&kikanCd=2365161460&kikanKbn=2", "url2": "http://health.yahoo.co.jp/hospital/detail/983889/", "内容": "藤野内科クリニック【2:診療所】【診療科目:内科_血液内科】徳島県徳島市新浜本町３丁目６番６号" }, "geometry": { "type": "Point", "coordinates": [ 134.566898, 34.046668 ] } },
{ "type": "Feature", "properties": { "ID": 3622365161750, "正式名称": "今井メンタルクリニック", "機関区分": 2, "都道府県コード": 36, "市区町村コード": 202, "所在地": "徳島県鳴門市撫養町黒崎字八幡１１３－１", "緯度": 34.183608, "経度": 134.594485, "url": "https://www.iryou.teikyouseido.mhlw.go.jp/znk-web/juminkanja/S2430/initialize?prefCd=36&kikanCd=2365161750&kikanKbn=2", "url2": "https://www.imai-mental.com/", "内容": "今井メンタルクリニック【2:診療所】【診療科目:内科_精神科_神経科_心療内科】徳島県鳴門市撫養町黒崎字八幡１１３－１" }, "geometry": { "type": "Point", "coordinates": [ 134.594485, 34.183608 ] } },
{ "type": "Feature", "properties": { "ID": 3622365161880, "正式名称": "愛育小児科", "機関区分": 2, "都道府県コード": 36, "市区町村コード": 201, "所在地": "徳島県徳島市国府町桜間字登々路８番１", "緯度": 34.084032, "経度": 134.465704, "url": "https://www.iryou.teikyouseido.mhlw.go.jp/znk-web/juminkanja/S2430/initialize?prefCd=36&kikanCd=2365161880&kikanKbn=2", "url2": "http://www.aiiku.info/", "内容": "愛育小児科【2:診療所】【診療科目:小児科_アレルギー科】徳島県徳島市国府町桜間字登々路８番１" }, "geometry": { "type": "Point", "coordinates": [ 134.465704, 34.084032 ] } },
{ "type": "Feature", "properties": { "ID": 3622365162630, "正式名称": "津田クリニック", "機関区分": 2, "都道府県コード": 36, "市区町村コード": 201, "所在地": "徳島県徳島市津田本町４丁目２番８７号", "緯度": 34.046518, "経度": 134.575675, "url": "https://www.iryou.teikyouseido.mhlw.go.jp/znk-web/juminkanja/S2430/initialize?prefCd=36&kikanCd=2365162630&kikanKbn=2", "url2": "http://www.tsuda-c.com/", "内容": "津田クリニック【2:診療所】【診療科目:内科_外科_整形外科_リハビリテーション科】徳島県徳島市津田本町４丁目２番８７号" }, "geometry": { "type": "Point", "coordinates": [ 134.575675, 34.046518 ] } },
{ "type": "Feature", "properties": { "ID": 3622365162760, "正式名称": "だいとうレディースクリニック", "機関区分": 2, "都道府県コード": 36, "市区町村コード": 202, "所在地": "徳島県鳴門市撫養町大桑島字北浜７１", "緯度": 34.189689, "経度": 134.603291, "url": "https://www.iryou.teikyouseido.mhlw.go.jp/znk-web/juminkanja/S2430/initialize?prefCd=36&kikanCd=2365162760&kikanKbn=2", "url2": "http://www.daito-lc.com/", "内容": "だいとうレディースクリニック【2:診療所】【診療科目:内科_産婦人科】徳島県鳴門市撫養町大桑島字北浜７１" }, "geometry": { "type": "Point", "coordinates": [ 134.603291, 34.189689 ] } },
{ "type": "Feature", "properties": { "ID": 3622365163060, "正式名称": "高杉内科外科小児科脳外科", "機関区分": 2, "都道府県コード": 36, "市区町村コード": 201, "所在地": "徳島県徳島市国府町芝原字天満２５番１", "緯度": 34.099581, "経度": 134.463472, "url": "https://www.iryou.teikyouseido.mhlw.go.jp/znk-web/juminkanja/S2430/initialize?prefCd=36&kikanCd=2365163060&kikanKbn=2", "url2": "http://www.tk2.nmt.ne.jp/~takasugihosp/", "内容": "高杉内科外科小児科脳外科【2:診療所】【診療科目:内科_呼吸器内科_循環器内科_消化器内科_胃腸内科_外科_脳神経外科_整形外科_小児科_リウマチ科_リハビリテーション科】徳島県徳島市国府町芝原字天満２５番１" }, "geometry": { "type": "Point", "coordinates": [ 134.463472, 34.099581 ] } },
{ "type": "Feature", "properties": { "ID": 3622365163220, "正式名称": "おきクリニック", "機関区分": 2, "都道府県コード": 36, "市区町村コード": 201, "所在地": "徳島県徳島市昭和町７丁目２９ー１", "緯度": 34.05825, "経度": 134.568551, "url": "https://www.iryou.teikyouseido.mhlw.go.jp/znk-web/juminkanja/S2430/initialize?prefCd=36&kikanCd=2365163220&kikanKbn=2", "url2": "http://www.oki-cl.com", "内容": "おきクリニック【2:診療所】【診療科目:内科_脳神経外科_リハビリテーション科】徳島県徳島市昭和町７丁目２９ー１" }, "geometry": { "type": "Point", "coordinates": [ 134.568551, 34.05825 ] } },
{ "type": "Feature", "properties": { "ID": 3622365163350, "正式名称": "健生きたじまクリニック", "機関区分": 2, "都道府県コード": 36, "市区町村コード": 402, "所在地": "徳島県板野郡北島町中村字東開１４－１", "緯度": 34.12469, "経度": 134.54782, "url": "https://www.iryou.teikyouseido.mhlw.go.jp/znk-web/juminkanja/S2430/initialize?prefCd=36&kikanCd=2365163350&kikanKbn=2", "url2": "http://sukusuku.betoku.jp/", "内容": "健生きたじまクリニック【2:診療所】【診療科目:内科_小児科_アレルギー科】徳島県板野郡北島町中村字東開１４－１" }, "geometry": { "type": "Point", "coordinates": [ 134.54782, 34.12469 ] } },
{ "type": "Feature", "properties": { "ID": 3622365163510, "正式名称": "惠美クリニック", "機関区分": 2, "都道府県コード": 36, "市区町村コード": 341, "所在地": "徳島県名西郡石井町石井字白鳥２２１－６", "緯度": 34.070862, "経度": 134.458537, "url": "https://www.iryou.teikyouseido.mhlw.go.jp/znk-web/juminkanja/S2430/initialize?prefCd=36&kikanCd=2365163510&kikanKbn=2", "url2": "http://www.myclinic.ne.jp/emi_clinic/", "内容": "惠美クリニック【2:診療所】【診療科目:内科_循環器内科】徳島県名西郡石井町石井字白鳥２２１－６" }, "geometry": { "type": "Point", "coordinates": [ 134.458537, 34.070862 ] } },
{ "type": "Feature", "properties": { "ID": 3622365163770, "正式名称": "津田ブレインクリニック", "機関区分": 2, "都道府県コード": 36, "市区町村コード": 202, "所在地": "徳島県鳴門市撫養町黒崎字八幡１１３－１", "緯度": 34.183526, "経度": 134.594809, "url": "https://www.iryou.teikyouseido.mhlw.go.jp/znk-web/juminkanja/S2430/initialize?prefCd=36&kikanCd=2365163770&kikanKbn=2", "url2": "http://tuda-brainclinic.com/", "内容": "津田ブレインクリニック【2:診療所】【診療科目:脳神経外科_小児科】徳島県鳴門市撫養町黒崎字八幡１１３－１" }, "geometry": { "type": "Point", "coordinates": [ 134.594809, 34.183526 ] } },
{ "type": "Feature", "properties": { "ID": 3622365163800, "正式名称": "とくしま耳鼻咽喉科クリニック", "機関区分": 2, "都道府県コード": 36, "市区町村コード": 201, "所在地": "徳島県徳島市応神町東貞方字北野９３番地１", "緯度": 34.124098, "経度": 134.521438, "url": "https://www.iryou.teikyouseido.mhlw.go.jp/znk-web/juminkanja/S2430/initialize?prefCd=36&kikanCd=2365163800&kikanKbn=2", "url2": null, "内容": "とくしま耳鼻咽喉科クリニック【2:診療所】【診療科目:小児科_耳鼻いんこう科_気管食道科_アレルギー科】徳島県徳島市応神町東貞方字北野９３番地１" }, "geometry": { "type": "Point", "coordinates": [ 134.521438, 34.124098 ] } },
{ "type": "Feature", "properties": { "ID": 3622365163930, "正式名称": "たきファミリークリニック", "機関区分": 2, "都道府県コード": 36, "市区町村コード": 202, "所在地": "徳島県鳴門市撫養町黒崎字松島４５－６３", "緯度": 34.192922, "経度": 134.598433, "url": "https://www.iryou.teikyouseido.mhlw.go.jp/znk-web/juminkanja/S2430/initialize?prefCd=36&kikanCd=2365163930&kikanKbn=2", "url2": "http:// taki-family.jp", "内容": "たきファミリークリニック【2:診療所】【診療科目:内科_循環器内科_外科_心臓血管外科_小児科】徳島県鳴門市撫養町黒崎字松島４５－６３" }, "geometry": { "type": "Point", "coordinates": [ 134.598433, 34.192922 ] } },
{ "type": "Feature", "properties": { "ID": 3622365164070, "正式名称": "美馬内科クリニック", "機関区分": 2, "都道府県コード": 36, "市区町村コード": 201, "所在地": "徳島県徳島市大原町千代ヶ丸１２７－１", "緯度": 34.026839, "経度": 134.567102, "url": "https://www.iryou.teikyouseido.mhlw.go.jp/znk-web/juminkanja/S2430/initialize?prefCd=36&kikanCd=2365164070&kikanKbn=2", "url2": "https://www.mima-naika.com/", "内容": "美馬内科クリニック【2:診療所】【診療科目:内科_消化器内科_歯科】徳島県徳島市大原町千代ヶ丸１２７－１" }, "geometry": { "type": "Point", "coordinates": [ 134.567102, 34.026839 ] } },
{ "type": "Feature", "properties": { "ID": 3622365164100, "正式名称": "ひろクリニック", "機関区分": 2, "都道府県コード": 36, "市区町村コード": 201, "所在地": "徳島県徳島市八万町内浜１５－６", "緯度": 34.04817, "経度": 134.542458, "url": "https://www.iryou.teikyouseido.mhlw.go.jp/znk-web/juminkanja/S2430/initialize?prefCd=36&kikanCd=2365164100&kikanKbn=2", "url2": null, "内容": "ひろクリニック【2:診療所】【診療科目:内科_小児科_皮膚科】徳島県徳島市八万町内浜１５－６" }, "geometry": { "type": "Point", "coordinates": [ 134.542458, 34.04817 ] } },
{ "type": "Feature", "properties": { "ID": 3622365164230, "正式名称": "みやざき内科診療所", "機関区分": 2, "都道府県コード": 36, "市区町村コード": 404, "所在地": "徳島県板野郡板野町羅漢字前田５６番地３", "緯度": 34.132877, "経度": 134.432555, "url": "https://www.iryou.teikyouseido.mhlw.go.jp/znk-web/juminkanja/S2430/initialize?prefCd=36&kikanCd=2365164230&kikanKbn=2", "url2": null, "内容": "みやざき内科診療所【2:診療所】【診療科目:内科_消化器内科】徳島県板野郡板野町羅漢字前田５６番地３" }, "geometry": { "type": "Point", "coordinates": [ 134.432555, 34.132877 ] } },
{ "type": "Feature", "properties": { "ID": 3622365164490, "正式名称": "正木整形・リハビリクリニック", "機関区分": 2, "都道府県コード": 36, "市区町村コード": 201, "所在地": "徳島県徳島市八万町大野１１５番地３", "緯度": 34.043158, "経度": 134.550858, "url": "https://www.iryou.teikyouseido.mhlw.go.jp/znk-web/juminkanja/S2430/initialize?prefCd=36&kikanCd=2365164490&kikanKbn=2", "url2": "http://masakisei-riha.sub.jp", "内容": "正木整形・リハビリクリニック【2:診療所】【診療科目:内科_整形外科_皮膚科_リウマチ科_リハビリテーション科】徳島県徳島市八万町大野１１５番地３" }, "geometry": { "type": "Point", "coordinates": [ 134.550858, 34.043158 ] } },
{ "type": "Feature", "properties": { "ID": 3622365164520, "正式名称": "増田クリニック", "機関区分": 2, "都道府県コード": 36, "市区町村コード": 403, "所在地": "徳島県板野郡藍住町矢上字原１７４－１", "緯度": 34.126753, "経度": 134.501699, "url": "https://www.iryou.teikyouseido.mhlw.go.jp/znk-web/juminkanja/S2430/initialize?prefCd=36&kikanCd=2365164520&kikanKbn=2", "url2": "http://www.itanomed.jp/a-masuda.htm", "内容": "増田クリニック【2:診療所】【診療科目:内科_循環器内科_ペインクリニック内科_心臓血管外科】徳島県板野郡藍住町矢上字原１７４－１" }, "geometry": { "type": "Point", "coordinates": [ 134.501699, 34.126753 ] } },
{ "type": "Feature", "properties": { "ID": 3622365164650, "正式名称": "かわぶち耳鼻咽喉科", "機関区分": 2, "都道府県コード": 36, "市区町村コード": 201, "所在地": "徳島県徳島市八万町大野９１－１", "緯度": 34.041334, "経度": 134.547951, "url": "https://www.iryou.teikyouseido.mhlw.go.jp/znk-web/juminkanja/S2430/initialize?prefCd=36&kikanCd=2365164650&kikanKbn=2", "url2": null, "内容": "かわぶち耳鼻咽喉科【2:診療所】【診療科目:耳鼻いんこう科】徳島県徳島市八万町大野９１－１" }, "geometry": { "type": "Point", "coordinates": [ 134.547951, 34.041334 ] } },
{ "type": "Feature", "properties": { "ID": 3622365165240, "正式名称": "こおりクリニック", "機関区分": 2, "都道府県コード": 36, "市区町村コード": 201, "所在地": "徳島県徳島市新浜本町１丁目７－６６", "緯度": 34.043805, "経度": 134.572681, "url": "https://www.iryou.teikyouseido.mhlw.go.jp/znk-web/juminkanja/S2430/initialize?prefCd=36&kikanCd=2365165240&kikanKbn=2", "url2": "http://kori-clinic.com", "内容": "こおりクリニック【2:診療所】【診療科目:内科_消化器内科_外科_アレルギー科】徳島県徳島市新浜本町１丁目７－６６" }, "geometry": { "type": "Point", "coordinates": [ 134.572681, 34.043805 ] } },
{ "type": "Feature", "properties": { "ID": 3622365165820, "正式名称": "沖浜皮フ科クリニック", "機関区分": 2, "都道府県コード": 36, "市区町村コード": 201, "所在地": "徳島県徳島市沖浜３丁目６５", "緯度": 34.049415, "経度": 134.549807, "url": "https://www.iryou.teikyouseido.mhlw.go.jp/znk-web/juminkanja/S2430/initialize?prefCd=36&kikanCd=2365165820&kikanKbn=2", "url2": "http://www.okinohama-hifuka.com/", "内容": "沖浜皮フ科クリニック【2:診療所】【診療科目:形成外科_皮膚科_美容皮膚科】徳島県徳島市沖浜３丁目６５" }, "geometry": { "type": "Point", "coordinates": [ 134.549807, 34.049415 ] } },
{ "type": "Feature", "properties": { "ID": 3622365165950, "正式名称": "みどり内科クリニック", "機関区分": 2, "都道府県コード": 36, "市区町村コード": 201, "所在地": "徳島県徳島市北矢三町３丁目３－２７　グランドハイツ矢三１Ｆ", "緯度": 34.088486, "経度": 134.519796, "url": "https://www.iryou.teikyouseido.mhlw.go.jp/znk-web/juminkanja/S2430/initialize?prefCd=36&kikanCd=2365165950&kikanKbn=2", "url2": "http://wwwe.pikara.ne.jp/midorinaika", "内容": "みどり内科クリニック【2:診療所】【診療科目:内科_呼吸器内科_循環器内科_アレルギー科】徳島県徳島市北矢三町３丁目３－２７　グランドハイツ矢三１Ｆ" }, "geometry": { "type": "Point", "coordinates": [ 134.519796, 34.088486 ] } },
{ "type": "Feature", "properties": { "ID": 3622365166120, "正式名称": "田宮メンタルクリニック", "機関区分": 2, "都道府県コード": 36, "市区町村コード": 201, "所在地": "徳島県徳島市北田宮３丁目１－１", "緯度": 34.086847, "経度": 134.53888, "url": "https://www.iryou.teikyouseido.mhlw.go.jp/znk-web/juminkanja/S2430/initialize?prefCd=36&kikanCd=2365166120&kikanKbn=2", "url2": null, "内容": "田宮メンタルクリニック【2:診療所】【診療科目:精神科_心療内科】徳島県徳島市北田宮３丁目１－１" }, "geometry": { "type": "Point", "coordinates": [ 134.53888, 34.086847 ] } },
{ "type": "Feature", "properties": { "ID": 3622365166540, "正式名称": "一般社団法人徳島県労働基準協会連合会健診部", "機関区分": 2, "都道府県コード": 36, "市区町村コード": 201, "所在地": "徳島県徳島市北佐古一番町５番１２号　ＪＡ会館８階", "緯度": 34.082042, "経度": 134.53851, "url": "https://www.iryou.teikyouseido.mhlw.go.jp/znk-web/juminkanja/S2430/initialize?prefCd=36&kikanCd=2365166540&kikanKbn=2", "url2": null, "内容": "一般社団法人徳島県労働基準協会連合会健診部【2:診療所】【診療科目:内科】徳島県徳島市北佐古一番町５番１２号　ＪＡ会館８階" }, "geometry": { "type": "Point", "coordinates": [ 134.53851, 34.082042 ] } },
{ "type": "Feature", "properties": { "ID": 3622365166670, "正式名称": "こまつばら整形外科", "機関区分": 2, "都道府県コード": 36, "市区町村コード": 402, "所在地": "徳島県板野郡北島町中村字城屋敷１９－１１", "緯度": 34.131558, "経度": 134.548745, "url": "https://www.iryou.teikyouseido.mhlw.go.jp/znk-web/juminkanja/S2430/initialize?prefCd=36&kikanCd=2365166670&kikanKbn=2", "url2": "http://komatsubara-clinic.com", "内容": "こまつばら整形外科【2:診療所】【診療科目:整形外科】徳島県板野郡北島町中村字城屋敷１９－１１" }, "geometry": { "type": "Point", "coordinates": [ 134.548745, 34.131558 ] } },
{ "type": "Feature", "properties": { "ID": 3622365166700, "正式名称": "しんくら女性クリニック", "機関区分": 2, "都道府県コード": 36, "市区町村コード": 201, "所在地": "徳島県徳島市新蔵町３丁目５９番地", "緯度": 34.069845, "経度": 134.561706, "url": "https://www.iryou.teikyouseido.mhlw.go.jp/znk-web/juminkanja/S2430/initialize?prefCd=36&kikanCd=2365166700&kikanKbn=2", "url2": "http://shinkurajosei-clinic.jp", "内容": "しんくら女性クリニック【2:診療所】【診療科目:産婦人科】徳島県徳島市新蔵町３丁目５９番地" }, "geometry": { "type": "Point", "coordinates": [ 134.561706, 34.069845 ] } },
{ "type": "Feature", "properties": { "ID": 3622365167260, "正式名称": "ルナウイメンズクリニック", "機関区分": 2, "都道府県コード": 36, "市区町村コード": 402, "所在地": "徳島県板野郡北島町中村字城屋敷１９－１３", "緯度": 34.131478, "経度": 134.54845, "url": "https://www.iryou.teikyouseido.mhlw.go.jp/znk-web/juminkanja/S2430/initialize?prefCd=36&kikanCd=2365167260&kikanKbn=2", "url2": "http://luna-wc.com/", "内容": "ルナウイメンズクリニック【2:診療所】【診療科目:女性内科_産婦人科】徳島県板野郡北島町中村字城屋敷１９－１３" }, "geometry": { "type": "Point", "coordinates": [ 134.54845, 34.131478 ] } },
{ "type": "Feature", "properties": { "ID": 3622365167420, "正式名称": "赤沢透析クリニック", "機関区分": 2, "都道府県コード": 36, "市区町村コード": 201, "所在地": "徳島県徳島市川内町沖島６８番地の１", "緯度": 34.100714, "経度": 134.578051, "url": "https://www.iryou.teikyouseido.mhlw.go.jp/znk-web/juminkanja/S2430/initialize?prefCd=36&kikanCd=2365167420&kikanKbn=2", "url2": "http://www.akazawaiin.jp/", "内容": "赤沢透析クリニック【2:診療所】【診療科目:内科_人工透析内科_泌尿器科】徳島県徳島市川内町沖島６８番地の１" }, "geometry": { "type": "Point", "coordinates": [ 134.578051, 34.100714 ] } },
{ "type": "Feature", "properties": { "ID": 3622365167970, "正式名称": "齋藤醫院", "機関区分": 2, "都道府県コード": 36, "市区町村コード": 201, "所在地": "徳島県徳島市八百屋町２丁目１６番地", "緯度": 34.072264, "経度": 134.551677, "url": "https://www.iryou.teikyouseido.mhlw.go.jp/znk-web/juminkanja/S2430/initialize?prefCd=36&kikanCd=2365167970&kikanKbn=2", "url2": "http://saitou-iin.jp/smarts/index/1/", "内容": "齋藤醫院【2:診療所】【診療科目:内科_消化器内科_肝臓内科_疼痛緩和内科_整形外科_リウマチ科_麻酔科】徳島県徳島市八百屋町２丁目１６番地" }, "geometry": { "type": "Point", "coordinates": [ 134.551677, 34.072264 ] } },
{ "type": "Feature", "properties": { "ID": 3622365168010, "正式名称": "はまだ整形外科リウマチクリニック", "機関区分": 2, "都道府県コード": 36, "市区町村コード": 201, "所在地": "徳島県徳島市川内町大松８０２－１", "緯度": 34.123081, "経度": 134.573958, "url": "https://www.iryou.teikyouseido.mhlw.go.jp/znk-web/juminkanja/S2430/initialize?prefCd=36&kikanCd=2365168010&kikanKbn=2", "url2": "https://hamada-seikei.com", "内容": "はまだ整形外科リウマチクリニック【2:診療所】【診療科目:整形外科_リウマチ科_リハビリテーション科】徳島県徳島市川内町大松８０２－１" }, "geometry": { "type": "Point", "coordinates": [ 134.573958, 34.123081 ] } },
{ "type": "Feature", "properties": { "ID": 3622365168300, "正式名称": "かしま耳鼻咽喉科クリニック", "機関区分": 2, "都道府県コード": 36, "市区町村コード": 203, "所在地": "徳島県小松島市日開野町破閑道２４－６", "緯度": 34.003742, "経度": 134.582458, "url": "https://www.iryou.teikyouseido.mhlw.go.jp/znk-web/juminkanja/S2430/initialize?prefCd=36&kikanCd=2365168300&kikanKbn=2", "url2": null, "内容": "かしま耳鼻咽喉科クリニック【2:診療所】【診療科目:耳鼻いんこう科_アレルギー科】徳島県小松島市日開野町破閑道２４－６" }, "geometry": { "type": "Point", "coordinates": [ 134.582458, 34.003742 ] } },
{ "type": "Feature", "properties": { "ID": 3622365168560, "正式名称": "ほとり内科", "機関区分": 2, "都道府県コード": 36, "市区町村コード": 201, "所在地": "徳島県徳島市川内町大松８０２－３", "緯度": 34.121993, "経度": 134.574698, "url": "https://www.iryou.teikyouseido.mhlw.go.jp/znk-web/juminkanja/S2430/initialize?prefCd=36&kikanCd=2365168560&kikanKbn=2", "url2": "http://hotori-naika.jp/", "内容": "ほとり内科【2:診療所】【診療科目:内科_消化器内科】徳島県徳島市川内町大松８０２－３" }, "geometry": { "type": "Point", "coordinates": [ 134.574698, 34.121993 ] } },
{ "type": "Feature", "properties": { "ID": 3622365168850, "正式名称": "健生石井クリニック", "機関区分": 2, "都道府県コード": 36, "市区町村コード": 341, "所在地": "徳島県名西郡石井町高川原字高川原２１５５", "緯度": 34.081073, "経度": 134.446478, "url": "https://www.iryou.teikyouseido.mhlw.go.jp/znk-web/juminkanja/S2430/initialize?prefCd=36&kikanCd=2365168850&kikanKbn=2", "url2": "https://kensei-ishii.jp/", "内容": "健生石井クリニック【2:診療所】【診療科目:内科_消化器内科_肝臓内科_リハビリテーション科】徳島県名西郡石井町高川原字高川原２１５５" }, "geometry": { "type": "Point", "coordinates": [ 134.446478, 34.081073 ] } },
{ "type": "Feature", "properties": { "ID": 3622365169280, "正式名称": "こくふ眼科", "機関区分": 2, "都道府県コード": 36, "市区町村コード": 201, "所在地": "徳島県徳島市国府町早淵字池久保３３－５", "緯度": 34.072213, "経度": 134.486974, "url": "https://www.iryou.teikyouseido.mhlw.go.jp/znk-web/juminkanja/S2430/initialize?prefCd=36&kikanCd=2365169280&kikanKbn=2", "url2": null, "内容": "こくふ眼科【2:診療所】【診療科目:眼科】徳島県徳島市国府町早淵字池久保３３－５" }, "geometry": { "type": "Point", "coordinates": [ 134.486974, 34.072213 ] } },
{ "type": "Feature", "properties": { "ID": 3622365169310, "正式名称": "西新町二丁目クリニック", "機関区分": 2, "都道府県コード": 36, "市区町村コード": 201, "所在地": "徳島県徳島市西新町２丁目７番地の３", "緯度": 34.072471, "経度": 134.546063, "url": "https://www.iryou.teikyouseido.mhlw.go.jp/znk-web/juminkanja/S2430/initialize?prefCd=36&kikanCd=2365169310&kikanKbn=2", "url2": null, "内容": "西新町二丁目クリニック【2:診療所】【診療科目:内科_循環器内科_皮膚科_美容皮膚科】徳島県徳島市西新町２丁目７番地の３" }, "geometry": { "type": "Point", "coordinates": [ 134.546063, 34.072471 ] } },
{ "type": "Feature", "properties": { "ID": 3622365169440, "正式名称": "さいとう整形外科クリニック", "機関区分": 2, "都道府県コード": 36, "市区町村コード": 203, "所在地": "徳島県小松島市中田町字土持２１－２５", "緯度": 34.018394, "経度": 134.568636, "url": "https://www.iryou.teikyouseido.mhlw.go.jp/znk-web/juminkanja/S2430/initialize?prefCd=36&kikanCd=2365169440&kikanKbn=2", "url2": null, "内容": "さいとう整形外科クリニック【2:診療所】【診療科目:ペインクリニック外科_整形外科_リウマチ科_リハビリテーション科】徳島県小松島市中田町字土持２１－２５" }, "geometry": { "type": "Point", "coordinates": [ 134.568636, 34.018394 ] } },
{ "type": "Feature", "properties": { "ID": 3622365169570, "正式名称": "まつか整形リハビリクリニック", "機関区分": 2, "都道府県コード": 36, "市区町村コード": 201, "所在地": "徳島県徳島市吉野本町６丁目１６－３", "緯度": 34.088091, "経度": 134.552208, "url": "https://www.iryou.teikyouseido.mhlw.go.jp/znk-web/juminkanja/S2430/initialize?prefCd=36&kikanCd=2365169570&kikanKbn=2", "url2": null, "内容": "まつか整形リハビリクリニック【2:診療所】【診療科目:整形外科_リハビリテーション科】徳島県徳島市吉野本町６丁目１６－３" }, "geometry": { "type": "Point", "coordinates": [ 134.552208, 34.088091 ] } },
{ "type": "Feature", "properties": { "ID": 3622365169600, "正式名称": "かまだ眼科", "機関区分": 2, "都道府県コード": 36, "市区町村コード": 401, "所在地": "徳島県板野郡松茂町中喜来字群恵１５３－１", "緯度": 34.141093, "経度": 134.587369, "url": "https://www.iryou.teikyouseido.mhlw.go.jp/znk-web/juminkanja/S2430/initialize?prefCd=36&kikanCd=2365169600&kikanKbn=2", "url2": "https://www.kamada-ganka.com/", "内容": "かまだ眼科【2:診療所】【診療科目:眼科】徳島県板野郡松茂町中喜来字群恵１５３－１" }, "geometry": { "type": "Point", "coordinates": [ 134.587369, 34.141093 ] } },
{ "type": "Feature", "properties": { "ID": 3622365169860, "正式名称": "大谷の里クリニック木洩れ日", "機関区分": 2, "都道府県コード": 36, "市区町村コード": 202, "所在地": "徳島県鳴門市大麻町池谷字大石５０－１", "緯度": 34.160792, "経度": 134.536639, "url": "https://www.iryou.teikyouseido.mhlw.go.jp/znk-web/juminkanja/S2430/initialize?prefCd=36&kikanCd=2365169860&kikanKbn=2", "url2": null, "内容": "大谷の里クリニック木洩れ日【2:診療所】【診療科目:内科_外科_肛門外科_ペインクリニック外科_皮膚科】徳島県鳴門市大麻町池谷字大石５０－１" }, "geometry": { "type": "Point", "coordinates": [ 134.536639, 34.160792 ] } },
{ "type": "Feature", "properties": { "ID": 3622365169990, "正式名称": "小松泌尿器科", "機関区分": 2, "都道府県コード": 36, "市区町村コード": 403, "所在地": "徳島県板野郡藍住町東中富字朏傍示１５番地１", "緯度": 34.129284, "経度": 134.474903, "url": "https://www.iryou.teikyouseido.mhlw.go.jp/znk-web/juminkanja/S2430/initialize?prefCd=36&kikanCd=2365169990&kikanKbn=2", "url2": "http://komatsu-clinic.com/", "内容": "小松泌尿器科【2:診療所】【診療科目:泌尿器科】徳島県板野郡藍住町東中富字朏傍示１５番地１" }, "geometry": { "type": "Point", "coordinates": [ 134.474903, 34.129284 ] } },
{ "type": "Feature", "properties": { "ID": 3622365170000, "正式名称": "聖寿館内科・消化器クリニック", "機関区分": 2, "都道府県コード": 36, "市区町村コード": 201, "所在地": "徳島県徳島市沖浜町明治開３３１－２４", "緯度": 34.049677, "経度": 134.546959, "url": "https://www.iryou.teikyouseido.mhlw.go.jp/znk-web/juminkanja/S2430/initialize?prefCd=36&kikanCd=2365170000&kikanKbn=2", "url2": null, "内容": "聖寿館内科・消化器クリニック【2:診療所】【診療科目:内科_消化器内科_小児科_心療内科】徳島県徳島市沖浜町明治開３３１－２４" }, "geometry": { "type": "Point", "coordinates": [ 134.546959, 34.049677 ] } },
{ "type": "Feature", "properties": { "ID": 3622365170130, "正式名称": "あお内科クリニック", "機関区分": 2, "都道府県コード": 36, "市区町村コード": 202, "所在地": "徳島県鳴門市撫養町立岩字六枚６７－８", "緯度": 34.170947, "経度": 134.614865, "url": "https://www.iryou.teikyouseido.mhlw.go.jp/znk-web/juminkanja/S2430/initialize?prefCd=36&kikanCd=2365170130&kikanKbn=2", "url2": "https://ao-naika-clinic.com/", "内容": "あお内科クリニック【2:診療所】【診療科目:内科_呼吸器内科_漢方内科_アレルギー科】徳島県鳴門市撫養町立岩字六枚６７－８" }, "geometry": { "type": "Point", "coordinates": [ 134.614865, 34.170947 ] } },
{ "type": "Feature", "properties": { "ID": 3622365170390, "正式名称": "すがい眼科", "機関区分": 2, "都道府県コード": 36, "市区町村コード": 202, "所在地": "徳島県鳴門市大津町吉永字五の越４１８番１", "緯度": 34.164845, "経度": 134.597443, "url": "https://www.iryou.teikyouseido.mhlw.go.jp/znk-web/juminkanja/S2430/initialize?prefCd=36&kikanCd=2365170390&kikanKbn=2", "url2": null, "内容": "すがい眼科【2:診療所】【診療科目:眼科】徳島県鳴門市大津町吉永字五の越４１８番１" }, "geometry": { "type": "Point", "coordinates": [ 134.597443, 34.164845 ] } },
{ "type": "Feature", "properties": { "ID": 3622365170550, "正式名称": "佐古あいじつクリニック", "機関区分": 2, "都道府県コード": 36, "市区町村コード": 201, "所在地": "徳島県徳島市佐古四番町６－１１", "緯度": 34.078018, "経度": 134.532333, "url": "https://www.iryou.teikyouseido.mhlw.go.jp/znk-web/juminkanja/S2430/initialize?prefCd=36&kikanCd=2365170550&kikanKbn=2", "url2": "http://youaijitsu.com/sakoaijitsu_clinic.html", "内容": "佐古あいじつクリニック【2:診療所】【診療科目:内科_呼吸器内科_循環器内科_外科_皮膚科】徳島県徳島市佐古四番町６－１１" }, "geometry": { "type": "Point", "coordinates": [ 134.532333, 34.078018 ] } },
{ "type": "Feature", "properties": { "ID": 3622365170710, "正式名称": "あいずみクリニック", "機関区分": 2, "都道府県コード": 36, "市区町村コード": 403, "所在地": "徳島県板野郡藍住町奥野字東中須８８番地の１　ゆめタウン徳島２階", "緯度": 34.118191, "経度": 134.502171, "url": "https://www.iryou.teikyouseido.mhlw.go.jp/znk-web/juminkanja/S2430/initialize?prefCd=36&kikanCd=2365170710&kikanKbn=2", "url2": "https://aizumi.navi-clinic.jp/", "内容": "あいずみクリニック【2:診療所】【診療科目:眼科】徳島県板野郡藍住町奥野字東中須８８番地の１　ゆめタウン徳島２階" }, "geometry": { "type": "Point", "coordinates": [ 134.502171, 34.118191 ] } },
{ "type": "Feature", "properties": { "ID": 3622365171010, "正式名称": "おかむら内科クリニック", "機関区分": 2, "都道府県コード": 36, "市区町村コード": 201, "所在地": "徳島県徳島市庄町１丁目２７－１", "緯度": 34.077507, "経度": 134.514754, "url": "https://www.iryou.teikyouseido.mhlw.go.jp/znk-web/juminkanja/S2430/initialize?prefCd=36&kikanCd=2365171010&kikanKbn=2", "url2": "http://okamuraclinic.jp", "内容": "おかむら内科クリニック【2:診療所】【診療科目:内科_循環器内科_消化器内科_内視鏡内科】徳島県徳島市庄町１丁目２７－１" }, "geometry": { "type": "Point", "coordinates": [ 134.514754, 34.077507 ] } },
{ "type": "Feature", "properties": { "ID": 3622365171270, "正式名称": "さくら耳鼻咽喉科クリニック", "機関区分": 2, "都道府県コード": 36, "市区町村コード": 202, "所在地": "徳島県鳴門市撫養町北浜字宮の西１２０－１", "緯度": 34.179557, "経度": 134.613482, "url": "https://www.iryou.teikyouseido.mhlw.go.jp/znk-web/juminkanja/S2430/initialize?prefCd=36&kikanCd=2365171270&kikanKbn=2", "url2": null, "内容": "さくら耳鼻咽喉科クリニック【2:診療所】【診療科目:耳鼻いんこう科_頭頸部・耳鼻いんこう科_アレルギー科】徳島県鳴門市撫養町北浜字宮の西１２０－１" }, "geometry": { "type": "Point", "coordinates": [ 134.613482, 34.179557 ] } },
{ "type": "Feature", "properties": { "ID": 3622365171300, "正式名称": "くぼ小児科クリニック", "機関区分": 2, "都道府県コード": 36, "市区町村コード": 402, "所在地": "徳島県板野郡北島町鯛浜字向９５－１", "緯度": 34.117965, "経度": 134.542214, "url": "https://www.iryou.teikyouseido.mhlw.go.jp/znk-web/juminkanja/S2430/initialize?prefCd=36&kikanCd=2365171300&kikanKbn=2", "url2": "http://www.kubo-shonika.com", "内容": "くぼ小児科クリニック【2:診療所】【診療科目:小児科_アレルギー科】徳島県板野郡北島町鯛浜字向９５－１" }, "geometry": { "type": "Point", "coordinates": [ 134.542214, 34.117965 ] } },
{ "type": "Feature", "properties": { "ID": 3622365172280, "正式名称": "三河循環器科内科", "機関区分": 2, "都道府県コード": 36, "市区町村コード": 201, "所在地": "徳島県徳島市南内町１丁目４１", "緯度": 34.069185, "経度": 134.553179, "url": "https://www.iryou.teikyouseido.mhlw.go.jp/znk-web/juminkanja/S2430/initialize?prefCd=36&kikanCd=2365172280&kikanKbn=2", "url2": "http://mikawaclinic.net/", "内容": "三河循環器科内科【2:診療所】【診療科目:内科_循環器内科】徳島県徳島市南内町１丁目４１" }, "geometry": { "type": "Point", "coordinates": [ 134.553179, 34.069185 ] } },
{ "type": "Feature", "properties": { "ID": 3622365172310, "正式名称": "戸田皮膚科医院", "機関区分": 2, "都道府県コード": 36, "市区町村コード": 201, "所在地": "徳島県徳島市大和町１丁目６－３２", "緯度": 34.069006, "経度": 134.571108, "url": "https://www.iryou.teikyouseido.mhlw.go.jp/znk-web/juminkanja/S2430/initialize?prefCd=36&kikanCd=2365172310&kikanKbn=2", "url2": null, "内容": "戸田皮膚科医院【2:診療所】【診療科目:形成外科_皮膚科_アレルギー科】徳島県徳島市大和町１丁目６－３２" }, "geometry": { "type": "Point", "coordinates": [ 134.571108, 34.069006 ] } },
{ "type": "Feature", "properties": { "ID": 3622365172570, "正式名称": "ひなたクリニック", "機関区分": 2, "都道府県コード": 36, "市区町村コード": 201, "所在地": "徳島県徳島市応神町古川字戎子野８１番地４", "緯度": 34.102878, "経度": 134.556337, "url": "https://www.iryou.teikyouseido.mhlw.go.jp/znk-web/juminkanja/S2430/initialize?prefCd=36&kikanCd=2365172570&kikanKbn=2", "url2": "hinatac.com", "内容": "ひなたクリニック【2:診療所】【診療科目:内科_呼吸器内科_循環器内科_小児科_アレルギー科】徳島県徳島市応神町古川字戎子野８１番地４" }, "geometry": { "type": "Point", "coordinates": [ 134.556337, 34.102878 ] } },
{ "type": "Feature", "properties": { "ID": 3622365172600, "正式名称": "ひろこ漢方内科クリニック", "機関区分": 2, "都道府県コード": 36, "市区町村コード": 201, "所在地": "徳島県徳島市国府町観音寺２２４－１", "緯度": 34.0712, "経度": 134.473042, "url": "https://www.iryou.teikyouseido.mhlw.go.jp/znk-web/juminkanja/S2430/initialize?prefCd=36&kikanCd=2365172600&kikanKbn=2", "url2": "http://hiroko-kampo.com", "内容": "ひろこ漢方内科クリニック【2:診療所】【診療科目:漢方内科_女性内科】徳島県徳島市国府町観音寺２２４－１" }, "geometry": { "type": "Point", "coordinates": [ 134.473042, 34.0712 ] } },
{ "type": "Feature", "properties": { "ID": 3622365172990, "正式名称": "石岡整形外科", "機関区分": 2, "都道府県コード": 36, "市区町村コード": 341, "所在地": "徳島県名西郡石井町高川原字桜間２１５番地", "緯度": 34.084974, "経度": 134.460656, "url": "https://www.iryou.teikyouseido.mhlw.go.jp/znk-web/juminkanja/S2430/initialize?prefCd=36&kikanCd=2365172990&kikanKbn=2", "url2": "ishioka-seikei-ishii.or.jp", "内容": "石岡整形外科【2:診療所】【診療科目:内科_整形外科_形成外科_リウマチ科_リハビリテーション科】徳島県名西郡石井町高川原字桜間２１５番地" }, "geometry": { "type": "Point", "coordinates": [ 134.460656, 34.084974 ] } },
{ "type": "Feature", "properties": { "ID": 3622365173030, "正式名称": "仁木訪問診療クリニック", "機関区分": 2, "都道府県コード": 36, "市区町村コード": 201, "所在地": "徳島県徳島市中洲町１丁目６４番地２", "緯度": 34.068787, "経度": 134.556898, "url": "https://www.iryou.teikyouseido.mhlw.go.jp/znk-web/juminkanja/S2430/initialize?prefCd=36&kikanCd=2365173030&kikanKbn=2", "url2": null, "内容": "仁木訪問診療クリニック【2:診療所】【診療科目:内科_婦人科】徳島県徳島市中洲町１丁目６４番地２" }, "geometry": { "type": "Point", "coordinates": [ 134.556898, 34.068787 ] } },
{ "type": "Feature", "properties": { "ID": 3622365173160, "正式名称": "むくの木クリニック", "機関区分": 2, "都道府県コード": 36, "市区町村コード": 201, "所在地": "徳島県徳島市国府町東高輪３５３番地の１", "緯度": 34.089237, "経度": 134.481949, "url": "https://www.iryou.teikyouseido.mhlw.go.jp/znk-web/juminkanja/S2430/initialize?prefCd=36&kikanCd=2365173160&kikanKbn=2", "url2": "https://mukunoki.or.jp/", "内容": "むくの木クリニック【2:診療所】【診療科目:内科_整形外科_リハビリテーション科】徳島県徳島市国府町東高輪３５３番地の１" }, "geometry": { "type": "Point", "coordinates": [ 134.481949, 34.089237 ] } },
{ "type": "Feature", "properties": { "ID": 3622365173320, "正式名称": "武村クリニック", "機関区分": 2, "都道府県コード": 36, "市区町村コード": 201, "所在地": "徳島県徳島市金沢一丁目８４番５", "緯度": 34.072877, "経度": 134.582293, "url": "https://www.iryou.teikyouseido.mhlw.go.jp/znk-web/juminkanja/S2430/initialize?prefCd=36&kikanCd=2365173320&kikanKbn=2", "url2": "https://takemuraclinic.jp", "内容": "武村クリニック【2:診療所】【診療科目:内科_腎臓・泌尿器科】徳島県徳島市金沢一丁目８４番５" }, "geometry": { "type": "Point", "coordinates": [ 134.582293, 34.072877 ] } },
{ "type": "Feature", "properties": { "ID": 3622365173870, "正式名称": "おおしま内科皮フ科クリニック", "機関区分": 2, "都道府県コード": 36, "市区町村コード": 201, "所在地": "徳島県徳島市佐古二番町５－２０", "緯度": 34.077402, "経度": 134.539061, "url": "https://www.iryou.teikyouseido.mhlw.go.jp/znk-web/juminkanja/S2430/initialize?prefCd=36&kikanCd=2365173870&kikanKbn=2", "url2": "ooshimaclin.com", "内容": "おおしま内科皮フ科クリニック【2:診療所】【診療科目:内科_糖尿病・代謝内科_呼吸器内科_循環器内科_小児科_皮膚科_美容皮膚科】徳島県徳島市佐古二番町５－２０" }, "geometry": { "type": "Point", "coordinates": [ 134.539061, 34.077402 ] } },
{ "type": "Feature", "properties": { "ID": 3622365173900, "正式名称": "八木クリニック", "機関区分": 2, "都道府県コード": 36, "市区町村コード": 201, "所在地": "徳島県徳島市大松町榎原外５０－１", "緯度": 34.024723, "経度": 134.555533, "url": "https://www.iryou.teikyouseido.mhlw.go.jp/znk-web/juminkanja/S2430/initialize?prefCd=36&kikanCd=2365173900&kikanKbn=2", "url2": null, "内容": "八木クリニック【2:診療所】【診療科目:内科_外科_脳神経外科_整形外科_リウマチ科_リハビリテーション科】徳島県徳島市大松町榎原外５０－１" }, "geometry": { "type": "Point", "coordinates": [ 134.555533, 34.024723 ] } },
{ "type": "Feature", "properties": { "ID": 3622365174590, "正式名称": "花川皮フ科クリニック", "機関区分": 2, "都道府県コード": 36, "市区町村コード": 201, "所在地": "徳島県徳島市鮎喰町１丁目５８番地２", "緯度": 34.072106, "経度": 134.503152, "url": "https://www.iryou.teikyouseido.mhlw.go.jp/znk-web/juminkanja/S2430/initialize?prefCd=36&kikanCd=2365174590&kikanKbn=2", "url2": "http://hanakawa-hifuka.com/", "内容": "花川皮フ科クリニック【2:診療所】【診療科目:皮膚科】徳島県徳島市鮎喰町１丁目５８番地２" }, "geometry": { "type": "Point", "coordinates": [ 134.503152, 34.072106 ] } },
{ "type": "Feature", "properties": { "ID": 3622365174880, "正式名称": "一般社団瀬戸健康管理研究所　ＳＨＬ徳島健診クリニック", "機関区分": 2, "都道府県コード": 36, "市区町村コード": 201, "所在地": "徳島県徳島市中島田町３丁目２３番１０号", "緯度": 34.083012, "経度": 134.509615, "url": "https://www.iryou.teikyouseido.mhlw.go.jp/znk-web/juminkanja/S2430/initialize?prefCd=36&kikanCd=2365174880&kikanKbn=2", "url2": null, "内容": "一般社団瀬戸健康管理研究所　ＳＨＬ徳島健診クリニック【2:診療所】【診療科目:内科】徳島県徳島市中島田町３丁目２３番１０号" }, "geometry": { "type": "Point", "coordinates": [ 134.509615, 34.083012 ] } },
{ "type": "Feature", "properties": { "ID": 3622365175050, "正式名称": "イツモスマイルクリニック", "機関区分": 2, "都道府県コード": 36, "市区町村コード": 201, "所在地": "徳島県徳島市佐古二番町５－１１", "緯度": 34.077165, "経度": 134.538348, "url": "https://www.iryou.teikyouseido.mhlw.go.jp/znk-web/juminkanja/S2430/initialize?prefCd=36&kikanCd=2365175050&kikanKbn=2", "url2": "http://itsumosmile-clinic.jp/", "内容": "イツモスマイルクリニック【2:診療所】【診療科目:内科_外科】徳島県徳島市佐古二番町５－１１" }, "geometry": { "type": "Point", "coordinates": [ 134.538348, 34.077165 ] } },
{ "type": "Feature", "properties": { "ID": 3622365175180, "正式名称": "きのした内科呼吸器クリニック", "機関区分": 2, "都道府県コード": 36, "市区町村コード": 201, "所在地": "徳島県徳島市問屋町３２", "緯度": 34.047921, "経度": 134.547006, "url": "https://www.iryou.teikyouseido.mhlw.go.jp/znk-web/juminkanja/S2430/initialize?prefCd=36&kikanCd=2365175180&kikanKbn=2", "url2": "http://kinoshita-tokushima.com", "内容": "きのした内科呼吸器クリニック【2:診療所】【診療科目:内科_呼吸器内科_アレルギー科_リウマチ科】徳島県徳島市問屋町３２" }, "geometry": { "type": "Point", "coordinates": [ 134.547006, 34.047921 ] } },
{ "type": "Feature", "properties": { "ID": 3622365175210, "正式名称": "鳴門メンタルクリニック　ココロカル", "機関区分": 2, "都道府県コード": 36, "市区町村コード": 202, "所在地": "徳島県鳴門市撫養町南浜字東浜５５８番地", "緯度": 34.174789, "経度": 134.606873, "url": "https://www.iryou.teikyouseido.mhlw.go.jp/znk-web/juminkanja/S2430/initialize?prefCd=36&kikanCd=2365175210&kikanKbn=2", "url2": null, "内容": "鳴門メンタルクリニック　ココロカル【2:診療所】【診療科目:内科_精神科_心療内科】徳島県鳴門市撫養町南浜字東浜５５８番地" }, "geometry": { "type": "Point", "coordinates": [ 134.606873, 34.174789 ] } },
{ "type": "Feature", "properties": { "ID": 3622365175340, "正式名称": "大櫛耳鼻咽喉科はな・みみサージクリニック", "機関区分": 2, "都道府県コード": 36, "市区町村コード": 201, "所在地": "徳島県徳島市寺島本町東２丁目１９番地", "緯度": 34.073166, "経度": 134.552443, "url": "https://www.iryou.teikyouseido.mhlw.go.jp/znk-web/juminkanja/S2430/initialize?prefCd=36&kikanCd=2365175340&kikanKbn=2", "url2": "http://ogushi-jibika.com/about/access/#parking", "内容": "大櫛耳鼻咽喉科はな・みみサージクリニック【2:診療所】【診療科目:耳鼻いんこう科_アレルギー科】徳島県徳島市寺島本町東２丁目１９番地" }, "geometry": { "type": "Point", "coordinates": [ 134.552443, 34.073166 ] } },
{ "type": "Feature", "properties": { "ID": 3622365175470, "正式名称": "山田こどもクリニック", "機関区分": 2, "都道府県コード": 36, "市区町村コード": 201, "所在地": "徳島県徳島市南島田町四丁目５４番地１", "緯度": 34.079399, "経度": 134.505647, "url": "https://www.iryou.teikyouseido.mhlw.go.jp/znk-web/juminkanja/S2430/initialize?prefCd=36&kikanCd=2365175470&kikanKbn=2", "url2": "https://www.yamadakodomo.com/", "内容": "山田こどもクリニック【2:診療所】【診療科目:小児科_アレルギー科】徳島県徳島市南島田町四丁目５４番地１" }, "geometry": { "type": "Point", "coordinates": [ 134.505647, 34.079399 ] } },
{ "type": "Feature", "properties": { "ID": 3622365175760, "正式名称": "たけひさ医院", "機関区分": 2, "都道府県コード": 36, "市区町村コード": 201, "所在地": "徳島県徳島市安宅一丁目８番３７号", "緯度": 34.070231, "経度": 134.571997, "url": "https://www.iryou.teikyouseido.mhlw.go.jp/znk-web/juminkanja/S2430/initialize?prefCd=36&kikanCd=2365175760&kikanKbn=2", "url2": "https://hinatakai.com/", "内容": "たけひさ医院【2:診療所】【診療科目:内科_外科_ペインクリニック外科_整形外科_小児科_精神科_心療内科_麻酔科】徳島県徳島市安宅一丁目８番３７号" }, "geometry": { "type": "Point", "coordinates": [ 134.571997, 34.070231 ] } },
{ "type": "Feature", "properties": { "ID": 3622365175890, "正式名称": "末広ひなたクリニック", "機関区分": 2, "都道府県コード": 36, "市区町村コード": 201, "所在地": "徳島県徳島市末広２丁目１番１１１号", "緯度": 34.065281, "経度": 134.574419, "url": "https://www.iryou.teikyouseido.mhlw.go.jp/znk-web/juminkanja/S2430/initialize?prefCd=36&kikanCd=2365175890&kikanKbn=2", "url2": null, "内容": "末広ひなたクリニック【2:診療所】【診療科目:内科_呼吸器内科_循環器内科_脳神経外科_小児科_アレルギー科_リハビリテーション科】徳島県徳島市末広２丁目１番１１１号" }, "geometry": { "type": "Point", "coordinates": [ 134.574419, 34.065281 ] } },
{ "type": "Feature", "properties": { "ID": 3622365176060, "正式名称": "鶴岡内科胃腸内科", "機関区分": 2, "都道府県コード": 36, "市区町村コード": 201, "所在地": "徳島県徳島市北田宮３丁目１－７－２", "緯度": 34.086934, "経度": 134.538635, "url": "https://www.iryou.teikyouseido.mhlw.go.jp/znk-web/juminkanja/S2430/initialize?prefCd=36&kikanCd=2365176060&kikanKbn=2", "url2": "http://tsuruokanaika.life.coocan.jp/", "内容": "鶴岡内科胃腸内科【2:診療所】【診療科目:内科_糖尿病内科_循環器内科_胃腸内科_内視鏡内科】徳島県徳島市北田宮３丁目１－７－２" }, "geometry": { "type": "Point", "coordinates": [ 134.538635, 34.086934 ] } },
{ "type": "Feature", "properties": { "ID": 3622365176190, "正式名称": "いやしの杜クリニック", "機関区分": 2, "都道府県コード": 36, "市区町村コード": 202, "所在地": "徳島県鳴門市撫養町小桑島字前浜１９９番地", "緯度": 34.181654, "経度": 134.605895, "url": "https://www.iryou.teikyouseido.mhlw.go.jp/znk-web/juminkanja/S2430/initialize?prefCd=36&kikanCd=2365176190&kikanKbn=2", "url2": "http://k-seagull.jp/", "内容": "いやしの杜クリニック【2:診療所】【診療科目:神経内科_精神科_心療内科】徳島県鳴門市撫養町小桑島字前浜１９９番地" }, "geometry": { "type": "Point", "coordinates": [ 134.605895, 34.181654 ] } },
{ "type": "Feature", "properties": { "ID": 3622365176220, "正式名称": "石井虹の橋クリニック", "機関区分": 2, "都道府県コード": 36, "市区町村コード": 341, "所在地": "徳島県名西郡石井町石井字石井２３１－１", "緯度": 34.067242, "経度": 134.437867, "url": "https://www.iryou.teikyouseido.mhlw.go.jp/znk-web/juminkanja/S2430/initialize?prefCd=36&kikanCd=2365176220&kikanKbn=2", "url2": null, "内容": "石井虹の橋クリニック【2:診療所】【診療科目:内科_呼吸器内科_循環器内科_消化器内科_外科_整形外科_精神科_心療内科_リハビリテーション科】徳島県名西郡石井町石井字石井２３１－１" }, "geometry": { "type": "Point", "coordinates": [ 134.437867, 34.067242 ] } },
{ "type": "Feature", "properties": { "ID": 3622365176350, "正式名称": "中吉野眼科", "機関区分": 2, "都道府県コード": 36, "市区町村コード": 201, "所在地": "徳島県徳島市中吉野町３丁目５２番地２", "緯度": 34.085839, "経度": 134.554359, "url": "https://www.iryou.teikyouseido.mhlw.go.jp/znk-web/juminkanja/S2430/initialize?prefCd=36&kikanCd=2365176350&kikanKbn=2", "url2": "nakayoshino-eye.com", "内容": "中吉野眼科【2:診療所】【診療科目:眼科】徳島県徳島市中吉野町３丁目５２番地２" }, "geometry": { "type": "Point", "coordinates": [ 134.554359, 34.085839 ] } },
{ "type": "Feature", "properties": { "ID": 3622365176640, "正式名称": "みなとクリニック", "機関区分": 2, "都道府県コード": 36, "市区町村コード": 201, "所在地": "徳島県徳島市津田本町一丁目１番２６号", "緯度": 34.052111, "経度": 134.577557, "url": "https://www.iryou.teikyouseido.mhlw.go.jp/znk-web/juminkanja/S2430/initialize?prefCd=36&kikanCd=2365176640&kikanKbn=2", "url2": "http://minato-clinic.com/", "内容": "みなとクリニック【2:診療所】【診療科目:内科_呼吸器内科_小児科_心療内科_アレルギー科_リウマチ科】徳島県徳島市津田本町一丁目１番２６号" }, "geometry": { "type": "Point", "coordinates": [ 134.577557, 34.052111 ] } },
{ "type": "Feature", "properties": { "ID": 3622365176930, "正式名称": "髙橋クリニック泌尿器科・耳鼻咽喉科", "機関区分": 2, "都道府県コード": 36, "市区町村コード": 201, "所在地": "徳島県徳島市山城町西浜傍示１６２－１", "緯度": 34.051516, "経度": 134.558884, "url": "https://www.iryou.teikyouseido.mhlw.go.jp/znk-web/juminkanja/S2430/initialize?prefCd=36&kikanCd=2365176930&kikanKbn=2", "url2": "takahashiclinic7722.com", "内容": "髙橋クリニック泌尿器科・耳鼻咽喉科【2:診療所】【診療科目:耳鼻いんこう科_泌尿器科】徳島県徳島市山城町西浜傍示１６２－１" }, "geometry": { "type": "Point", "coordinates": [ 134.558884, 34.051516 ] } },
{ "type": "Feature", "properties": { "ID": 3622365177070, "正式名称": "しらさぎ形成クリニック", "機関区分": 2, "都道府県コード": 36, "市区町村コード": 201, "所在地": "徳島県徳島市東船場町１丁目６パルプラザビル６階", "緯度": 34.070816, "経度": 134.548519, "url": "https://www.iryou.teikyouseido.mhlw.go.jp/znk-web/juminkanja/S2430/initialize?prefCd=36&kikanCd=2365177070&kikanKbn=2", "url2": null, "内容": "しらさぎ形成クリニック【2:診療所】【診療科目:形成外科_美容外科】徳島県徳島市東船場町１丁目６パルプラザビル６階" }, "geometry": { "type": "Point", "coordinates": [ 134.548519, 34.070816 ] } },
{ "type": "Feature", "properties": { "ID": 3622365177360, "正式名称": "まつもと皮フ科", "機関区分": 2, "都道府県コード": 36, "市区町村コード": 201, "所在地": "徳島県徳島市北田宮４丁目８９４番地１", "緯度": 34.087316, "経度": 134.534907, "url": "https://www.iryou.teikyouseido.mhlw.go.jp/znk-web/juminkanja/S2430/initialize?prefCd=36&kikanCd=2365177360&kikanKbn=2", "url2": "https://matsumoto-hifuka.net/", "内容": "まつもと皮フ科【2:診療所】【診療科目:形成外科_皮膚科】徳島県徳島市北田宮４丁目８９４番地１" }, "geometry": { "type": "Point", "coordinates": [ 134.534907, 34.087316 ] } },
{ "type": "Feature", "properties": { "ID": 3622365177490, "正式名称": "藍住川島クリニック", "機関区分": 2, "都道府県コード": 36, "市区町村コード": 403, "所在地": "徳島県板野郡藍住町徳命字前須西９８－１", "緯度": 34.116763, "経度": 134.484151, "url": "https://www.iryou.teikyouseido.mhlw.go.jp/znk-web/juminkanja/S2430/initialize?prefCd=36&kikanCd=2365177490&kikanKbn=2", "url2": null, "内容": "藍住川島クリニック【2:診療所】【診療科目:内科_糖尿病内科_循環器内科_腎臓内科_血液透析内科_泌尿器科】徳島県板野郡藍住町徳命字前須西９８－１" }, "geometry": { "type": "Point", "coordinates": [ 134.484151, 34.116763 ] } },
{ "type": "Feature", "properties": { "ID": 3622365177520, "正式名称": "こかわ医院", "機関区分": 2, "都道府県コード": 36, "市区町村コード": 201, "所在地": "徳島県徳島市寺島本町西１丁目１５番地", "緯度": 34.07458, "経度": 134.548772, "url": "https://www.iryou.teikyouseido.mhlw.go.jp/znk-web/juminkanja/S2430/initialize?prefCd=36&kikanCd=2365177520&kikanKbn=2", "url2": "https://www.kokawa-clinic.com/", "内容": "こかわ医院【2:診療所】【診療科目:内科_小児科】徳島県徳島市寺島本町西１丁目１５番地" }, "geometry": { "type": "Point", "coordinates": [ 134.548772, 34.07458 ] } },
{ "type": "Feature", "properties": { "ID": 3622365177780, "正式名称": "いもと内科クリニック", "機関区分": 2, "都道府県コード": 36, "市区町村コード": 201, "所在地": "徳島県徳島市八万町犬山２３２番１", "緯度": 34.042021, "経度": 134.544752, "url": "https://www.iryou.teikyouseido.mhlw.go.jp/znk-web/juminkanja/S2430/initialize?prefCd=36&kikanCd=2365177780&kikanKbn=2", "url2": "https://imoto-clinic.jp/", "内容": "いもと内科クリニック【2:診療所】【診療科目:内科_消化器内科_内視鏡内科】徳島県徳島市八万町犬山２３２番１" }, "geometry": { "type": "Point", "coordinates": [ 134.544752, 34.042021 ] } },
{ "type": "Feature", "properties": { "ID": 3622365177810, "正式名称": "こうのＩＮＲクリニック", "機関区分": 2, "都道府県コード": 36, "市区町村コード": 403, "所在地": "徳島県板野郡藍住町東中富字龍池傍示５４－３", "緯度": 34.124975, "経度": 134.476698, "url": "https://www.iryou.teikyouseido.mhlw.go.jp/znk-web/juminkanja/S2430/initialize?prefCd=36&kikanCd=2365177810&kikanKbn=2", "url2": null, "内容": "こうのＩＮＲクリニック【2:診療所】【診療科目:内科_脳神経外科_整形外科_リハビリテーション科】徳島県板野郡藍住町東中富字龍池傍示５４－３" }, "geometry": { "type": "Point", "coordinates": [ 134.476698, 34.124975 ] } },
{ "type": "Feature", "properties": { "ID": 3622365177940, "正式名称": "徳島ひまわり眼科", "機関区分": 2, "都道府県コード": 36, "市区町村コード": 201, "所在地": "徳島県徳島市南末広町４－１　イオンモール徳島４階", "緯度": 34.060237, "経度": 134.573963, "url": "https://www.iryou.teikyouseido.mhlw.go.jp/znk-web/juminkanja/S2430/initialize?prefCd=36&kikanCd=2365177940&kikanKbn=2", "url2": null, "内容": "徳島ひまわり眼科【2:診療所】【診療科目:眼科】徳島県徳島市南末広町４－１　イオンモール徳島４階" }, "geometry": { "type": "Point", "coordinates": [ 134.573963, 34.060237 ] } },
{ "type": "Feature", "properties": { "ID": 3622365178080, "正式名称": "たかた整形外科・せぼねクリニック", "機関区分": 2, "都道府県コード": 36, "市区町村コード": 402, "所在地": "徳島県板野郡北島町中村字東堤ノ内３０−１", "緯度": 34.129218, "経度": 134.563241, "url": "https://www.iryou.teikyouseido.mhlw.go.jp/znk-web/juminkanja/S2430/initialize?prefCd=36&kikanCd=2365178080&kikanKbn=2", "url2": "https://takata-spine.jp/", "内容": "たかた整形外科・せぼねクリニック【2:診療所】【診療科目:内科_整形外科_リハビリテーション科】徳島県板野郡北島町中村字東堤ノ内３０−１" }, "geometry": { "type": "Point", "coordinates": [ 134.563241, 34.129218 ] } },
{ "type": "Feature", "properties": { "ID": 3622365178110, "正式名称": "名東天満クリニック", "機関区分": 2, "都道府県コード": 36, "市区町村コード": 201, "所在地": "徳島県徳島市名東町１丁目９１番地", "緯度": 34.065352, "経度": 134.50547, "url": "https://www.iryou.teikyouseido.mhlw.go.jp/znk-web/juminkanja/S2430/initialize?prefCd=36&kikanCd=2365178110&kikanKbn=2", "url2": "http://tenma-hpg.com/clinic/myoudou/", "内容": "名東天満クリニック【2:診療所】【診療科目:内科_皮膚科】徳島県徳島市名東町１丁目９１番地" }, "geometry": { "type": "Point", "coordinates": [ 134.50547, 34.065352 ] } },
{ "type": "Feature", "properties": { "ID": 3622365178240, "正式名称": "新浜医院", "機関区分": 2, "都道府県コード": 36, "市区町村コード": 201, "所在地": "徳島県徳島市新浜本町二丁目３番８号", "緯度": 34.04349, "経度": 134.567368, "url": "https://www.iryou.teikyouseido.mhlw.go.jp/znk-web/juminkanja/S2430/initialize?prefCd=36&kikanCd=2365178240&kikanKbn=2", "url2": null, "内容": "新浜医院【2:診療所】【診療科目:消化器内科_外科_乳腺外科_肛門外科_リハビリテーション科】徳島県徳島市新浜本町二丁目３番８号" }, "geometry": { "type": "Point", "coordinates": [ 134.567368, 34.04349 ] } },
{ "type": "Feature", "properties": { "ID": 3622365178370, "正式名称": "きたじま皮フ科", "機関区分": 2, "都道府県コード": 36, "市区町村コード": 402, "所在地": "徳島県板野郡北島町北村字千田ノ木５６番地５", "緯度": 34.13228, "経度": 134.548214, "url": "https://www.iryou.teikyouseido.mhlw.go.jp/znk-web/juminkanja/S2430/initialize?prefCd=36&kikanCd=2365178370&kikanKbn=2", "url2": null, "内容": "きたじま皮フ科【2:診療所】【診療科目:皮膚科】徳島県板野郡北島町北村字千田ノ木５６番地５" }, "geometry": { "type": "Point", "coordinates": [ 134.548214, 34.13228 ] } },
{ "type": "Feature", "properties": { "ID": 3622365178400, "正式名称": "髙木整形外科医院", "機関区分": 2, "都道府県コード": 36, "市区町村コード": 203, "所在地": "徳島県小松島市松島町８－２３", "緯度": 34.006918, "経度": 134.584829, "url": "https://www.iryou.teikyouseido.mhlw.go.jp/znk-web/juminkanja/S2430/initialize?prefCd=36&kikanCd=2365178400&kikanKbn=2", "url2": null, "内容": "髙木整形外科医院【2:診療所】【診療科目:整形外科_ペインクリニック整形外科_リウマチ科_リハビリテーション科】徳島県小松島市松島町８－２３" }, "geometry": { "type": "Point", "coordinates": [ 134.584829, 34.006918 ] } },
{ "type": "Feature", "properties": { "ID": 3622365178660, "正式名称": "なかがわ耳鼻咽喉科クリニック", "機関区分": 2, "都道府県コード": 36, "市区町村コード": 202, "所在地": "徳島県鳴門市撫養町大桑島北ノ浜６３番地", "緯度": 34.190188, "経度": 134.603068, "url": "https://www.iryou.teikyouseido.mhlw.go.jp/znk-web/juminkanja/S2430/initialize?prefCd=36&kikanCd=2365178660&kikanKbn=2", "url2": null, "内容": "なかがわ耳鼻咽喉科クリニック【2:診療所】【診療科目:耳鼻いんこう科】徳島県鳴門市撫養町大桑島北ノ浜６３番地" }, "geometry": { "type": "Point", "coordinates": [ 134.603068, 34.190188 ] } },
{ "type": "Feature", "properties": { "ID": 3622365178790, "正式名称": "リハビリテーション大神子病院付属大原クリニック", "機関区分": 2, "都道府県コード": 36, "市区町村コード": 201, "所在地": "徳島県徳島市大原町余慶１番１", "緯度": 34.026098, "経度": 134.571855, "url": "https://www.iryou.teikyouseido.mhlw.go.jp/znk-web/juminkanja/S2430/initialize?prefCd=36&kikanCd=2365178790&kikanKbn=2", "url2": "http://www.doushisya.jp/oomiko/clinic/", "内容": "リハビリテーション大神子病院付属大原クリニック【2:診療所】【診療科目:内科_呼吸器内科_整形外科_リハビリテーション科】徳島県徳島市大原町余慶１番１" }, "geometry": { "type": "Point", "coordinates": [ 134.571855, 34.026098 ] } },
{ "type": "Feature", "properties": { "ID": 3622365178820, "正式名称": "藍住たまき青空クリニック", "機関区分": 2, "都道府県コード": 36, "市区町村コード": 403, "所在地": "徳島県板野郡藍住町住吉字千鳥ヶ浜１１０－５", "緯度": 34.1203, "経度": 134.502637, "url": "https://www.iryou.teikyouseido.mhlw.go.jp/znk-web/juminkanja/S2430/initialize?prefCd=36&kikanCd=2365178820&kikanKbn=2", "url2": "https://tamaki-aozora.ne.jp/aizumi", "内容": "藍住たまき青空クリニック【2:診療所】【診療科目:内科_糖尿病・内分泌内科_脳神経内科_循環器内科_消化器内科_腎臓内科_人工透析内科_形成外科_美容外科_耳鼻いんこう科_皮膚科_美容皮膚科_リハビリテーション科_放射線科】徳島県板野郡藍住町住吉字千鳥ヶ浜１１０－５" }, "geometry": { "type": "Point", "coordinates": [ 134.502637, 34.1203 ] } },
{ "type": "Feature", "properties": { "ID": 3622365179090, "正式名称": "博愛クリニック", "機関区分": 2, "都道府県コード": 36, "市区町村コード": 201, "所在地": "徳島県徳島市国府町池尻字西塚むさ３２３－１", "緯度": 34.083961, "経度": 134.469104, "url": "https://www.iryou.teikyouseido.mhlw.go.jp/znk-web/juminkanja/S2430/initialize?prefCd=36&kikanCd=2365179090&kikanKbn=2", "url2": null, "内容": "博愛クリニック【2:診療所】【診療科目:内科_精神科_心療内科】徳島県徳島市国府町池尻字西塚むさ３２３－１" }, "geometry": { "type": "Point", "coordinates": [ 134.469104, 34.083961 ] } },
{ "type": "Feature", "properties": { "ID": 3622365179120, "正式名称": "山城公園レディースクリニック", "機関区分": 2, "都道府県コード": 36, "市区町村コード": 201, "所在地": "徳島県徳島市山城西三丁目２６", "緯度": 34.050419, "経度": 134.555697, "url": "https://www.iryou.teikyouseido.mhlw.go.jp/znk-web/juminkanja/S2430/initialize?prefCd=36&kikanCd=2365179120&kikanKbn=2", "url2": "yamashiro-park-lc.jp", "内容": "山城公園レディースクリニック【2:診療所】【診療科目:内科_産婦人科_産科_婦人科_産婦人科（生殖医療）】徳島県徳島市山城西三丁目２６" }, "geometry": { "type": "Point", "coordinates": [ 134.555697, 34.050419 ] } },
{ "type": "Feature", "properties": { "ID": 3622365179380, "正式名称": "あすなろ診療所", "機関区分": 2, "都道府県コード": 36, "市区町村コード": 201, "所在地": "徳島県徳島市新町橋一丁目１８番地", "緯度": 34.070991, "経度": 134.546746, "url": "https://www.iryou.teikyouseido.mhlw.go.jp/znk-web/juminkanja/S2430/initialize?prefCd=36&kikanCd=2365179380&kikanKbn=2", "url2": null, "内容": "あすなろ診療所【2:診療所】【診療科目:内科】徳島県徳島市新町橋一丁目１８番地" }, "geometry": { "type": "Point", "coordinates": [ 134.546746, 34.070991 ] } },
{ "type": "Feature", "properties": { "ID": 3622365179410, "正式名称": "かしはら診療所", "機関区分": 2, "都道府県コード": 36, "市区町村コード": 202, "所在地": "徳島県鳴門市大麻町萩原字東山田６４番１", "緯度": 34.156495, "経度": 134.514608, "url": "https://www.iryou.teikyouseido.mhlw.go.jp/znk-web/juminkanja/S2430/initialize?prefCd=36&kikanCd=2365179410&kikanKbn=2", "url2": "https://kashihara-cl.com/", "内容": "かしはら診療所【2:診療所】【診療科目:脳神経外科_リハビリテーション科】徳島県鳴門市大麻町萩原字東山田６４番１" }, "geometry": { "type": "Point", "coordinates": [ 134.514608, 34.156495 ] } },
{ "type": "Feature", "properties": { "ID": 3622365179700, "正式名称": "よしもと形成外科クリニック", "機関区分": 2, "都道府県コード": 36, "市区町村コード": 201, "所在地": "徳島県徳島市南庄町三丁目１２番地６", "緯度": 34.071097, "経度": 134.51136, "url": "https://www.iryou.teikyouseido.mhlw.go.jp/znk-web/juminkanja/S2430/initialize?prefCd=36&kikanCd=2365179700&kikanKbn=2", "url2": null, "内容": "よしもと形成外科クリニック【2:診療所】【診療科目:形成外科_美容外科_美容皮膚科】徳島県徳島市南庄町三丁目１２番地６" }, "geometry": { "type": "Point", "coordinates": [ 134.51136, 34.071097 ] } },
{ "type": "Feature", "properties": { "ID": 3622365180070, "正式名称": "やましろクリニック", "機関区分": 2, "都道府県コード": 36, "市区町村コード": 201, "所在地": "徳島県徳島市山城西４丁目４７番地", "緯度": 34.047205, "経度": 134.553811, "url": "https://www.iryou.teikyouseido.mhlw.go.jp/znk-web/juminkanja/S2430/initialize?prefCd=36&kikanCd=2365180070&kikanKbn=2", "url2": "https://yamashiro-clinic.jp/clinic", "内容": "やましろクリニック【2:診療所】【診療科目:内科_外科_泌尿器科】徳島県徳島市山城西４丁目４７番地" }, "geometry": { "type": "Point", "coordinates": [ 134.553811, 34.047205 ] } },
{ "type": "Feature", "properties": { "ID": 3622365180100, "正式名称": "加茂健やかクリニック", "機関区分": 2, "都道府県コード": 36, "市区町村コード": 201, "所在地": "徳島県徳島市北田宮４丁目６番６２号", "緯度": 34.088052, "経度": 134.52925, "url": "https://www.iryou.teikyouseido.mhlw.go.jp/znk-web/juminkanja/S2430/initialize?prefCd=36&kikanCd=2365180100&kikanKbn=2", "url2": "https://kamo-sukoyaka-clinic.com", "内容": "加茂健やかクリニック【2:診療所】【診療科目:内科_糖尿病内科】徳島県徳島市北田宮４丁目６番６２号" }, "geometry": { "type": "Point", "coordinates": [ 134.52925, 34.088052 ] } },
{ "type": "Feature", "properties": { "ID": 3622365180230, "正式名称": "かさまつ在宅クリニック", "機関区分": 2, "都道府県コード": 36, "市区町村コード": 201, "所在地": "徳島県徳島市山城西４丁目１３－３", "緯度": 34.048672, "経度": 134.554173, "url": "https://www.iryou.teikyouseido.mhlw.go.jp/znk-web/juminkanja/S2430/initialize?prefCd=36&kikanCd=2365180230&kikanKbn=2", "url2": "www.kasamatsu-zaitaku.com", "内容": "かさまつ在宅クリニック【2:診療所】【診療科目:内科_外科_小児科】徳島県徳島市山城西４丁目１３－３" }, "geometry": { "type": "Point", "coordinates": [ 134.554173, 34.048672 ] } },
{ "type": "Feature", "properties": { "ID": 3622365180490, "正式名称": "おかだレディースクリニック", "機関区分": 2, "都道府県コード": 36, "市区町村コード": 201, "所在地": "徳島県徳島市佐古一番町１４－１８", "緯度": 34.078309, "経度": 134.540896, "url": "https://www.iryou.teikyouseido.mhlw.go.jp/znk-web/juminkanja/S2430/initialize?prefCd=36&kikanCd=2365180490&kikanKbn=2", "url2": null, "内容": "おかだレディースクリニック【2:診療所】【診療科目:女性内科_産婦人科】徳島県徳島市佐古一番町１４－１８" }, "geometry": { "type": "Point", "coordinates": [ 134.540896, 34.078309 ] } },
{ "type": "Feature", "properties": { "ID": 3622365180780, "正式名称": "つだ形成クリニック", "機関区分": 2, "都道府県コード": 36, "市区町村コード": 201, "所在地": "徳島県徳島市北常三島町２丁目４８－１グローバル・アシストビル１Ｆ", "緯度": 34.082143, "経度": 134.562139, "url": "https://www.iryou.teikyouseido.mhlw.go.jp/znk-web/juminkanja/S2430/initialize?prefCd=36&kikanCd=2365180780&kikanKbn=2", "url2": "https://tsuda-keisei.com/access/", "内容": "つだ形成クリニック【2:診療所】【診療科目:形成外科_美容外科_美容皮膚科】徳島県徳島市北常三島町２丁目４８－１グローバル・アシストビル１Ｆ" }, "geometry": { "type": "Point", "coordinates": [ 134.562139, 34.082143 ] } },
{ "type": "Feature", "properties": { "ID": 3622365180810, "正式名称": "なかむらクリニック", "機関区分": 2, "都道府県コード": 36, "市区町村コード": 201, "所在地": "徳島県徳島市東吉野町１丁目３－８", "緯度": 34.083552, "経度": 134.562279, "url": "https://www.iryou.teikyouseido.mhlw.go.jp/znk-web/juminkanja/S2430/initialize?prefCd=36&kikanCd=2365180810&kikanKbn=2", "url2": "https://nakamura-clinic.net/", "内容": "なかむらクリニック【2:診療所】【診療科目:精神科_心療内科】徳島県徳島市東吉野町１丁目３－８" }, "geometry": { "type": "Point", "coordinates": [ 134.562279, 34.083552 ] } },
{ "type": "Feature", "properties": { "ID": 3622365180940, "正式名称": "宇都宮ひふ科形成外科", "機関区分": 2, "都道府県コード": 36, "市区町村コード": 201, "所在地": "徳島県徳島市住吉４丁目２－４６", "緯度": 34.079042, "経度": 134.567616, "url": "https://www.iryou.teikyouseido.mhlw.go.jp/znk-web/juminkanja/S2430/initialize?prefCd=36&kikanCd=2365180940&kikanKbn=2", "url2": "https://utsunomiya-hifukeisei.com", "内容": "宇都宮ひふ科形成外科【2:診療所】【診療科目:形成外科_美容外科_皮膚科】徳島県徳島市住吉４丁目２－４６" }, "geometry": { "type": "Point", "coordinates": [ 134.567616, 34.079042 ] } },
{ "type": "Feature", "properties": { "ID": 3622365181080, "正式名称": "あいざと蔵本クリニック", "機関区分": 2, "都道府県コード": 36, "市区町村コード": 201, "所在地": "徳島県徳島市蔵本元町２丁目４０－１", "緯度": 34.079233, "経度": 134.516429, "url": "https://www.iryou.teikyouseido.mhlw.go.jp/znk-web/juminkanja/S2430/initialize?prefCd=36&kikanCd=2365181080&kikanKbn=2", "url2": null, "内容": "あいざと蔵本クリニック【2:診療所】【診療科目:精神科_心療内科】徳島県徳島市蔵本元町２丁目４０－１" }, "geometry": { "type": "Point", "coordinates": [ 134.516429, 34.079233 ] } },
{ "type": "Feature", "properties": { "ID": 3622365181110, "正式名称": "吉田医院", "機関区分": 2, "都道府県コード": 36, "市区町村コード": 201, "所在地": "徳島県徳島市新内町１丁目１８番地", "緯度": 34.069724, "経度": 134.552117, "url": "https://www.iryou.teikyouseido.mhlw.go.jp/znk-web/juminkanja/S2430/initialize?prefCd=36&kikanCd=2365181110&kikanKbn=2", "url2": "https://yoshida-clinic-uchimachi.com", "内容": "吉田医院【2:診療所】【診療科目:内科_消化器内科_外科_肛門外科_泌尿器科】徳島県徳島市新内町１丁目１８番地" }, "geometry": { "type": "Point", "coordinates": [ 134.552117, 34.069724 ] } },
{ "type": "Feature", "properties": { "ID": 3622365181240, "正式名称": "かもな桜公園クリニック", "機関区分": 2, "都道府県コード": 36, "市区町村コード": 201, "所在地": "徳島県徳島市鮎喰町２丁目９５番１", "緯度": 34.072391, "経度": 134.501799, "url": "https://www.iryou.teikyouseido.mhlw.go.jp/znk-web/juminkanja/S2430/initialize?prefCd=36&kikanCd=2365181240&kikanKbn=2", "url2": "https://kamona-sakurakouen-clinic.jp/", "内容": "かもな桜公園クリニック【2:診療所】【診療科目:内科_呼吸器内科_循環器内科_消化器内科_リハビリテーション科】徳島県徳島市鮎喰町２丁目９５番１" }, "geometry": { "type": "Point", "coordinates": [ 134.501799, 34.072391 ] } },
{ "type": "Feature", "properties": { "ID": 3622365181370, "正式名称": "助任診療所", "機関区分": 2, "都道府県コード": 36, "市区町村コード": 201, "所在地": "徳島県徳島市助任本町三丁目２３番地", "緯度": 34.079775, "経度": 134.558226, "url": "https://www.iryou.teikyouseido.mhlw.go.jp/znk-web/juminkanja/S2430/initialize?prefCd=36&kikanCd=2365181370&kikanKbn=2", "url2": "https://suketo-clinic.jp", "内容": "助任診療所【2:診療所】【診療科目:内科_外科_整形外科】徳島県徳島市助任本町三丁目２３番地" }, "geometry": { "type": "Point", "coordinates": [ 134.558226, 34.079775 ] } },
{ "type": "Feature", "properties": { "ID": 3622365181400, "正式名称": "たなか内科クリニック", "機関区分": 2, "都道府県コード": 36, "市区町村コード": 201, "所在地": "徳島県徳島市南島田町２丁目９６番地の１", "緯度": 34.080773, "経度": 134.513189, "url": "https://www.iryou.teikyouseido.mhlw.go.jp/znk-web/juminkanja/S2430/initialize?prefCd=36&kikanCd=2365181400&kikanKbn=2", "url2": null, "内容": "たなか内科クリニック【2:診療所】【診療科目:内科_消化器内科_肝臓内科】徳島県徳島市南島田町２丁目９６番地の１" }, "geometry": { "type": "Point", "coordinates": [ 134.513189, 34.080773 ] } },
{ "type": "Feature", "properties": { "ID": 3622365181530, "正式名称": "スリジエ子どもと大人のクリニック", "機関区分": 2, "都道府県コード": 36, "市区町村コード": 201, "所在地": "徳島県徳島市北田宮二丁目７－７２", "緯度": 34.088434, "経度": 134.544855, "url": "https://www.iryou.teikyouseido.mhlw.go.jp/znk-web/juminkanja/S2430/initialize?prefCd=36&kikanCd=2365181530&kikanKbn=2", "url2": "https://cerisierclinic.com", "内容": "スリジエ子どもと大人のクリニック【2:診療所】【診療科目:内科_腎臓内科_小児科】徳島県徳島市北田宮二丁目７－７２" }, "geometry": { "type": "Point", "coordinates": [ 134.544855, 34.088434 ] } },
{ "type": "Feature", "properties": { "ID": 3622365181790, "正式名称": "敬愛クリニック", "機関区分": 2, "都道府県コード": 36, "市区町村コード": 201, "所在地": "徳島県徳島市助任橋４丁目１３の３", "緯度": 34.081277, "経度": 134.560165, "url": "https://www.iryou.teikyouseido.mhlw.go.jp/znk-web/juminkanja/S2430/initialize?prefCd=36&kikanCd=2365181790&kikanKbn=2", "url2": "https://keiai-clinic.com/", "内容": "敬愛クリニック【2:診療所】【診療科目:内科_精神科_心療内科】徳島県徳島市助任橋４丁目１３の３" }, "geometry": { "type": "Point", "coordinates": [ 134.560165, 34.081277 ] } },
{ "type": "Feature", "properties": { "ID": 3622365181820, "正式名称": "日比野内科", "機関区分": 2, "都道府県コード": 36, "市区町村コード": 201, "所在地": "徳島県徳島市寺島本町東２丁目１４番地", "緯度": 34.072937, "経度": 134.552392, "url": "https://www.iryou.teikyouseido.mhlw.go.jp/znk-web/juminkanja/S2430/initialize?prefCd=36&kikanCd=2365181820&kikanKbn=2", "url2": "http://hibinonaika.com", "内容": "日比野内科【2:診療所】【診療科目:内科_循環器内科_消化器内科】徳島県徳島市寺島本町東２丁目１４番地" }, "geometry": { "type": "Point", "coordinates": [ 134.552392, 34.072937 ] } },
{ "type": "Feature", "properties": { "ID": 3622365181950, "正式名称": "あいずみ松本眼科", "機関区分": 2, "都道府県コード": 36, "市区町村コード": 403, "所在地": "徳島県板野郡藍住町徳命字元村１６２－８", "緯度": 34.117445, "経度": 134.491519, "url": "https://www.iryou.teikyouseido.mhlw.go.jp/znk-web/juminkanja/S2430/initialize?prefCd=36&kikanCd=2365181950&kikanKbn=2", "url2": "https://www.matsumoto-ganka.jp", "内容": "あいずみ松本眼科【2:診療所】【診療科目:眼科】徳島県板野郡藍住町徳命字元村１６２－８" }, "geometry": { "type": "Point", "coordinates": [ 134.491519, 34.117445 ] } },
{ "type": "Feature", "properties": { "ID": 3622365182090, "正式名称": "ただつクリニック", "機関区分": 2, "都道府県コード": 36, "市区町村コード": 201, "所在地": "徳島県徳島市八万町犬山２６１番１", "緯度": 34.042167, "経度": 134.547264, "url": "https://www.iryou.teikyouseido.mhlw.go.jp/znk-web/juminkanja/S2430/initialize?prefCd=36&kikanCd=2365182090&kikanKbn=2", "url2": "https://tokushima-nsc.jp", "内容": "ただつクリニック【2:診療所】【診療科目:内科_糖尿病内科_循環器内科_消化器内科_内視鏡内科】徳島県徳島市八万町犬山２６１番１" }, "geometry": { "type": "Point", "coordinates": [ 134.547264, 34.042167 ] } },
{ "type": "Feature", "properties": { "ID": 3622365182120, "正式名称": "ＴＣＢ　東京中央美容外科・ＴＣＢ　スキンクリニック　徳島院", "機関区分": 2, "都道府県コード": 36, "市区町村コード": 201, "所在地": "徳島県徳島市寺島本町西１丁目６１番地４セントラルビル２階", "緯度": 34.074749, "経度": 134.549661, "url": "https://www.iryou.teikyouseido.mhlw.go.jp/znk-web/juminkanja/S2430/initialize?prefCd=36&kikanCd=2365182120&kikanKbn=2", "url2": "https://aoki-tsuyoshi.com/", "内容": "ＴＣＢ　東京中央美容外科・ＴＣＢ　スキンクリニック　徳島院【2:診療所】【診療科目:形成外科_美容外科_皮膚科_美容皮膚科】徳島県徳島市寺島本町西１丁目６１番地４セントラルビル２階" }, "geometry": { "type": "Point", "coordinates": [ 134.549661, 34.074749 ] } },
{ "type": "Feature", "properties": { "ID": 3622365182250, "正式名称": "徳島検診クリニック", "機関区分": 2, "都道府県コード": 36, "市区町村コード": 201, "所在地": "徳島県徳島市南矢三町一丁目７番５８号", "緯度": 34.083606, "経度": 134.531566, "url": "https://www.iryou.teikyouseido.mhlw.go.jp/znk-web/juminkanja/S2430/initialize?prefCd=36&kikanCd=2365182250&kikanKbn=2", "url2": "https://tokushima-kenshin.com/", "内容": "徳島検診クリニック【2:診療所】【診療科目:内科_呼吸器内科_循環器内科_消化器内科_婦人科_放射線科】徳島県徳島市南矢三町一丁目７番５８号" }, "geometry": { "type": "Point", "coordinates": [ 134.531566, 34.083606 ] } },
{ "type": "Feature", "properties": { "ID": 3622365182380, "正式名称": "虹の橋葵メンタルクリニック", "機関区分": 2, "都道府県コード": 36, "市区町村コード": 201, "所在地": "徳島県徳島市元町一丁目７アベニュー元町ビル２階", "緯度": 34.07301, "経度": 134.550506, "url": "https://www.iryou.teikyouseido.mhlw.go.jp/znk-web/juminkanja/S2430/initialize?prefCd=36&kikanCd=2365182380&kikanKbn=2", "url2": "http://aoi-nijinohasshi.net/mental-clnic/", "内容": "虹の橋葵メンタルクリニック【2:診療所】【診療科目:精神科_心療内科】徳島県徳島市元町一丁目７アベニュー元町ビル２階" }, "geometry": { "type": "Point", "coordinates": [ 134.550506, 34.07301 ] } },
{ "type": "Feature", "properties": { "ID": 3622365182410, "正式名称": "徳島往診クリニック", "機関区分": 2, "都道府県コード": 36, "市区町村コード": 201, "所在地": "徳島県徳島市沖浜東２丁目１７番地", "緯度": 34.053059, "経度": 134.554133, "url": "https://www.iryou.teikyouseido.mhlw.go.jp/znk-web/juminkanja/S2430/initialize?prefCd=36&kikanCd=2365182410&kikanKbn=2", "url2": "http://www2.tcn.ne.jp/~toc1/", "内容": "徳島往診クリニック【2:診療所】【診療科目:内科_呼吸器内科_循環器内科_消化器内科_胃腸内科_緩和ケア内科_外科_胃腸外科_整形外科_耳鼻いんこう科】徳島県徳島市沖浜東２丁目１７番地" }, "geometry": { "type": "Point", "coordinates": [ 134.554133, 34.053059 ] } },
{ "type": "Feature", "properties": { "ID": 3622365182540, "正式名称": "エミナルクリニック徳島院", "機関区分": 2, "都道府県コード": 36, "市区町村コード": 201, "所在地": "徳島県徳島市寺島本町東二丁目２９番地徳島電気ビル別館３階", "緯度": 34.073025, "経度": 134.552805, "url": "https://www.iryou.teikyouseido.mhlw.go.jp/znk-web/juminkanja/S2430/initialize?prefCd=36&kikanCd=2365182540&kikanKbn=2", "url2": null, "内容": "エミナルクリニック徳島院【2:診療所】【診療科目:美容皮膚科】徳島県徳島市寺島本町東二丁目２９番地徳島電気ビル別館３階" }, "geometry": { "type": "Point", "coordinates": [ 134.552805, 34.073025 ] } },
{ "type": "Feature", "properties": { "ID": 3622365182830, "正式名称": "おうち診療所　神山", "機関区分": 2, "都道府県コード": 36, "市区町村コード": 342, "所在地": "徳島県名西郡神山町神領字本上角１００番地４", "緯度": 33.968475, "経度": 134.35054, "url": "https://www.iryou.teikyouseido.mhlw.go.jp/znk-web/juminkanja/S2430/initialize?prefCd=36&kikanCd=2365182830&kikanKbn=2", "url2": null, "内容": "おうち診療所　神山【2:診療所】【診療科目:内科_整形外科_小児科_リハビリテーション科】徳島県名西郡神山町神領字本上角１００番地４" }, "geometry": { "type": "Point", "coordinates": [ 134.35054, 33.968475 ] } },
{ "type": "Feature", "properties": { "ID": 3622365182960, "正式名称": "ハート徳島クリニック", "機関区分": 2, "都道府県コード": 36, "市区町村コード": 201, "所在地": "徳島県徳島市南昭和町１丁目３５－１", "緯度": 34.057346, "経度": 134.555007, "url": "https://www.iryou.teikyouseido.mhlw.go.jp/znk-web/juminkanja/S2430/initialize?prefCd=36&kikanCd=2365182960&kikanKbn=2", "url2": null, "内容": "ハート徳島クリニック【2:診療所】【診療科目:内科】徳島県徳島市南昭和町１丁目３５－１" }, "geometry": { "type": "Point", "coordinates": [ 134.555007, 34.057346 ] } },
{ "type": "Feature", "properties": { "ID": 3622365183000, "正式名称": "医療法人社団　泰紳会　ＳＨＥＲＩＥ　ＣＬＩＮＩＣ　徳島院", "機関区分": 2, "都道府県コード": 36, "市区町村コード": 201, "所在地": "徳島県徳島市大道一丁目５９番地Ｐ’Ｓビル７階", "緯度": 34.066742, "経度": 134.547106, "url": "https://www.iryou.teikyouseido.mhlw.go.jp/znk-web/juminkanja/S2430/initialize?prefCd=36&kikanCd=2365183000&kikanKbn=2", "url2": null, "内容": "医療法人社団　泰紳会　ＳＨＥＲＩＥ　ＣＬＩＮＩＣ　徳島院【2:診療所】【診療科目:形成外科_美容外科_美容皮膚科】徳島県徳島市大道一丁目５９番地Ｐ’Ｓビル７階" }, "geometry": { "type": "Point", "coordinates": [ 134.547106, 34.066742 ] } },
{ "type": "Feature", "properties": { "ID": 3622365183130, "正式名称": "米田医院ラングクリニック", "機関区分": 2, "都道府県コード": 36, "市区町村コード": 201, "所在地": "徳島県徳島市中島田町２－２５－２", "緯度": 34.082575, "経度": 134.512872, "url": "https://www.iryou.teikyouseido.mhlw.go.jp/znk-web/juminkanja/S2430/initialize?prefCd=36&kikanCd=2365183130&kikanKbn=2", "url2": "https://yoneda-lung-clinic.com/", "内容": "米田医院ラングクリニック【2:診療所】【診療科目:内科_糖尿病内科_呼吸器内科_リウマチ科】徳島県徳島市中島田町２－２５－２" }, "geometry": { "type": "Point", "coordinates": [ 134.512872, 34.082575 ] } },
{ "type": "Feature", "properties": { "ID": 3622365183260, "正式名称": "沖洲ファミリークリニック", "機関区分": 2, "都道府県コード": 36, "市区町村コード": 201, "所在地": "徳島県徳島市北沖洲３丁目１―２４", "緯度": 34.066031, "経度": 134.587794, "url": "https://www.iryou.teikyouseido.mhlw.go.jp/znk-web/juminkanja/S2430/initialize?prefCd=36&kikanCd=2365183260&kikanKbn=2", "url2": null, "内容": "沖洲ファミリークリニック【2:診療所】【診療科目:内科_小児科_アレルギー科】徳島県徳島市北沖洲３丁目１―２４" }, "geometry": { "type": "Point", "coordinates": [ 134.587794, 34.066031 ] } },
{ "type": "Feature", "properties": { "ID": 3622365183390, "正式名称": "つつみ内科・脳神経内科・リウマチ科", "機関区分": 2, "都道府県コード": 36, "市区町村コード": 401, "所在地": "徳島県板野郡松茂町笹木野字八上８９－１", "緯度": 34.132637, "経度": 134.583164, "url": "https://www.iryou.teikyouseido.mhlw.go.jp/znk-web/juminkanja/S2430/initialize?prefCd=36&kikanCd=2365183390&kikanKbn=2", "url2": "https://tsutsumi-inr-clinic.jp/", "内容": "つつみ内科・脳神経内科・リウマチ科【2:診療所】【診療科目:内科_脳神経内科_循環器内科_リウマチ科】徳島県板野郡松茂町笹木野字八上８９－１" }, "geometry": { "type": "Point", "coordinates": [ 134.583164, 34.132637 ] } },
{ "type": "Feature", "properties": { "ID": 3622365183420, "正式名称": "仙波眼科医院", "機関区分": 2, "都道府県コード": 36, "市区町村コード": 402, "所在地": "徳島県板野郡北島町鯛浜字かや１５３ー１", "緯度": 34.11293, "経度": 134.54828, "url": "https://www.iryou.teikyouseido.mhlw.go.jp/znk-web/juminkanja/S2430/initialize?prefCd=36&kikanCd=2365183420&kikanKbn=2", "url2": null, "内容": "仙波眼科医院【2:診療所】【診療科目:眼科】徳島県板野郡北島町鯛浜字かや１５３ー１" }, "geometry": { "type": "Point", "coordinates": [ 134.54828, 34.11293 ] } },
{ "type": "Feature", "properties": { "ID": 3622365183550, "正式名称": "名手耳鼻咽喉科", "機関区分": 2, "都道府県コード": 36, "市区町村コード": 201, "所在地": "徳島県徳島市東大工町１丁目２３番地", "緯度": 34.070039, "経度": 134.545784, "url": "https://www.iryou.teikyouseido.mhlw.go.jp/znk-web/juminkanja/S2430/initialize?prefCd=36&kikanCd=2365183550&kikanKbn=2", "url2": "https://nate-jibika.com/", "内容": "名手耳鼻咽喉科【2:診療所】【診療科目:耳鼻いんこう科_頭頸部・耳鼻いんこう科】徳島県徳島市東大工町１丁目２３番地" }, "geometry": { "type": "Point", "coordinates": [ 134.545784, 34.070039 ] } },
{ "type": "Feature", "properties": { "ID": 3622365183680, "正式名称": "すずえこどもクリニック", "機関区分": 2, "都道府県コード": 36, "市区町村コード": 201, "所在地": "徳島県徳島市八万町弐丈９７番２", "緯度": 34.045121, "経度": 134.547758, "url": "https://www.iryou.teikyouseido.mhlw.go.jp/znk-web/juminkanja/S2430/initialize?prefCd=36&kikanCd=2365183680&kikanKbn=2", "url2": "http://www.nmt.ne.jp/~irukacli/", "内容": "すずえこどもクリニック【2:診療所】【診療科目:小児科】徳島県徳島市八万町弐丈９７番２" }, "geometry": { "type": "Point", "coordinates": [ 134.547758, 34.045121 ] } },
{ "type": "Feature", "properties": { "ID": 3622365183710, "正式名称": "あきのかみクリニック", "機関区分": 2, "都道府県コード": 36, "市区町村コード": 202, "所在地": "徳島県鳴門市瀬戸町明神鳴谷１２１", "緯度": 34.201631, "経度": 134.584817, "url": "https://www.iryou.teikyouseido.mhlw.go.jp/znk-web/juminkanja/S2430/initialize?prefCd=36&kikanCd=2365183710&kikanKbn=2", "url2": null, "内容": "あきのかみクリニック【2:診療所】【診療科目:内科_消化器内科】徳島県鳴門市瀬戸町明神鳴谷１２１" }, "geometry": { "type": "Point", "coordinates": [ 134.584817, 34.201631 ] } },
{ "type": "Feature", "properties": { "ID": 3622365183840, "正式名称": "佐那河内診療所", "機関区分": 2, "都道府県コード": 36, "市区町村コード": 321, "所在地": "徳島県名東郡佐那河内村下字高樋４６番地１", "緯度": 33.999672, "経度": 134.473939, "url": "https://www.iryou.teikyouseido.mhlw.go.jp/znk-web/juminkanja/S2430/initialize?prefCd=36&kikanCd=2365183840&kikanKbn=2", "url2": null, "内容": "佐那河内診療所【2:診療所】【診療科目:内科】徳島県名東郡佐那河内村下字高樋４６番地１" }, "geometry": { "type": "Point", "coordinates": [ 134.473939, 33.999672 ] } },
{ "type": "Feature", "properties": { "ID": 3622365183970, "正式名称": "あおばホームケアクリニック", "機関区分": 2, "都道府県コード": 36, "市区町村コード": 402, "所在地": "徳島県板野郡北島町鯛浜字川久保１７９－５メゾン・ルワーブル２０１", "緯度": 34.11293, "経度": 134.54828, "url": "https://www.iryou.teikyouseido.mhlw.go.jp/znk-web/juminkanja/S2430/initialize?prefCd=36&kikanCd=2365183970&kikanKbn=2", "url2": null, "内容": "あおばホームケアクリニック【2:診療所】【診療科目:内科_緩和ケア内科_小児科】徳島県板野郡北島町鯛浜字川久保１７９－５メゾン・ルワーブル２０１" }, "geometry": { "type": "Point", "coordinates": [ 134.54828, 34.11293 ] } },
{ "type": "Feature", "properties": { "ID": 3622365184010, "正式名称": "盛眼科医院", "機関区分": 2, "都道府県コード": 36, "市区町村コード": 201, "所在地": "徳島県徳島市寺島本町西２－１９", "緯度": 34.075181, "経度": 134.547286, "url": "https://www.iryou.teikyouseido.mhlw.go.jp/znk-web/juminkanja/S2430/initialize?prefCd=36&kikanCd=2365184010&kikanKbn=2", "url2": "http://www.mori-ganka.com/", "内容": "盛眼科医院【2:診療所】【診療科目:眼科】徳島県徳島市寺島本町西２－１９" }, "geometry": { "type": "Point", "coordinates": [ 134.547286, 34.075181 ] } },
{ "type": "Feature", "properties": { "ID": 3622365201470, "正式名称": "西條内科", "機関区分": 2, "都道府県コード": 36, "市区町村コード": 202, "所在地": "徳島県鳴門市撫養町南浜字東浜４２４", "緯度": 34.174246, "経度": 134.607196, "url": "https://www.iryou.teikyouseido.mhlw.go.jp/znk-web/juminkanja/S2430/initialize?prefCd=36&kikanCd=2365201470&kikanKbn=2", "url2": null, "内容": "西條内科【2:診療所】【診療科目:内科_呼吸器内科_循環器内科_消化器内科】徳島県鳴門市撫養町南浜字東浜４２４" }, "geometry": { "type": "Point", "coordinates": [ 134.607196, 34.174246 ] } },
{ "type": "Feature", "properties": { "ID": 3622365201920, "正式名称": "元木医院", "機関区分": 2, "都道府県コード": 36, "市区町村コード": 202, "所在地": "徳島県鳴門市撫養町南浜字東浜５９２", "緯度": 34.175227, "経度": 134.607292, "url": "https://www.iryou.teikyouseido.mhlw.go.jp/znk-web/juminkanja/S2430/initialize?prefCd=36&kikanCd=2365201920&kikanKbn=2", "url2": "https://itp.ne.jp/info/363307075400000899/", "内容": "元木医院【2:診療所】【診療科目:内科_糖尿病内科_呼吸器内科_循環器内科_消化器内科_小児科】徳島県鳴門市撫養町南浜字東浜５９２" }, "geometry": { "type": "Point", "coordinates": [ 134.607292, 34.175227 ] } },
{ "type": "Feature", "properties": { "ID": 3622365202350, "正式名称": "斎藤医院", "機関区分": 2, "都道府県コード": 36, "市区町村コード": 202, "所在地": "徳島県鳴門市大麻町牛屋島字大浜５４", "緯度": 34.150591, "経度": 134.554309, "url": "https://www.iryou.teikyouseido.mhlw.go.jp/znk-web/juminkanja/S2430/initialize?prefCd=36&kikanCd=2365202350&kikanKbn=2", "url2": "http://wwwa.pikara.ne.jp/saito-iin2000", "内容": "斎藤医院【2:診療所】【診療科目:内科_呼吸器内科_胃腸内科_外科_麻酔科】徳島県鳴門市大麻町牛屋島字大浜５４" }, "geometry": { "type": "Point", "coordinates": [ 134.554309, 34.150591 ] } },
{ "type": "Feature", "properties": { "ID": 3622365202800, "正式名称": "福田医院", "機関区分": 2, "都道府県コード": 36, "市区町村コード": 202, "所在地": "徳島県鳴門市撫養町立岩字七枚１１０番地", "緯度": 34.174086, "経度": 134.612399, "url": "https://www.iryou.teikyouseido.mhlw.go.jp/znk-web/juminkanja/S2430/initialize?prefCd=36&kikanCd=2365202800&kikanKbn=2", "url2": null, "内容": "福田医院【2:診療所】【診療科目:内科_胃腸内科_外科_リハビリテーション科_放射線科】徳島県鳴門市撫養町立岩字七枚１１０番地" }, "geometry": { "type": "Point", "coordinates": [ 134.612399, 34.174086 ] } },
{ "type": "Feature", "properties": { "ID": 3622365203070, "正式名称": "浜田皮ふ泌尿器科", "機関区分": 2, "都道府県コード": 36, "市区町村コード": 202, "所在地": "徳島県鳴門市撫養町斎田字北浜１４８", "緯度": 34.180717, "経度": 134.603264, "url": "https://www.iryou.teikyouseido.mhlw.go.jp/znk-web/juminkanja/S2430/initialize?prefCd=36&kikanCd=2365203070&kikanKbn=2", "url2": "http://www.tv-naruto.ne.jp/hamada/", "内容": "浜田皮ふ泌尿器科【2:診療所】【診療科目:皮膚科_泌尿器科_性病科】徳島県鳴門市撫養町斎田字北浜１４８" }, "geometry": { "type": "Point", "coordinates": [ 134.603264, 34.180717 ] } },
{ "type": "Feature", "properties": { "ID": 3622365204240, "正式名称": "原田内科", "機関区分": 2, "都道府県コード": 36, "市区町村コード": 202, "所在地": "徳島県鳴門市大津町矢倉字六ノ越５－９", "緯度": 34.152088, "経度": 134.592562, "url": "https://www.iryou.teikyouseido.mhlw.go.jp/znk-web/juminkanja/S2430/initialize?prefCd=36&kikanCd=2365204240&kikanKbn=2", "url2": null, "内容": "原田内科【2:診療所】【診療科目:内科_糖尿病・内分泌内科_循環器内科_消化器内科_小児科_リハビリテーション科】徳島県鳴門市大津町矢倉字六ノ越５－９" }, "geometry": { "type": "Point", "coordinates": [ 134.592562, 34.152088 ] } },
{ "type": "Feature", "properties": { "ID": 3622365204370, "正式名称": "斎藤整形外科", "機関区分": 2, "都道府県コード": 36, "市区町村コード": 202, "所在地": "徳島県鳴門市撫養町小桑島字前浜２１７", "緯度": 34.180489, "経度": 134.607408, "url": "https://www.iryou.teikyouseido.mhlw.go.jp/znk-web/juminkanja/S2430/initialize?prefCd=36&kikanCd=2365204370&kikanKbn=2", "url2": "https://saitou-seikei-clinic.jp/", "内容": "斎藤整形外科【2:診療所】【診療科目:整形外科_リウマチ科_リハビリテーション科】徳島県鳴門市撫養町小桑島字前浜２１７" }, "geometry": { "type": "Point", "coordinates": [ 134.607408, 34.180489 ] } },
{ "type": "Feature", "properties": { "ID": 3622365204530, "正式名称": "佐藤整形外科医院", "機関区分": 2, "都道府県コード": 36, "市区町村コード": 202, "所在地": "徳島県鳴門市撫養町南浜字東浜２６５", "緯度": 34.174885, "経度": 134.608974, "url": "https://www.iryou.teikyouseido.mhlw.go.jp/znk-web/juminkanja/S2430/initialize?prefCd=36&kikanCd=2365204530&kikanKbn=2", "url2": null, "内容": "佐藤整形外科医院【2:診療所】【診療科目:整形外科_リハビリテーション科】徳島県鳴門市撫養町南浜字東浜２６５" }, "geometry": { "type": "Point", "coordinates": [ 134.608974, 34.174885 ] } },
{ "type": "Feature", "properties": { "ID": 3622365205670, "正式名称": "クリニック釈羅", "機関区分": 2, "都道府県コード": 36, "市区町村コード": 401, "所在地": "徳島県板野郡松茂町広島字鍬の先２２", "緯度": 34.137561, "経度": 134.585266, "url": "https://www.iryou.teikyouseido.mhlw.go.jp/znk-web/juminkanja/S2430/initialize?prefCd=36&kikanCd=2365205670&kikanKbn=2", "url2": "http//www.citydo.com.prf/tokushima/guide/sg/810000961.html", "内容": "クリニック釈羅【2:診療所】【診療科目:内科_精神科_心療内科】徳島県板野郡松茂町広島字鍬の先２２" }, "geometry": { "type": "Point", "coordinates": [ 134.585266, 34.137561 ] } },
{ "type": "Feature", "properties": { "ID": 3622365206000, "正式名称": "豊岡医院", "機関区分": 2, "都道府県コード": 36, "市区町村コード": 404, "所在地": "徳島県板野郡板野町大寺字亀山西１８８－１", "緯度": 34.144816, "経度": 134.463344, "url": "https://www.iryou.teikyouseido.mhlw.go.jp/znk-web/juminkanja/S2430/initialize?prefCd=36&kikanCd=2365206000&kikanKbn=2", "url2": null, "内容": "豊岡医院【2:診療所】【診療科目:内科_小児科】徳島県板野郡板野町大寺字亀山西１８８－１" }, "geometry": { "type": "Point", "coordinates": [ 134.463344, 34.144816 ] } },
{ "type": "Feature", "properties": { "ID": 3622365206390, "正式名称": "三愛内科", "機関区分": 2, "都道府県コード": 36, "市区町村コード": 404, "所在地": "徳島県板野郡板野町吹田字町南２７－２", "緯度": 34.14369, "経度": 134.462274, "url": "https://www.iryou.teikyouseido.mhlw.go.jp/znk-web/juminkanja/S2430/initialize?prefCd=36&kikanCd=2365206390&kikanKbn=2", "url2": "sanai-naika.com", "内容": "三愛内科【2:診療所】【診療科目:内科_呼吸器内科_循環器内科_消化器内科_神経内科】徳島県板野郡板野町吹田字町南２７－２" }, "geometry": { "type": "Point", "coordinates": [ 134.462274, 34.14369 ] } },
{ "type": "Feature", "properties": { "ID": 3622365206550, "正式名称": "新野医院", "機関区分": 2, "都道府県コード": 36, "市区町村コード": 404, "所在地": "徳島県板野郡板野町下庄字栖養２２－１", "緯度": 34.123587, "経度": 134.454326, "url": "https://www.iryou.teikyouseido.mhlw.go.jp/znk-web/juminkanja/S2430/initialize?prefCd=36&kikanCd=2365206550&kikanKbn=2", "url2": null, "内容": "新野医院【2:診療所】【診療科目:内科_整形外科_皮膚科_アレルギー科_リウマチ科_リハビリテーション科】徳島県板野郡板野町下庄字栖養２２－１" }, "geometry": { "type": "Point", "coordinates": [ 134.454326, 34.123587 ] } },
{ "type": "Feature", "properties": { "ID": 3622365207270, "正式名称": "橋本医院", "機関区分": 2, "都道府県コード": 36, "市区町村コード": 202, "所在地": "徳島県鳴門市大津町吉永字四番越４７１－６", "緯度": 34.167517, "経度": 134.60078, "url": "https://www.iryou.teikyouseido.mhlw.go.jp/znk-web/juminkanja/S2430/initialize?prefCd=36&kikanCd=2365207270&kikanKbn=2", "url2": "http://www.hashimoto-clinic.jp", "内容": "橋本医院【2:診療所】【診療科目:内科_呼吸器内科_循環器内科_消化器内科_外科_肛門外科_整形外科_形成外科_リハビリテーション科_放射線科】徳島県鳴門市大津町吉永字四番越４７１－６" }, "geometry": { "type": "Point", "coordinates": [ 134.60078, 34.167517 ] } },
{ "type": "Feature", "properties": { "ID": 3622365207430, "正式名称": "原田医院", "機関区分": 2, "都道府県コード": 36, "市区町村コード": 202, "所在地": "徳島県鳴門市大麻町大谷字中通３０", "緯度": 34.159883, "経度": 134.537823, "url": "https://www.iryou.teikyouseido.mhlw.go.jp/znk-web/juminkanja/S2430/initialize?prefCd=36&kikanCd=2365207430&kikanKbn=2", "url2": "http://www2.ocn.ne.jp/~hm6310/", "内容": "原田医院【2:診療所】【診療科目:内科_呼吸器内科_循環器内科_アレルギー科】徳島県鳴門市大麻町大谷字中通３０" }, "geometry": { "type": "Point", "coordinates": [ 134.537823, 34.159883 ] } },
{ "type": "Feature", "properties": { "ID": 3622365207850, "正式名称": "春藤内科胃腸科", "機関区分": 2, "都道府県コード": 36, "市区町村コード": 401, "所在地": "徳島県板野郡松茂町広島字南ノ川３２－１", "緯度": 34.132304, "経度": 134.567971, "url": "https://www.iryou.teikyouseido.mhlw.go.jp/znk-web/juminkanja/S2430/initialize?prefCd=36&kikanCd=2365207850&kikanKbn=2", "url2": "http://www.tokushima.med.or.jp/itanogun/m-shunto.htm", "内容": "春藤内科胃腸科【2:診療所】【診療科目:内科_呼吸器内科_循環器内科_胃腸内科】徳島県板野郡松茂町広島字南ノ川３２－１" }, "geometry": { "type": "Point", "coordinates": [ 134.567971, 34.132304 ] } },
{ "type": "Feature", "properties": { "ID": 3622365207980, "正式名称": "井上医院", "機関区分": 2, "都道府県コード": 36, "市区町村コード": 401, "所在地": "徳島県板野郡松茂町広島字南ノ川４９番地１２", "緯度": 34.134062, "経度": 134.569645, "url": "https://www.iryou.teikyouseido.mhlw.go.jp/znk-web/juminkanja/S2430/initialize?prefCd=36&kikanCd=2365207980&kikanKbn=2", "url2": "http://www.tokushima.med.or.jp/itanogun/m-inoue.htm", "内容": "井上医院【2:診療所】【診療科目:内科_外科_整形外科】徳島県板野郡松茂町広島字南ノ川４９番地１２" }, "geometry": { "type": "Point", "coordinates": [ 134.569645, 34.134062 ] } },
{ "type": "Feature", "properties": { "ID": 3622365208020, "正式名称": "松茂内科", "機関区分": 2, "都道府県コード": 36, "市区町村コード": 401, "所在地": "徳島県板野郡松茂町中喜来字前原東四番越７番１", "緯度": 34.142569, "経度": 134.578228, "url": "https://www.iryou.teikyouseido.mhlw.go.jp/znk-web/juminkanja/S2430/initialize?prefCd=36&kikanCd=2365208020&kikanKbn=2", "url2": "http://www.tokushima.med.or.jp/itanogun/m-matusige.htm", "内容": "松茂内科【2:診療所】【診療科目:内科_呼吸器内科_循環器内科_消化器内科】徳島県板野郡松茂町中喜来字前原東四番越７番１" }, "geometry": { "type": "Point", "coordinates": [ 134.578228, 34.142569 ] } },
{ "type": "Feature", "properties": { "ID": 3622365208150, "正式名称": "中西医院", "機関区分": 2, "都道府県コード": 36, "市区町村コード": 202, "所在地": "徳島県鳴門市大麻町板東字東山田６９の１", "緯度": 34.156776, "経度": 134.506688, "url": "https://www.iryou.teikyouseido.mhlw.go.jp/znk-web/juminkanja/S2430/initialize?prefCd=36&kikanCd=2365208150&kikanKbn=2", "url2": null, "内容": "中西医院【2:診療所】【診療科目:内科_小児科_リハビリテーション科】徳島県鳴門市大麻町板東字東山田６９の１" }, "geometry": { "type": "Point", "coordinates": [ 134.506688, 34.156776 ] } },
{ "type": "Feature", "properties": { "ID": 3622365208310, "正式名称": "勝良医院", "機関区分": 2, "都道府県コード": 36, "市区町村コード": 202, "所在地": "徳島県鳴門市撫養町斎田字西発７７番地１０", "緯度": 34.172356, "経度": 134.601641, "url": "https://www.iryou.teikyouseido.mhlw.go.jp/znk-web/juminkanja/S2430/initialize?prefCd=36&kikanCd=2365208310&kikanKbn=2", "url2": "http://www.citydo.com/prf/tokushima/guide/sg/810000845.html", "内容": "勝良医院【2:診療所】【診療科目:内科_呼吸器内科_循環器内科_消化器内科_小児科】徳島県鳴門市撫養町斎田字西発７７番地１０" }, "geometry": { "type": "Point", "coordinates": [ 134.601641, 34.172356 ] } },
{ "type": "Feature", "properties": { "ID": 3622365208570, "正式名称": "谷医院", "機関区分": 2, "都道府県コード": 36, "市区町村コード": 202, "所在地": "徳島県鳴門市撫養町斎田字大堤１２９番地", "緯度": 34.177255, "経度": 134.60887, "url": "https://www.iryou.teikyouseido.mhlw.go.jp/znk-web/juminkanja/S2430/initialize?prefCd=36&kikanCd=2365208570&kikanKbn=2", "url2": null, "内容": "谷医院【2:診療所】【診療科目:内科_胃腸内科_外科_肛門外科】徳島県鳴門市撫養町斎田字大堤１２９番地" }, "geometry": { "type": "Point", "coordinates": [ 134.60887, 34.177255 ] } },
{ "type": "Feature", "properties": { "ID": 3622365208600, "正式名称": "レディースクリニック兼松産婦人科", "機関区分": 2, "都道府県コード": 36, "市区町村コード": 202, "所在地": "徳島県鳴門市撫養町南浜字東浜６０１番地", "緯度": 34.175389, "経度": 134.607861, "url": "https://www.iryou.teikyouseido.mhlw.go.jp/znk-web/juminkanja/S2430/initialize?prefCd=36&kikanCd=2365208600&kikanKbn=2", "url2": "http://kanematu-clinic.jp/", "内容": "レディースクリニック兼松産婦人科【2:診療所】【診療科目:内科_小児科_産婦人科】徳島県鳴門市撫養町南浜字東浜６０１番地" }, "geometry": { "type": "Point", "coordinates": [ 134.607861, 34.175389 ] } },
{ "type": "Feature", "properties": { "ID": 3622365208860, "正式名称": "高田内科医院", "機関区分": 2, "都道府県コード": 36, "市区町村コード": 202, "所在地": "徳島県鳴門市撫養町黒崎字松島９６－１０", "緯度": 34.184728, "経度": 134.600962, "url": "https://www.iryou.teikyouseido.mhlw.go.jp/znk-web/juminkanja/S2430/initialize?prefCd=36&kikanCd=2365208860&kikanKbn=2", "url2": "http://www.citydo.com/sp/088-684-0031", "内容": "高田内科医院【2:診療所】【診療科目:内科_呼吸器内科_循環器内科_消化器内科_小児科】徳島県鳴門市撫養町黒崎字松島９６－１０" }, "geometry": { "type": "Point", "coordinates": [ 134.600962, 34.184728 ] } },
{ "type": "Feature", "properties": { "ID": 3622365209030, "正式名称": "吉田整形外科", "機関区分": 2, "都道府県コード": 36, "市区町村コード": 202, "所在地": "徳島県鳴門市大津町木津野字前の越４番地の１", "緯度": 34.165937, "経度": 134.58679, "url": "https://www.iryou.teikyouseido.mhlw.go.jp/znk-web/juminkanja/S2430/initialize?prefCd=36&kikanCd=2365209030&kikanKbn=2", "url2": "http://yoshidaseikei.jp", "内容": "吉田整形外科【2:診療所】【診療科目:整形外科_リウマチ科_リハビリテーション科】徳島県鳴門市大津町木津野字前の越４番地の１" }, "geometry": { "type": "Point", "coordinates": [ 134.58679, 34.165937 ] } },
{ "type": "Feature", "properties": { "ID": 3622365209160, "正式名称": "医療法人うがい医院", "機関区分": 2, "都道府県コード": 36, "市区町村コード": 202, "所在地": "徳島県鳴門市撫養町斎田字大堤２２６", "緯度": 34.176412, "経度": 134.607405, "url": "https://www.iryou.teikyouseido.mhlw.go.jp/znk-web/juminkanja/S2430/initialize?prefCd=36&kikanCd=2365209160&kikanKbn=2", "url2": "http://ugai-clinic.jp/", "内容": "医療法人うがい医院【2:診療所】【診療科目:内科_胃腸内科_外科_肛門外科_皮膚科】徳島県鳴門市撫養町斎田字大堤２２６" }, "geometry": { "type": "Point", "coordinates": [ 134.607405, 34.176412 ] } },
{ "type": "Feature", "properties": { "ID": 3622365209740, "正式名称": "近藤内科医院", "機関区分": 2, "都道府県コード": 36, "市区町村コード": 404, "所在地": "徳島県板野郡板野町那東字楠木２－１", "緯度": 34.135519, "経度": 134.439279, "url": "https://www.iryou.teikyouseido.mhlw.go.jp/znk-web/juminkanja/S2430/initialize?prefCd=36&kikanCd=2365209740&kikanKbn=2", "url2": null, "内容": "近藤内科医院【2:診療所】【診療科目:内科_呼吸器内科_循環器内科_胃腸内科_小児科_リハビリテーション科】徳島県板野郡板野町那東字楠木２－１" }, "geometry": { "type": "Point", "coordinates": [ 134.439279, 34.135519 ] } },
{ "type": "Feature", "properties": { "ID": 3622365209900, "正式名称": "ファミリークリニックしんの", "機関区分": 2, "都道府県コード": 36, "市区町村コード": 404, "所在地": "徳島県板野郡板野町下庄字古杉１０６－２", "緯度": 34.122019, "経度": 134.45416, "url": "https://www.iryou.teikyouseido.mhlw.go.jp/znk-web/juminkanja/S2430/initialize?prefCd=36&kikanCd=2365209900&kikanKbn=2", "url2": "http://www.tokushima.med.or.jp/itanogun/", "内容": "ファミリークリニックしんの【2:診療所】【診療科目:内科_呼吸器内科_循環器内科_胃腸内科_外科_心臓血管外科_小児科】徳島県板野郡板野町下庄字古杉１０６－２" }, "geometry": { "type": "Point", "coordinates": [ 134.45416, 34.122019 ] } },
{ "type": "Feature", "properties": { "ID": 3622365210430, "正式名称": "おおあさクリニック", "機関区分": 2, "都道府県コード": 36, "市区町村コード": 202, "所在地": "徳島県鳴門市大麻町桧字東山田５７番地１", "緯度": 34.166825, "経度": 134.500196, "url": "https://www.iryou.teikyouseido.mhlw.go.jp/znk-web/juminkanja/S2430/initialize?prefCd=36&kikanCd=2365210430&kikanKbn=2", "url2": null, "内容": "おおあさクリニック【2:診療所】【診療科目:内科】徳島県鳴門市大麻町桧字東山田５７番地１" }, "geometry": { "type": "Point", "coordinates": [ 134.500196, 34.166825 ] } },
{ "type": "Feature", "properties": { "ID": 3622365300100, "正式名称": "赤岩医院", "機関区分": 2, "都道府県コード": 36, "市区町村コード": 203, "所在地": "徳島県小松島市立江町字宮前２２－１", "緯度": 33.96899, "経度": 134.606895, "url": "https://www.iryou.teikyouseido.mhlw.go.jp/znk-web/juminkanja/S2430/initialize?prefCd=36&kikanCd=2365300100&kikanKbn=2", "url2": "www.akaiwaiin.com", "内容": "赤岩医院【2:診療所】【診療科目:内科_消化器内科_外科】徳島県小松島市立江町字宮前２２－１" }, "geometry": { "type": "Point", "coordinates": [ 134.606895, 33.96899 ] } },
{ "type": "Feature", "properties": { "ID": 3622365301400, "正式名称": "谷医院", "機関区分": 2, "都道府県コード": 36, "市区町村コード": 203, "所在地": "徳島県小松島市立江町字江ノ上１－１", "緯度": 33.967317, "経度": 134.602947, "url": "https://www.iryou.teikyouseido.mhlw.go.jp/znk-web/juminkanja/S2430/initialize?prefCd=36&kikanCd=2365301400&kikanKbn=2", "url2": "http://www.tani-iin.net", "内容": "谷医院【2:診療所】【診療科目:内科_整形外科_小児科_眼科】徳島県小松島市立江町字江ノ上１－１" }, "geometry": { "type": "Point", "coordinates": [ 134.602947, 33.967317 ] } },
{ "type": "Feature", "properties": { "ID": 3622365301660, "正式名称": "日開眼科", "機関区分": 2, "都道府県コード": 36, "市区町村コード": 203, "所在地": "徳島県小松島市松島町５－１０", "緯度": 34.008603, "経度": 134.584676, "url": "https://www.iryou.teikyouseido.mhlw.go.jp/znk-web/juminkanja/S2430/initialize?prefCd=36&kikanCd=2365301660&kikanKbn=2", "url2": "http://wwwe.pikara.ne.jp/higaiganka/", "内容": "日開眼科【2:診療所】【診療科目:眼科】徳島県小松島市松島町５－１０" }, "geometry": { "type": "Point", "coordinates": [ 134.584676, 34.008603 ] } },
{ "type": "Feature", "properties": { "ID": 3622365301790, "正式名称": "福原皮膚科", "機関区分": 2, "都道府県コード": 36, "市区町村コード": 203, "所在地": "徳島県小松島市南小松島町７－６２", "緯度": 34.005672, "経度": 134.588259, "url": "https://www.iryou.teikyouseido.mhlw.go.jp/znk-web/juminkanja/S2430/initialize?prefCd=36&kikanCd=2365301790&kikanKbn=2", "url2": null, "内容": "福原皮膚科【2:診療所】【診療科目:皮膚科】徳島県小松島市南小松島町７－６２" }, "geometry": { "type": "Point", "coordinates": [ 134.588259, 34.005672 ] } },
{ "type": "Feature", "properties": { "ID": 3622365302670, "正式名称": "藤野医院", "機関区分": 2, "都道府県コード": 36, "市区町村コード": 203, "所在地": "徳島県小松島市坂野町字平田１８番地の２", "緯度": 33.980826, "経度": 134.633044, "url": "https://www.iryou.teikyouseido.mhlw.go.jp/znk-web/juminkanja/S2430/initialize?prefCd=36&kikanCd=2365302670&kikanKbn=2", "url2": "http://fujino.ezdns.jp/fujinoiin/", "内容": "藤野医院【2:診療所】【診療科目:内科_循環器内科_胃腸内科_腎臓内科_小児科_リハビリテーション科】徳島県小松島市坂野町字平田１８番地の２" }, "geometry": { "type": "Point", "coordinates": [ 134.633044, 33.980826 ] } },
{ "type": "Feature", "properties": { "ID": 3622365302960, "正式名称": "小松島天満クリニック", "機関区分": 2, "都道府県コード": 36, "市区町村コード": 203, "所在地": "徳島県小松島市中田町字狭間４７番地", "緯度": 34.015086, "経度": 134.570975, "url": "https://www.iryou.teikyouseido.mhlw.go.jp/znk-web/juminkanja/S2430/initialize?prefCd=36&kikanCd=2365302960&kikanKbn=2", "url2": "https://tenma-hpg.com/clinic/minamitokushima/", "内容": "小松島天満クリニック【2:診療所】【診療科目:内科_糖尿病内科_消化器内科_腫瘍内科_緩和ケア内科_リウマチ科】徳島県小松島市中田町字狭間４７番地" }, "geometry": { "type": "Point", "coordinates": [ 134.570975, 34.015086 ] } },
{ "type": "Feature", "properties": { "ID": 3622365303420, "正式名称": "国民健康保険上勝町福原診療所", "機関区分": 2, "都道府県コード": 36, "市区町村コード": 302, "所在地": "徳島県勝浦郡上勝町大字福原字川北３０番地１", "緯度": 33.892337, "経度": 134.402213, "url": "https://www.iryou.teikyouseido.mhlw.go.jp/znk-web/juminkanja/S2430/initialize?prefCd=36&kikanCd=2365303420&kikanKbn=2", "url2": null, "内容": "国民健康保険上勝町福原診療所【2:診療所】【診療科目:内科_外科】徳島県勝浦郡上勝町大字福原字川北３０番地１" }, "geometry": { "type": "Point", "coordinates": [ 134.402213, 33.892337 ] } },
{ "type": "Feature", "properties": { "ID": 3622365303710, "正式名称": "桂医院", "機関区分": 2, "都道府県コード": 36, "市区町村コード": 203, "所在地": "徳島県小松島市松島町７－１", "緯度": 34.007251, "経度": 134.584697, "url": "https://www.iryou.teikyouseido.mhlw.go.jp/znk-web/juminkanja/S2430/initialize?prefCd=36&kikanCd=2365303710&kikanKbn=2", "url2": null, "内容": "桂医院【2:診療所】【診療科目:内科_胃腸内科_小児科】徳島県小松島市松島町７－１" }, "geometry": { "type": "Point", "coordinates": [ 134.584697, 34.007251 ] } },
{ "type": "Feature", "properties": { "ID": 3622365304270, "正式名称": "庄野耳鼻咽喉科医院", "機関区分": 2, "都道府県コード": 36, "市区町村コード": 203, "所在地": "徳島県小松島市大林町字高橋５５番地", "緯度": 33.966783, "経度": 134.619856, "url": "https://www.iryou.teikyouseido.mhlw.go.jp/znk-web/juminkanja/S2430/initialize?prefCd=36&kikanCd=2365304270&kikanKbn=2", "url2": "http://shono-ent-clinic.com/", "内容": "庄野耳鼻咽喉科医院【2:診療所】【診療科目:小児耳鼻いんこう科_耳鼻いんこう科_気管食道・耳鼻いんこう科_頭頸部・耳鼻いんこう科_補聴器外来_アレルギー科】徳島県小松島市大林町字高橋５５番地" }, "geometry": { "type": "Point", "coordinates": [ 134.619856, 33.966783 ] } },
{ "type": "Feature", "properties": { "ID": 3622365304300, "正式名称": "マスカット内科横須クリニック", "機関区分": 2, "都道府県コード": 36, "市区町村コード": 203, "所在地": "徳島県小松島市横須町１１番５３号", "緯度": 33.997031, "経度": 134.597454, "url": "https://www.iryou.teikyouseido.mhlw.go.jp/znk-web/juminkanja/S2430/initialize?prefCd=36&kikanCd=2365304300&kikanKbn=2", "url2": null, "内容": "マスカット内科横須クリニック【2:診療所】【診療科目:内科_糖尿病内科_呼吸器内科_循環器内科_消化器内科_漢方内科_肛門内科_リハビリテーション科】徳島県小松島市横須町１１番５３号" }, "geometry": { "type": "Point", "coordinates": [ 134.597454, 33.997031 ] } },
{ "type": "Feature", "properties": { "ID": 3622365304430, "正式名称": "ふじの小児科クリニック", "機関区分": 2, "都道府県コード": 36, "市区町村コード": 203, "所在地": "徳島県小松島市坂野町字平田１８－４", "緯度": 33.980663, "経度": 134.632473, "url": "https://www.iryou.teikyouseido.mhlw.go.jp/znk-web/juminkanja/S2430/initialize?prefCd=36&kikanCd=2365304430&kikanKbn=2", "url2": "http://fujino.ezdns.jp/clinic/index.htm", "内容": "ふじの小児科クリニック【2:診療所】【診療科目:神経内科_小児科_リハビリテーション科】徳島県小松島市坂野町字平田１８－４" }, "geometry": { "type": "Point", "coordinates": [ 134.632473, 33.980663 ] } },
{ "type": "Feature", "properties": { "ID": 3622365304980, "正式名称": "宮本小児科", "機関区分": 2, "都道府県コード": 36, "市区町村コード": 203, "所在地": "徳島県小松島市大林町字宮ノ本１１３－１", "緯度": 33.978167, "経度": 134.612828, "url": "https://www.iryou.teikyouseido.mhlw.go.jp/znk-web/juminkanja/S2430/initialize?prefCd=36&kikanCd=2365304980&kikanKbn=2", "url2": null, "内容": "宮本小児科【2:診療所】【診療科目:内科_小児科_アレルギー科】徳島県小松島市大林町字宮ノ本１１３－１" }, "geometry": { "type": "Point", "coordinates": [ 134.612828, 33.978167 ] } },
{ "type": "Feature", "properties": { "ID": 3622365305020, "正式名称": "ロイヤルクリニック", "機関区分": 2, "都道府県コード": 36, "市区町村コード": 203, "所在地": "徳島県小松島市中田町字新開４５番地", "緯度": 34.013128, "経度": 134.58376, "url": "https://www.iryou.teikyouseido.mhlw.go.jp/znk-web/juminkanja/S2430/initialize?prefCd=36&kikanCd=2365305020&kikanKbn=2", "url2": null, "内容": "ロイヤルクリニック【2:診療所】【診療科目:内科】徳島県小松島市中田町字新開４５番地" }, "geometry": { "type": "Point", "coordinates": [ 134.58376, 34.013128 ] } },
{ "type": "Feature", "properties": { "ID": 3622365305150, "正式名称": "坂本内科呼吸器クリニック", "機関区分": 2, "都道府県コード": 36, "市区町村コード": 203, "所在地": "徳島県小松島市前原町字東３７番１", "緯度": 34.013614, "経度": 134.565583, "url": "https://www.iryou.teikyouseido.mhlw.go.jp/znk-web/juminkanja/S2430/initialize?prefCd=36&kikanCd=2365305150&kikanKbn=2", "url2": "https://sakamoto-rc.com", "内容": "坂本内科呼吸器クリニック【2:診療所】【診療科目:内科_呼吸器内科_アレルギー科】徳島県小松島市前原町字東３７番１" }, "geometry": { "type": "Point", "coordinates": [ 134.565583, 34.013614 ] } },
{ "type": "Feature", "properties": { "ID": 3622365400260, "正式名称": "阿南市国民健康保険加茂谷診療所", "機関区分": 2, "都道府県コード": 36, "市区町村コード": 204, "所在地": "徳島県阿南市加茂町野上３０", "緯度": 33.921604, "経度": 134.552135, "url": "https://www.iryou.teikyouseido.mhlw.go.jp/znk-web/juminkanja/S2430/initialize?prefCd=36&kikanCd=2365400260&kikanKbn=2", "url2": null, "内容": "阿南市国民健康保険加茂谷診療所【2:診療所】【診療科目:内科】徳島県阿南市加茂町野上３０" }, "geometry": { "type": "Point", "coordinates": [ 134.552135, 33.921604 ] } },
{ "type": "Feature", "properties": { "ID": 3622365400680, "正式名称": "上村ヒフ科", "機関区分": 2, "都道府県コード": 36, "市区町村コード": 204, "所在地": "徳島県阿南市大潟町３０番地", "緯度": 33.886168, "経度": 134.664268, "url": "https://www.iryou.teikyouseido.mhlw.go.jp/znk-web/juminkanja/S2430/initialize?prefCd=36&kikanCd=2365400680&kikanKbn=2", "url2": null, "内容": "上村ヒフ科【2:診療所】【診療科目:内科_小児科_皮膚科】徳島県阿南市大潟町３０番地" }, "geometry": { "type": "Point", "coordinates": [ 134.664268, 33.886168 ] } },
{ "type": "Feature", "properties": { "ID": 3622365400710, "正式名称": "岡本眼科", "機関区分": 2, "都道府県コード": 36, "市区町村コード": 204, "所在地": "徳島県阿南市津乃峰町長浜３９２－２", "緯度": 33.889049, "経度": 134.65352, "url": "https://www.iryou.teikyouseido.mhlw.go.jp/znk-web/juminkanja/S2430/initialize?prefCd=36&kikanCd=2365400710&kikanKbn=2", "url2": null, "内容": "岡本眼科【2:診療所】【診療科目:眼科】徳島県阿南市津乃峰町長浜３９２－２" }, "geometry": { "type": "Point", "coordinates": [ 134.65352, 33.889049 ] } },
{ "type": "Feature", "properties": { "ID": 3622365401300, "正式名称": "是松医院", "機関区分": 2, "都道府県コード": 36, "市区町村コード": 204, "所在地": "徳島県阿南市津乃峰町東分１１２－１", "緯度": 33.887874, "経度": 134.651613, "url": "https://www.iryou.teikyouseido.mhlw.go.jp/znk-web/juminkanja/S2430/initialize?prefCd=36&kikanCd=2365401300&kikanKbn=2", "url2": null, "内容": "是松医院【2:診療所】【診療科目:内科_消化器内科_外科_肛門外科_小児科_リハビリテーション科】徳島県阿南市津乃峰町東分１１２－１" }, "geometry": { "type": "Point", "coordinates": [ 134.651613, 33.887874 ] } },
{ "type": "Feature", "properties": { "ID": 3622365402310, "正式名称": "土肥医院", "機関区分": 2, "都道府県コード": 36, "市区町村コード": 204, "所在地": "徳島県阿南市見能林町東石仏２", "緯度": 33.902503, "経度": 134.669458, "url": "https://www.iryou.teikyouseido.mhlw.go.jp/znk-web/juminkanja/S2430/initialize?prefCd=36&kikanCd=2365402310&kikanKbn=2", "url2": null, "内容": "土肥医院【2:診療所】【診療科目:内科_小児科_皮膚科_皮膚泌尿器科_泌尿器科】徳島県阿南市見能林町東石仏２" }, "geometry": { "type": "Point", "coordinates": [ 134.669458, 33.902503 ] } },
{ "type": "Feature", "properties": { "ID": 3622365402730, "正式名称": "原田医院", "機関区分": 2, "都道府県コード": 36, "市区町村コード": 204, "所在地": "徳島県阿南市桑野町鳥居前１５−１", "緯度": 33.876468, "経度": 134.61406, "url": "https://www.iryou.teikyouseido.mhlw.go.jp/znk-web/juminkanja/S2430/initialize?prefCd=36&kikanCd=2365402730&kikanKbn=2", "url2": "http://harada-clc.jp/", "内容": "原田医院【2:診療所】【診療科目:内科】徳島県阿南市桑野町鳥居前１５−１" }, "geometry": { "type": "Point", "coordinates": [ 134.61406, 33.876468 ] } },
{ "type": "Feature", "properties": { "ID": 3622365403870, "正式名称": "板東医院", "機関区分": 2, "都道府県コード": 36, "市区町村コード": 204, "所在地": "徳島県阿南市内原町筒崎５－４", "緯度": 33.87984, "経度": 134.621412, "url": "https://www.iryou.teikyouseido.mhlw.go.jp/znk-web/juminkanja/S2430/initialize?prefCd=36&kikanCd=2365403870&kikanKbn=2", "url2": null, "内容": "板東医院【2:診療所】【診療科目:内科_胃腸内科_放射線科】徳島県阿南市内原町筒崎５－４" }, "geometry": { "type": "Point", "coordinates": [ 134.621412, 33.87984 ] } },
{ "type": "Feature", "properties": { "ID": 3622365403900, "正式名称": "岸医院", "機関区分": 2, "都道府県コード": 36, "市区町村コード": 204, "所在地": "徳島県阿南市富岡町トノ町５４－１", "緯度": 33.920166, "経度": 134.658528, "url": "https://www.iryou.teikyouseido.mhlw.go.jp/znk-web/juminkanja/S2430/initialize?prefCd=36&kikanCd=2365403900&kikanKbn=2", "url2": null, "内容": "岸医院【2:診療所】【診療科目:内科_呼吸器内科_小児科_リウマチ科】徳島県阿南市富岡町トノ町５４－１" }, "geometry": { "type": "Point", "coordinates": [ 134.658528, 33.920166 ] } },
{ "type": "Feature", "properties": { "ID": 3622365404040, "正式名称": "馬原医院", "機関区分": 2, "都道府県コード": 36, "市区町村コード": 204, "所在地": "徳島県阿南市新野町信里６２", "緯度": 33.846614, "経度": 134.599337, "url": "https://www.iryou.teikyouseido.mhlw.go.jp/znk-web/juminkanja/S2430/initialize?prefCd=36&kikanCd=2365404040&kikanKbn=2", "url2": "https://maharahospital.jp/", "内容": "馬原医院【2:診療所】【診療科目:内科_循環器内科_外科_小児科】徳島県阿南市新野町信里６２" }, "geometry": { "type": "Point", "coordinates": [ 134.599337, 33.846614 ] } },
{ "type": "Feature", "properties": { "ID": 3622365404750, "正式名称": "益崎胃腸科内科医院", "機関区分": 2, "都道府県コード": 36, "市区町村コード": 204, "所在地": "徳島県阿南市那賀川町赤池１７８－２", "緯度": 33.940334, "経度": 134.664187, "url": "https://www.iryou.teikyouseido.mhlw.go.jp/znk-web/juminkanja/S2430/initialize?prefCd=36&kikanCd=2365404750&kikanKbn=2", "url2": "http://gensekikai.com/", "内容": "益崎胃腸科内科医院【2:診療所】【診療科目:内科_胃腸内科_外科】徳島県阿南市那賀川町赤池１７８－２" }, "geometry": { "type": "Point", "coordinates": [ 134.664187, 33.940334 ] } },
{ "type": "Feature", "properties": { "ID": 3622365405180, "正式名称": "富永医院", "機関区分": 2, "都道府県コード": 36, "市区町村コード": 204, "所在地": "徳島県阿南市羽ノ浦町中庄市４９－３", "緯度": 33.9601, "経度": 134.627141, "url": "https://www.iryou.teikyouseido.mhlw.go.jp/znk-web/juminkanja/S2430/initialize?prefCd=36&kikanCd=2365405180&kikanKbn=2", "url2": null, "内容": "富永医院【2:診療所】【診療科目:内科_呼吸器内科_循環器内科_消化器内科】徳島県阿南市羽ノ浦町中庄市４９－３" }, "geometry": { "type": "Point", "coordinates": [ 134.627141, 33.9601 ] } },
{ "type": "Feature", "properties": { "ID": 3622365406060, "正式名称": "那賀町国民健康保険日野谷診療所", "機関区分": 2, "都道府県コード": 36, "市区町村コード": 368, "所在地": "徳島県那賀郡那賀町大久保字大西３番地２", "緯度": 33.791199, "経度": 134.443495, "url": "https://www.iryou.teikyouseido.mhlw.go.jp/znk-web/juminkanja/S2430/initialize?prefCd=36&kikanCd=2365406060&kikanKbn=2", "url2": "http://www.whk.ne.jp/~aioih/CLIN%20TOP.html", "内容": "那賀町国民健康保険日野谷診療所【2:診療所】【診療科目:内科_循環器内科_消化器内科_外科_整形外科_小児科_リハビリテーション科_放射線科】徳島県那賀郡那賀町大久保字大西３番地２" }, "geometry": { "type": "Point", "coordinates": [ 134.443495, 33.791199 ] } },
{ "type": "Feature", "properties": { "ID": 3622365406350, "正式名称": "那賀町国民健康保険木沢診療所", "機関区分": 2, "都道府県コード": 36, "市区町村コード": 368, "所在地": "徳島県那賀郡那賀町木頭字広瀬５番地２", "緯度": 33.830248, "経度": 134.299504, "url": "https://www.iryou.teikyouseido.mhlw.go.jp/znk-web/juminkanja/S2430/initialize?prefCd=36&kikanCd=2365406350&kikanKbn=2", "url2": null, "内容": "那賀町国民健康保険木沢診療所【2:診療所】【診療科目:内科_外科_整形外科】徳島県那賀郡那賀町木頭字広瀬５番地２" }, "geometry": { "type": "Point", "coordinates": [ 134.299504, 33.830248 ] } },
{ "type": "Feature", "properties": { "ID": 3622365406480, "正式名称": "那賀町国民健康保険木頭診療所", "機関区分": 2, "都道府県コード": 36, "市区町村コード": 368, "所在地": "徳島県那賀郡那賀町木頭和無田字イワツシ１", "緯度": 33.770318, "経度": 134.196314, "url": "https://www.iryou.teikyouseido.mhlw.go.jp/znk-web/juminkanja/S2430/initialize?prefCd=36&kikanCd=2365406480&kikanKbn=2", "url2": null, "内容": "那賀町国民健康保険木頭診療所【2:診療所】【診療科目:内科_外科_整形外科_小児科_皮膚科_歯科】徳島県那賀郡那賀町木頭和無田字イワツシ１" }, "geometry": { "type": "Point", "coordinates": [ 134.196314, 33.770318 ] } },
{ "type": "Feature", "properties": { "ID": 3622365406510, "正式名称": "那賀町国民健康保険北川診療所", "機関区分": 2, "都道府県コード": 36, "市区町村コード": 368, "所在地": "徳島県那賀郡那賀町木頭北川字下モ伴７１", "緯度": 33.776508, "経度": 134.10646, "url": "https://www.iryou.teikyouseido.mhlw.go.jp/znk-web/juminkanja/S2430/initialize?prefCd=36&kikanCd=2365406510&kikanKbn=2", "url2": null, "内容": "那賀町国民健康保険北川診療所【2:診療所】【診療科目:内科】徳島県那賀郡那賀町木頭北川字下モ伴７１" }, "geometry": { "type": "Point", "coordinates": [ 134.10646, 33.776508 ] } },
{ "type": "Feature", "properties": { "ID": 3622365406640, "正式名称": "医療法人三谷医院三谷内科", "機関区分": 2, "都道府県コード": 36, "市区町村コード": 204, "所在地": "徳島県阿南市富岡町東仲町３１３－２", "緯度": 33.921244, "経度": 134.654102, "url": "https://www.iryou.teikyouseido.mhlw.go.jp/znk-web/juminkanja/S2430/initialize?prefCd=36&kikanCd=2365406640&kikanKbn=2", "url2": null, "内容": "医療法人三谷医院三谷内科【2:診療所】【診療科目:内科_呼吸器内科_循環器内科_消化器内科_放射線科】徳島県阿南市富岡町東仲町３１３－２" }, "geometry": { "type": "Point", "coordinates": [ 134.654102, 33.921244 ] } },
{ "type": "Feature", "properties": { "ID": 3622365406800, "正式名称": "富士医院", "機関区分": 2, "都道府県コード": 36, "市区町村コード": 204, "所在地": "徳島県阿南市新野町西馬場３－３", "緯度": 33.847661, "経度": 134.580942, "url": "https://www.iryou.teikyouseido.mhlw.go.jp/znk-web/juminkanja/S2430/initialize?prefCd=36&kikanCd=2365406800&kikanKbn=2", "url2": null, "内容": "富士医院【2:診療所】【診療科目:内科_外科】徳島県阿南市新野町西馬場３－３" }, "geometry": { "type": "Point", "coordinates": [ 134.580942, 33.847661 ] } },
{ "type": "Feature", "properties": { "ID": 3622365407360, "正式名称": "殿谷整形外科医院", "機関区分": 2, "都道府県コード": 36, "市区町村コード": 204, "所在地": "徳島県阿南市津乃峰町戎山１４９番地の７５", "緯度": 33.885068, "経度": 134.653308, "url": "https://www.iryou.teikyouseido.mhlw.go.jp/znk-web/juminkanja/S2430/initialize?prefCd=36&kikanCd=2365407360&kikanKbn=2", "url2": null, "内容": "殿谷整形外科医院【2:診療所】【診療科目:内科_整形外科_リハビリテーション科_麻酔科】徳島県阿南市津乃峰町戎山１４９番地の７５" }, "geometry": { "type": "Point", "coordinates": [ 134.653308, 33.885068 ] } },
{ "type": "Feature", "properties": { "ID": 3622365407650, "正式名称": "生野外科胃腸科", "機関区分": 2, "都道府県コード": 36, "市区町村コード": 204, "所在地": "徳島県阿南市羽ノ浦町中庄上ナカレ１５－１", "緯度": 33.953613, "経度": 134.623032, "url": "https://www.iryou.teikyouseido.mhlw.go.jp/znk-web/juminkanja/S2430/initialize?prefCd=36&kikanCd=2365407650&kikanKbn=2", "url2": null, "内容": "生野外科胃腸科【2:診療所】【診療科目:内科_胃腸内科_外科_肛門外科_リハビリテーション科】徳島県阿南市羽ノ浦町中庄上ナカレ１５－１" }, "geometry": { "type": "Point", "coordinates": [ 134.623032, 33.953613 ] } },
{ "type": "Feature", "properties": { "ID": 3622365407940, "正式名称": "阿南市国民健康保険伊島診療所", "機関区分": 2, "都道府県コード": 36, "市区町村コード": 204, "所在地": "徳島県阿南市伊島町瀬戸３９番地", "緯度": 33.843143, "経度": 134.807889, "url": "https://www.iryou.teikyouseido.mhlw.go.jp/znk-web/juminkanja/S2430/initialize?prefCd=36&kikanCd=2365407940&kikanKbn=2", "url2": null, "内容": "阿南市国民健康保険伊島診療所【2:診療所】【診療科目:内科】徳島県阿南市伊島町瀬戸３９番地" }, "geometry": { "type": "Point", "coordinates": [ 134.807889, 33.843143 ] } },
{ "type": "Feature", "properties": { "ID": 3622365408080, "正式名称": "古川小児科内科医院", "機関区分": 2, "都道府県コード": 36, "市区町村コード": 204, "所在地": "徳島県阿南市領家町土倉１７番地１", "緯度": 33.920683, "経度": 134.667696, "url": "https://www.iryou.teikyouseido.mhlw.go.jp/znk-web/juminkanja/S2430/initialize?prefCd=36&kikanCd=2365408080&kikanKbn=2", "url2": "http://nttbj.itp.ne.jp/0884233306/index.html", "内容": "古川小児科内科医院【2:診療所】【診療科目:内科_小児科】徳島県阿南市領家町土倉１７番地１" }, "geometry": { "type": "Point", "coordinates": [ 134.667696, 33.920683 ] } },
{ "type": "Feature", "properties": { "ID": 3622365408660, "正式名称": "じぞうばし内科外科福井診療所", "機関区分": 2, "都道府県コード": 36, "市区町村コード": 204, "所在地": "徳島県阿南市福井町大西１８０番地６", "緯度": 33.838525, "経度": 134.623638, "url": "https://www.iryou.teikyouseido.mhlw.go.jp/znk-web/juminkanja/S2430/initialize?prefCd=36&kikanCd=2365408660&kikanKbn=2", "url2": "https://jizoubashi.com", "内容": "じぞうばし内科外科福井診療所【2:診療所】【診療科目:内科_呼吸器内科_循環器内科_胃腸内科_外科_小児科】徳島県阿南市福井町大西１８０番地６" }, "geometry": { "type": "Point", "coordinates": [ 134.623638, 33.838525 ] } },
{ "type": "Feature", "properties": { "ID": 3622365408820, "正式名称": "廣瀬医院", "機関区分": 2, "都道府県コード": 36, "市区町村コード": 204, "所在地": "徳島県阿南市上中町岡２９３－１", "緯度": 33.927498, "経度": 134.621176, "url": "https://www.iryou.teikyouseido.mhlw.go.jp/znk-web/juminkanja/S2430/initialize?prefCd=36&kikanCd=2365408820&kikanKbn=2", "url2": null, "内容": "廣瀬医院【2:診療所】【診療科目:内科_胃腸内科_放射線科】徳島県阿南市上中町岡２９３－１" }, "geometry": { "type": "Point", "coordinates": [ 134.621176, 33.927498 ] } },
{ "type": "Feature", "properties": { "ID": 3622365408950, "正式名称": "村上内科外科医院", "機関区分": 2, "都道府県コード": 36, "市区町村コード": 204, "所在地": "徳島県阿南市那賀川町中島４８２番地", "緯度": 33.940049, "経度": 134.669091, "url": "https://www.iryou.teikyouseido.mhlw.go.jp/znk-web/juminkanja/S2430/initialize?prefCd=36&kikanCd=2365408950&kikanKbn=2", "url2": null, "内容": "村上内科外科医院【2:診療所】【診療科目:内科_外科_整形外科_小児科_リハビリテーション科】徳島県阿南市那賀川町中島４８２番地" }, "geometry": { "type": "Point", "coordinates": [ 134.669091, 33.940049 ] } },
{ "type": "Feature", "properties": { "ID": 3622365409380, "正式名称": "阿南天満クリニック", "機関区分": 2, "都道府県コード": 36, "市区町村コード": 204, "所在地": "徳島県阿南市上中町南島３２５－１", "緯度": 33.936981, "経度": 134.624001, "url": "https://www.iryou.teikyouseido.mhlw.go.jp/znk-web/juminkanja/S2430/initialize?prefCd=36&kikanCd=2365409380&kikanKbn=2", "url2": "tenma-hpg.com", "内容": "阿南天満クリニック【2:診療所】【診療科目:内科】徳島県阿南市上中町南島３２５－１" }, "geometry": { "type": "Point", "coordinates": [ 134.624001, 33.936981 ] } },
{ "type": "Feature", "properties": { "ID": 3622365409540, "正式名称": "島内科眼科医院", "機関区分": 2, "都道府県コード": 36, "市区町村コード": 204, "所在地": "徳島県阿南市富岡町東新町９９番地", "緯度": 33.922036, "経度": 134.654328, "url": "https://www.iryou.teikyouseido.mhlw.go.jp/znk-web/juminkanja/S2430/initialize?prefCd=36&kikanCd=2365409540&kikanKbn=2", "url2": "http://www.citydo.com/sp/0884-22-1147", "内容": "島内科眼科医院【2:診療所】【診療科目:内科_脳神経内科_整形外科_小児科_眼科_リハビリテーション科_放射線科】徳島県阿南市富岡町東新町９９番地" }, "geometry": { "type": "Point", "coordinates": [ 134.654328, 33.922036 ] } },
{ "type": "Feature", "properties": { "ID": 3622365409670, "正式名称": "わだ内科", "機関区分": 2, "都道府県コード": 36, "市区町村コード": 368, "所在地": "徳島県那賀郡那賀町和食郷字南川８７－１", "緯度": 33.857765, "経度": 134.497354, "url": "https://www.iryou.teikyouseido.mhlw.go.jp/znk-web/juminkanja/S2430/initialize?prefCd=36&kikanCd=2365409670&kikanKbn=2", "url2": "http://www.citydo.com/prf/tokushima/guide/sg/810000069.html", "内容": "わだ内科【2:診療所】【診療科目:内科_循環器内科_小児科】徳島県那賀郡那賀町和食郷字南川８７－１" }, "geometry": { "type": "Point", "coordinates": [ 134.497354, 33.857765 ] } },
{ "type": "Feature", "properties": { "ID": 3622365409830, "正式名称": "山本医院", "機関区分": 2, "都道府県コード": 36, "市区町村コード": 368, "所在地": "徳島県那賀郡那賀町延野字大原２０６－１４", "緯度": 33.819365, "経度": 134.483353, "url": "https://www.iryou.teikyouseido.mhlw.go.jp/znk-web/juminkanja/S2430/initialize?prefCd=36&kikanCd=2365409830&kikanKbn=2", "url2": null, "内容": "山本医院【2:診療所】【診療科目:内科_外科_小児科_耳鼻いんこう科_皮膚科】徳島県那賀郡那賀町延野字大原２０６－１４" }, "geometry": { "type": "Point", "coordinates": [ 134.483353, 33.819365 ] } },
{ "type": "Feature", "properties": { "ID": 3622365409960, "正式名称": "松﨑内科医院", "機関区分": 2, "都道府県コード": 36, "市区町村コード": 204, "所在地": "徳島県阿南市中大野町北傍示４８３番地１", "緯度": 33.9323, "経度": 134.592725, "url": "https://www.iryou.teikyouseido.mhlw.go.jp/znk-web/juminkanja/S2430/initialize?prefCd=36&kikanCd=2365409960&kikanKbn=2", "url2": null, "内容": "松﨑内科医院【2:診療所】【診療科目:内科_呼吸器内科_循環器内科_胃腸内科_小児科_皮膚科_リウマチ科_リハビリテーション科】徳島県阿南市中大野町北傍示４８３番地１" }, "geometry": { "type": "Point", "coordinates": [ 134.592725, 33.9323 ] } },
{ "type": "Feature", "properties": { "ID": 3622365410230, "正式名称": "岩城クリニック", "機関区分": 2, "都道府県コード": 36, "市区町村コード": 204, "所在地": "徳島県阿南市学原町上水田１１番地１", "緯度": 33.913306, "経度": 134.66511, "url": "https://www.iryou.teikyouseido.mhlw.go.jp/znk-web/juminkanja/S2430/initialize?prefCd=36&kikanCd=2365410230&kikanKbn=2", "url2": "http://www.iwaki-clinic.jp", "内容": "岩城クリニック【2:診療所】【診療科目:内科_糖尿病内科_外科_整形外科_小児科_皮膚科_精神科_心療内科_リハビリテーション科】徳島県阿南市学原町上水田１１番地１" }, "geometry": { "type": "Point", "coordinates": [ 134.66511, 33.913306 ] } },
{ "type": "Feature", "properties": { "ID": 3622365410490, "正式名称": "住吉レディースクリニック", "機関区分": 2, "都道府県コード": 36, "市区町村コード": 203, "所在地": "徳島県小松島市南小松島町", "緯度": 34.00629, "経度": 134.588066, "url": "https://www.iryou.teikyouseido.mhlw.go.jp/znk-web/juminkanja/S2430/initialize?prefCd=36&kikanCd=2365410490&kikanKbn=2", "url2": "http://www.komatsushima.ne.jp/anzan/", "内容": "住吉レディースクリニック【2:診療所】【診療科目:産婦人科】徳島県小松島市南小松島町" }, "geometry": { "type": "Point", "coordinates": [ 134.588066, 34.00629 ] } },
{ "type": "Feature", "properties": { "ID": 3622365410650, "正式名称": "国民健康保険上勝町診療所", "機関区分": 2, "都道府県コード": 36, "市区町村コード": 302, "所在地": "徳島県勝浦郡上勝町大字正木字西浦１１１番地７", "緯度": 33.924286, "経度": 134.420469, "url": "https://www.iryou.teikyouseido.mhlw.go.jp/znk-web/juminkanja/S2430/initialize?prefCd=36&kikanCd=2365410650&kikanKbn=2", "url2": "http://www.kamikatsu.jp/docs/2019062600019/", "内容": "国民健康保険上勝町診療所【2:診療所】【診療科目:内科_外科_歯科_リハビリテーション科】徳島県勝浦郡上勝町大字正木字西浦１１１番地７" }, "geometry": { "type": "Point", "coordinates": [ 134.420469, 33.924286 ] } },
{ "type": "Feature", "properties": { "ID": 3622365410780, "正式名称": "健生阿南診療所", "機関区分": 2, "都道府県コード": 36, "市区町村コード": 204, "所在地": "徳島県阿南市津乃峰町新浜１２", "緯度": 33.886066, "経度": 134.661806, "url": "https://www.iryou.teikyouseido.mhlw.go.jp/znk-web/juminkanja/S2430/initialize?prefCd=36&kikanCd=2365410780&kikanKbn=2", "url2": "https://kensei-anan.com/", "内容": "健生阿南診療所【2:診療所】【診療科目:内科_眼科】徳島県阿南市津乃峰町新浜１２" }, "geometry": { "type": "Point", "coordinates": [ 134.661806, 33.886066 ] } },
{ "type": "Feature", "properties": { "ID": 3622365411370, "正式名称": "幸田耳鼻咽喉科医院", "機関区分": 2, "都道府県コード": 36, "市区町村コード": 204, "所在地": "徳島県阿南市富岡町今福寺７３番地の３", "緯度": 33.920082, "経度": 134.661784, "url": "https://www.iryou.teikyouseido.mhlw.go.jp/znk-web/juminkanja/S2430/initialize?prefCd=36&kikanCd=2365411370&kikanKbn=2", "url2": null, "内容": "幸田耳鼻咽喉科医院【2:診療所】【診療科目:小児科_耳鼻いんこう科_気管食道・耳鼻いんこう科】徳島県阿南市富岡町今福寺７３番地の３" }, "geometry": { "type": "Point", "coordinates": [ 134.661784, 33.920082 ] } },
{ "type": "Feature", "properties": { "ID": 3622365412090, "正式名称": "かじかわ整形外科", "機関区分": 2, "都道府県コード": 36, "市区町村コード": 204, "所在地": "徳島県阿南市日開野町筒路１９－１４", "緯度": 33.920309, "経度": 134.667712, "url": "https://www.iryou.teikyouseido.mhlw.go.jp/znk-web/juminkanja/S2430/initialize?prefCd=36&kikanCd=2365412090&kikanKbn=2", "url2": null, "内容": "かじかわ整形外科【2:診療所】【診療科目:整形外科_リウマチ科_リハビリテーション科】徳島県阿南市日開野町筒路１９－１４" }, "geometry": { "type": "Point", "coordinates": [ 134.667712, 33.920309 ] } },
{ "type": "Feature", "properties": { "ID": 3622365412380, "正式名称": "ライフクリニック", "機関区分": 2, "都道府県コード": 36, "市区町村コード": 203, "所在地": "徳島県小松島市赤石町１４番２７号", "緯度": 33.980147, "経度": 134.611187, "url": "https://www.iryou.teikyouseido.mhlw.go.jp/znk-web/juminkanja/S2430/initialize?prefCd=36&kikanCd=2365412380&kikanKbn=2", "url2": null, "内容": "ライフクリニック【2:診療所】【診療科目:内科_呼吸器内科_消化器内科_人工透析内科_神経内科_外科_脳神経外科_整形外科_アレルギー科_リハビリテーション科】徳島県小松島市赤石町１４番２７号" }, "geometry": { "type": "Point", "coordinates": [ 134.611187, 33.980147 ] } },
{ "type": "Feature", "properties": { "ID": 3622365412410, "正式名称": "小松島リハビリテーションクリニック", "機関区分": 2, "都道府県コード": 36, "市区町村コード": 203, "所在地": "徳島県小松島市日開野町字宮免２－１", "緯度": 34.001994, "経度": 134.570954, "url": "https://www.iryou.teikyouseido.mhlw.go.jp/znk-web/juminkanja/S2430/initialize?prefCd=36&kikanCd=2365412410&kikanKbn=2", "url2": "https://komatsushimahp.jp/%E5%B0%8F%E6%9D%BE%E5%B3%B6%E3%83%AA%E3%83%8F%E3%83%93%E3%83%AA%E3%83%86%E3%83%BC%E3%82%B7%E3%83%A7%E3%83%B3%E3%82%AF%E3%83%AA%E3%83%8B%E3%83%83%E3%82%AF/", "内容": "小松島リハビリテーションクリニック【2:診療所】【診療科目:内科_整形外科_リハビリテーション科】徳島県小松島市日開野町字宮免２－１" }, "geometry": { "type": "Point", "coordinates": [ 134.570954, 34.001994 ] } },
{ "type": "Feature", "properties": { "ID": 3622365412670, "正式名称": "木村内科", "機関区分": 2, "都道府県コード": 36, "市区町村コード": 203, "所在地": "徳島県小松島市松島町１－７", "緯度": 34.006735, "経度": 134.585695, "url": "https://www.iryou.teikyouseido.mhlw.go.jp/znk-web/juminkanja/S2430/initialize?prefCd=36&kikanCd=2365412670&kikanKbn=2", "url2": null, "内容": "木村内科【2:診療所】【診療科目:内科】徳島県小松島市松島町１－７" }, "geometry": { "type": "Point", "coordinates": [ 134.585695, 34.006735 ] } },
{ "type": "Feature", "properties": { "ID": 3622365412700, "正式名称": "辻泌尿器科内科クリニック", "機関区分": 2, "都道府県コード": 36, "市区町村コード": 203, "所在地": "徳島県小松島市横須町１２－４８", "緯度": 33.999949, "経度": 134.597239, "url": "https://www.iryou.teikyouseido.mhlw.go.jp/znk-web/juminkanja/S2430/initialize?prefCd=36&kikanCd=2365412700&kikanKbn=2", "url2": "https://www.tsuji-uro.com/", "内容": "辻泌尿器科内科クリニック【2:診療所】【診療科目:内科_泌尿器科】徳島県小松島市横須町１２－４８" }, "geometry": { "type": "Point", "coordinates": [ 134.597239, 33.999949 ] } },
{ "type": "Feature", "properties": { "ID": 3622365413000, "正式名称": "むらかみ内科クリニック", "機関区分": 2, "都道府県コード": 36, "市区町村コード": 204, "所在地": "徳島県阿南市羽ノ浦町宮倉太田３５－２", "緯度": 33.963548, "経度": 134.617871, "url": "https://www.iryou.teikyouseido.mhlw.go.jp/znk-web/juminkanja/S2430/initialize?prefCd=36&kikanCd=2365413000&kikanKbn=2", "url2": "http://www.murakami-clinic-1010.jp", "内容": "むらかみ内科クリニック【2:診療所】【診療科目:内科_糖尿病内科_糖尿病・代謝内科_代謝・内分泌内科_循環器内科】徳島県阿南市羽ノ浦町宮倉太田３５－２" }, "geometry": { "type": "Point", "coordinates": [ 134.617871, 33.963548 ] } },
{ "type": "Feature", "properties": { "ID": 3622365413130, "正式名称": "井原医院", "機関区分": 2, "都道府県コード": 36, "市区町村コード": 204, "所在地": "徳島県阿南市見能林町中かうや９－１", "緯度": 33.899674, "経度": 134.667503, "url": "https://www.iryou.teikyouseido.mhlw.go.jp/znk-web/juminkanja/S2430/initialize?prefCd=36&kikanCd=2365413130&kikanKbn=2", "url2": null, "内容": "井原医院【2:診療所】【診療科目:内科_泌尿器科】徳島県阿南市見能林町中かうや９－１" }, "geometry": { "type": "Point", "coordinates": [ 134.667503, 33.899674 ] } },
{ "type": "Feature", "properties": { "ID": 3622365413420, "正式名称": "賀島眼科", "機関区分": 2, "都道府県コード": 36, "市区町村コード": 204, "所在地": "徳島県阿南市富岡町玉塚５－１", "緯度": 33.919971, "経度": 134.654778, "url": "https://www.iryou.teikyouseido.mhlw.go.jp/znk-web/juminkanja/S2430/initialize?prefCd=36&kikanCd=2365413420&kikanKbn=2", "url2": null, "内容": "賀島眼科【2:診療所】【診療科目:眼科】徳島県阿南市富岡町玉塚５－１" }, "geometry": { "type": "Point", "coordinates": [ 134.654778, 33.919971 ] } },
{ "type": "Feature", "properties": { "ID": 3622365413680, "正式名称": "お山のクリニック", "機関区分": 2, "都道府県コード": 36, "市区町村コード": 368, "所在地": "徳島県那賀郡那賀町大久保字大西３番地２", "緯度": 33.791096, "経度": 134.443216, "url": "https://www.iryou.teikyouseido.mhlw.go.jp/znk-web/juminkanja/S2430/initialize?prefCd=36&kikanCd=2365413680&kikanKbn=2", "url2": null, "内容": "お山のクリニック【2:診療所】【診療科目:内科_外科_泌尿器科】徳島県那賀郡那賀町大久保字大西３番地２" }, "geometry": { "type": "Point", "coordinates": [ 134.443216, 33.791096 ] } },
{ "type": "Feature", "properties": { "ID": 3622365413710, "正式名称": "あなん皮フ科クリニック", "機関区分": 2, "都道府県コード": 36, "市区町村コード": 204, "所在地": "徳島県阿南市日開野町谷田５１１－２", "緯度": 33.917438, "経度": 134.674047, "url": "https://www.iryou.teikyouseido.mhlw.go.jp/znk-web/juminkanja/S2430/initialize?prefCd=36&kikanCd=2365413710&kikanKbn=2", "url2": null, "内容": "あなん皮フ科クリニック【2:診療所】【診療科目:皮膚科】徳島県阿南市日開野町谷田５１１－２" }, "geometry": { "type": "Point", "coordinates": [ 134.674047, 33.917438 ] } },
{ "type": "Feature", "properties": { "ID": 3622365413840, "正式名称": "きくち医院", "機関区分": 2, "都道府県コード": 36, "市区町村コード": 204, "所在地": "徳島県阿南市新野町南宮ノ久保６７－４", "緯度": 33.846627, "経度": 134.57958, "url": "https://www.iryou.teikyouseido.mhlw.go.jp/znk-web/juminkanja/S2430/initialize?prefCd=36&kikanCd=2365413840&kikanKbn=2", "url2": null, "内容": "きくち医院【2:診療所】【診療科目:内科_小児科】徳島県阿南市新野町南宮ノ久保６７－４" }, "geometry": { "type": "Point", "coordinates": [ 134.57958, 33.846627 ] } },
{ "type": "Feature", "properties": { "ID": 3622365414010, "正式名称": "あなん戸田皮膚科医院", "機関区分": 2, "都道府県コード": 36, "市区町村コード": 204, "所在地": "徳島県阿南市上中町岡３５７番地１", "緯度": 33.928049, "経度": 134.619683, "url": "https://www.iryou.teikyouseido.mhlw.go.jp/znk-web/juminkanja/S2430/initialize?prefCd=36&kikanCd=2365414010&kikanKbn=2", "url2": null, "内容": "あなん戸田皮膚科医院【2:診療所】【診療科目:脳神経内科_形成外科_皮膚科_アレルギー科】徳島県阿南市上中町岡３５７番地１" }, "geometry": { "type": "Point", "coordinates": [ 134.619683, 33.928049 ] } },
{ "type": "Feature", "properties": { "ID": 3622365414090, "正式名称": "医療法人和田胃腸科内科医院", "機関区分": 2, "都道府県コード": 36, "市区町村コード": 204, "所在地": "徳島県阿南市西路見町元村７－７", "緯度": 33.92651, "経度": 134.672631, "url": "https://www.iryou.teikyouseido.mhlw.go.jp/znk-web/juminkanja/S2430/initialize?prefCd=36&kikanCd=2365414090&kikanKbn=2", "url2": null, "内容": "医療法人和田胃腸科内科医院【2:診療所】【診療科目:内科_消化器内科_胃腸内科】徳島県阿南市西路見町元村７－７" }, "geometry": { "type": "Point", "coordinates": [ 134.672631, 33.92651 ] } },
{ "type": "Feature", "properties": { "ID": 3622365414140, "正式名称": "瀧内科外科医院", "機関区分": 2, "都道府県コード": 36, "市区町村コード": 204, "所在地": "徳島県阿南市才見町屋那婆２４番地１", "緯度": 33.916342, "経度": 134.67535, "url": "https://www.iryou.teikyouseido.mhlw.go.jp/znk-web/juminkanja/S2430/initialize?prefCd=36&kikanCd=2365414140&kikanKbn=2", "url2": null, "内容": "瀧内科外科医院【2:診療所】【診療科目:内科_消化器内科_内視鏡内科_外科_肛門外科_リハビリテーション科】徳島県阿南市才見町屋那婆２４番地１" }, "geometry": { "type": "Point", "coordinates": [ 134.67535, 33.916342 ] } },
{ "type": "Feature", "properties": { "ID": 3622365414300, "正式名称": "阿南川島クリニック", "機関区分": 2, "都道府県コード": 36, "市区町村コード": 204, "所在地": "徳島県阿南市羽ノ浦町岩脇神代地８０－１", "緯度": 33.949063, "経度": 134.617618, "url": "https://www.iryou.teikyouseido.mhlw.go.jp/znk-web/juminkanja/S2430/initialize?prefCd=36&kikanCd=2365414300&kikanKbn=2", "url2": null, "内容": "阿南川島クリニック【2:診療所】【診療科目:腎臓内科_人工透析内科】徳島県阿南市羽ノ浦町岩脇神代地８０－１" }, "geometry": { "type": "Point", "coordinates": [ 134.617618, 33.949063 ] } },
{ "type": "Feature", "properties": { "ID": 3622365414720, "正式名称": "阿南市夜間休日診療所", "機関区分": 2, "都道府県コード": 36, "市区町村コード": 204, "所在地": "徳島県阿南市宝田町荒井６番地１　阿南健康づくりセンター内", "緯度": 33.922152, "経度": 134.646098, "url": "https://www.iryou.teikyouseido.mhlw.go.jp/znk-web/juminkanja/S2430/initialize?prefCd=36&kikanCd=2365414720&kikanKbn=2", "url2": null, "内容": "阿南市夜間休日診療所【2:診療所】【診療科目:内科_外科】徳島県阿南市宝田町荒井６番地１　阿南健康づくりセンター内" }, "geometry": { "type": "Point", "coordinates": [ 134.646098, 33.922152 ] } },
{ "type": "Feature", "properties": { "ID": 3622365414850, "正式名称": "阿南市国民健康保険椿診療所", "機関区分": 2, "都道府県コード": 36, "市区町村コード": 204, "所在地": "徳島県阿南市椿町地蔵ヶ谷７番地２", "緯度": 33.830974, "経度": 134.676707, "url": "https://www.iryou.teikyouseido.mhlw.go.jp/znk-web/juminkanja/S2430/initialize?prefCd=36&kikanCd=2365414850&kikanKbn=2", "url2": null, "内容": "阿南市国民健康保険椿診療所【2:診療所】【診療科目:内科】徳島県阿南市椿町地蔵ヶ谷７番地２" }, "geometry": { "type": "Point", "coordinates": [ 134.676707, 33.830974 ] } },
{ "type": "Feature", "properties": { "ID": 3622365414980, "正式名称": "阿南いしばし医院", "機関区分": 2, "都道府県コード": 36, "市区町村コード": 204, "所在地": "徳島県阿南市西路見町元村２８－１", "緯度": 33.92731, "経度": 134.674674, "url": "https://www.iryou.teikyouseido.mhlw.go.jp/znk-web/juminkanja/S2430/initialize?prefCd=36&kikanCd=2365414980&kikanKbn=2", "url2": "http://anan-ishibashi.com", "内容": "阿南いしばし医院【2:診療所】【診療科目:内科_外科_小児科】徳島県阿南市西路見町元村２８－１" }, "geometry": { "type": "Point", "coordinates": [ 134.674674, 33.92731 ] } },
{ "type": "Feature", "properties": { "ID": 3622365415020, "正式名称": "はのうら眼科", "機関区分": 2, "都道府県コード": 36, "市区町村コード": 204, "所在地": "徳島県阿南市羽ノ浦町宮倉羽ノ浦居内６４", "緯度": 33.958262, "経度": 134.6256, "url": "https://www.iryou.teikyouseido.mhlw.go.jp/znk-web/juminkanja/S2430/initialize?prefCd=36&kikanCd=2365415020&kikanKbn=2", "url2": "https://hanoura-eye.com/", "内容": "はのうら眼科【2:診療所】【診療科目:眼科】徳島県阿南市羽ノ浦町宮倉羽ノ浦居内６４" }, "geometry": { "type": "Point", "coordinates": [ 134.6256, 33.958262 ] } },
{ "type": "Feature", "properties": { "ID": 3622365415280, "正式名称": "ふじの内科クリニック", "機関区分": 2, "都道府県コード": 36, "市区町村コード": 204, "所在地": "徳島県阿南市羽ノ浦町宮倉前田３－７", "緯度": 33.964486, "経度": 134.623352, "url": "https://www.iryou.teikyouseido.mhlw.go.jp/znk-web/juminkanja/S2430/initialize?prefCd=36&kikanCd=2365415280&kikanKbn=2", "url2": null, "内容": "ふじの内科クリニック【2:診療所】【診療科目:内科_糖尿病内科_呼吸器内科_循環器内科_消化器内科_腫瘍内科_内視鏡内科_小児科】徳島県阿南市羽ノ浦町宮倉前田３－７" }, "geometry": { "type": "Point", "coordinates": [ 134.623352, 33.964486 ] } },
{ "type": "Feature", "properties": { "ID": 3622365415310, "正式名称": "せきしんかん羽ノ浦クリニック", "機関区分": 2, "都道府県コード": 36, "市区町村コード": 204, "所在地": "徳島県阿南市羽ノ浦町宮倉太田５ー１", "緯度": 33.963699, "経度": 134.618332, "url": "https://www.iryou.teikyouseido.mhlw.go.jp/znk-web/juminkanja/S2430/initialize?prefCd=36&kikanCd=2365415310&kikanKbn=2", "url2": null, "内容": "せきしんかん羽ノ浦クリニック【2:診療所】【診療科目:内科_循環器内科】徳島県阿南市羽ノ浦町宮倉太田５ー１" }, "geometry": { "type": "Point", "coordinates": [ 134.618332, 33.963699 ] } },
{ "type": "Feature", "properties": { "ID": 3622365415440, "正式名称": "とみおかハートクリニック", "機関区分": 2, "都道府県コード": 36, "市区町村コード": 204, "所在地": "徳島県阿南市富岡町東新町１１７－１", "緯度": 33.922139, "経度": 134.653948, "url": "https://www.iryou.teikyouseido.mhlw.go.jp/znk-web/juminkanja/S2430/initialize?prefCd=36&kikanCd=2365415440&kikanKbn=2", "url2": "https://tomioka-hc.com/", "内容": "とみおかハートクリニック【2:診療所】【診療科目:内科_循環器内科_小児科_リハビリテーション科】徳島県阿南市富岡町東新町１１７－１" }, "geometry": { "type": "Point", "coordinates": [ 134.653948, 33.922139 ] } },
{ "type": "Feature", "properties": { "ID": 3622365500320, "正式名称": "イワキ医院", "機関区分": 2, "都道府県コード": 36, "市区町村コード": 387, "所在地": "徳島県海部郡美波町日和佐浦６４－２", "緯度": 33.732047, "経度": 134.535913, "url": "https://www.iryou.teikyouseido.mhlw.go.jp/znk-web/juminkanja/S2430/initialize?prefCd=36&kikanCd=2365500320&kikanKbn=2", "url2": null, "内容": "イワキ医院【2:診療所】【診療科目:内科_小児科】徳島県海部郡美波町日和佐浦６４－２" }, "geometry": { "type": "Point", "coordinates": [ 134.535913, 33.732047 ] } },
{ "type": "Feature", "properties": { "ID": 3622365501170, "正式名称": "徳島県出羽島診療所", "機関区分": 2, "都道府県コード": 36, "市区町村コード": 383, "所在地": "徳島県海部郡牟岐町牟岐浦字出羽島８", "緯度": 33.636578, "経度": 134.42457, "url": "https://www.iryou.teikyouseido.mhlw.go.jp/znk-web/juminkanja/S2430/initialize?prefCd=36&kikanCd=2365501170&kikanKbn=2", "url2": null, "内容": "徳島県出羽島診療所【2:診療所】【診療科目:内科】徳島県海部郡牟岐町牟岐浦字出羽島８" }, "geometry": { "type": "Point", "coordinates": [ 134.42457, 33.636578 ] } },
{ "type": "Feature", "properties": { "ID": 3622365501910, "正式名称": "海陽町宍喰診療所", "機関区分": 2, "都道府県コード": 36, "市区町村コード": 388, "所在地": "徳島県海部郡海陽町宍喰浦字松原１４２－１", "緯度": 33.566537, "経度": 134.307067, "url": "https://www.iryou.teikyouseido.mhlw.go.jp/znk-web/juminkanja/S2430/initialize?prefCd=36&kikanCd=2365501910&kikanKbn=2", "url2": null, "内容": "海陽町宍喰診療所【2:診療所】【診療科目:内科】徳島県海部郡海陽町宍喰浦字松原１４２－１" }, "geometry": { "type": "Point", "coordinates": [ 134.307067, 33.566537 ] } },
{ "type": "Feature", "properties": { "ID": 3622365502050, "正式名称": "折野胃腸科内科", "機関区分": 2, "都道府県コード": 36, "市区町村コード": 388, "所在地": "徳島県海部郡海陽町宍喰浦字松原５８－５", "緯度": 33.567931, "経度": 134.305458, "url": "https://www.iryou.teikyouseido.mhlw.go.jp/znk-web/juminkanja/S2430/initialize?prefCd=36&kikanCd=2365502050&kikanKbn=2", "url2": null, "内容": "折野胃腸科内科【2:診療所】【診療科目:内科_胃腸内科_リハビリテーション科】徳島県海部郡海陽町宍喰浦字松原５８－５" }, "geometry": { "type": "Point", "coordinates": [ 134.305458, 33.567931 ] } },
{ "type": "Feature", "properties": { "ID": 3622365502470, "正式名称": "牟岐診療所", "機関区分": 2, "都道府県コード": 36, "市区町村コード": 383, "所在地": "徳島県海部郡牟岐町大字中村字山田２５－１", "緯度": 33.668452, "経度": 134.413916, "url": "https://www.iryou.teikyouseido.mhlw.go.jp/znk-web/juminkanja/S2430/initialize?prefCd=36&kikanCd=2365502470&kikanKbn=2", "url2": null, "内容": "牟岐診療所【2:診療所】【診療科目:内科_胃腸内科_外科_泌尿器科】徳島県海部郡牟岐町大字中村字山田２５－１" }, "geometry": { "type": "Point", "coordinates": [ 134.413916, 33.668452 ] } },
{ "type": "Feature", "properties": { "ID": 3622365502500, "正式名称": "小柴医院　牟岐駅前クリニック", "機関区分": 2, "都道府県コード": 36, "市区町村コード": 383, "所在地": "徳島県海部郡牟岐町中村字本村９５－１", "緯度": 33.671301, "経度": 134.419377, "url": "https://www.iryou.teikyouseido.mhlw.go.jp/znk-web/juminkanja/S2430/initialize?prefCd=36&kikanCd=2365502500&kikanKbn=2", "url2": "https://www.koshibaclinic.com/", "内容": "小柴医院　牟岐駅前クリニック【2:診療所】【診療科目:内科_循環器内科_胃腸内科_小児科_リハビリテーション科】徳島県海部郡牟岐町中村字本村９５－１" }, "geometry": { "type": "Point", "coordinates": [ 134.419377, 33.671301 ] } },
{ "type": "Feature", "properties": { "ID": 3622365502920, "正式名称": "寿満内科クリニック", "機関区分": 2, "都道府県コード": 36, "市区町村コード": 388, "所在地": "徳島県海部郡海陽町四方原字町西１６－１", "緯度": 33.605076, "経度": 134.351807, "url": "https://www.iryou.teikyouseido.mhlw.go.jp/znk-web/juminkanja/S2430/initialize?prefCd=36&kikanCd=2365502920&kikanKbn=2", "url2": null, "内容": "寿満内科クリニック【2:診療所】【診療科目:内科_循環器内科】徳島県海部郡海陽町四方原字町西１６－１" }, "geometry": { "type": "Point", "coordinates": [ 134.351807, 33.605076 ] } },
{ "type": "Feature", "properties": { "ID": 3622365503220, "正式名称": "美波町国民健康保険阿部診療所", "機関区分": 2, "都道府県コード": 36, "市区町村コード": 387, "所在地": "徳島県海部郡美波町阿部３０６番地１", "緯度": 33.790918, "経度": 134.638309, "url": "https://www.iryou.teikyouseido.mhlw.go.jp/znk-web/juminkanja/S2430/initialize?prefCd=36&kikanCd=2365503220&kikanKbn=2", "url2": null, "内容": "美波町国民健康保険阿部診療所【2:診療所】【診療科目:内科_整形外科】徳島県海部郡美波町阿部３０６番地１" }, "geometry": { "type": "Point", "coordinates": [ 134.638309, 33.790918 ] } },
{ "type": "Feature", "properties": { "ID": 3622365503510, "正式名称": "いしもとファミリークリニック", "機関区分": 2, "都道府県コード": 36, "市区町村コード": 388, "所在地": "徳島県海部郡海陽町大里字白水９１番地１７", "緯度": 33.611885, "経度": 134.358233, "url": "https://www.iryou.teikyouseido.mhlw.go.jp/znk-web/juminkanja/S2430/initialize?prefCd=36&kikanCd=2365503510&kikanKbn=2", "url2": "http://ishimoto-c.com", "内容": "いしもとファミリークリニック【2:診療所】【診療科目:内科_小児科_アレルギー科】徳島県海部郡海陽町大里字白水９１番地１７" }, "geometry": { "type": "Point", "coordinates": [ 134.358233, 33.611885 ] } },
{ "type": "Feature", "properties": { "ID": 3622365503640, "正式名称": "ヒワサクリニック", "機関区分": 2, "都道府県コード": 36, "市区町村コード": 387, "所在地": "徳島県海部郡美波町西河内字丹前１０２番地２", "緯度": 33.733209, "経度": 134.51791, "url": "https://www.iryou.teikyouseido.mhlw.go.jp/znk-web/juminkanja/S2430/initialize?prefCd=36&kikanCd=2365503640&kikanKbn=2", "url2": null, "内容": "ヒワサクリニック【2:診療所】【診療科目:内科_神経内科_精神科_リハビリテーション科】徳島県海部郡美波町西河内字丹前１０２番地２" }, "geometry": { "type": "Point", "coordinates": [ 134.51791, 33.733209 ] } },
{ "type": "Feature", "properties": { "ID": 3622365503800, "正式名称": "美海クリニック", "機関区分": 2, "都道府県コード": 36, "市区町村コード": 383, "所在地": "徳島県海部郡牟岐町大字川長字山戸４８番３", "緯度": 33.675729, "経度": 134.423668, "url": "https://www.iryou.teikyouseido.mhlw.go.jp/znk-web/juminkanja/S2430/initialize?prefCd=36&kikanCd=2365503800&kikanKbn=2", "url2": "http://www.heartfulcare.jp/", "内容": "美海クリニック【2:診療所】【診療科目:内科_循環器内科_消化器内科_皮膚科_リハビリテーション科】徳島県海部郡牟岐町大字川長字山戸４８番３" }, "geometry": { "type": "Point", "coordinates": [ 134.423668, 33.675729 ] } },
{ "type": "Feature", "properties": { "ID": 3622365504100, "正式名称": "大里医院", "機関区分": 2, "都道府県コード": 36, "市区町村コード": 388, "所在地": "徳島県海部郡海陽町大里字松原３４－４７", "緯度": 33.607686, "経度": 134.364359, "url": "https://www.iryou.teikyouseido.mhlw.go.jp/znk-web/juminkanja/S2430/initialize?prefCd=36&kikanCd=2365504100&kikanKbn=2", "url2": "oozato-clinic.or.jp", "内容": "大里医院【2:診療所】【診療科目:内科_循環器内科_外科_心臓血管外科_小児科_耳鼻いんこう科_皮膚科_放射線科】徳島県海部郡海陽町大里字松原３４－４７" }, "geometry": { "type": "Point", "coordinates": [ 134.364359, 33.607686 ] } },
{ "type": "Feature", "properties": { "ID": 3622365504230, "正式名称": "竹林眼科", "機関区分": 2, "都道府県コード": 36, "市区町村コード": 383, "所在地": "徳島県海部郡牟岐町大字中村字本村１４９－９", "緯度": 33.671104, "経度": 134.418218, "url": "https://www.iryou.teikyouseido.mhlw.go.jp/znk-web/juminkanja/S2430/initialize?prefCd=36&kikanCd=2365504230&kikanKbn=2", "url2": null, "内容": "竹林眼科【2:診療所】【診療科目:眼科】徳島県海部郡牟岐町大字中村字本村１４９－９" }, "geometry": { "type": "Point", "coordinates": [ 134.418218, 33.671104 ] } },
{ "type": "Feature", "properties": { "ID": 3622365504360, "正式名称": "美波町国民健康保険日和佐診療所", "機関区分": 2, "都道府県コード": 36, "市区町村コード": 387, "所在地": "徳島県海部郡美波町奥河内字井ノ上１３番地２", "緯度": 33.735529, "経度": 134.532402, "url": "https://www.iryou.teikyouseido.mhlw.go.jp/znk-web/juminkanja/S2430/initialize?prefCd=36&kikanCd=2365504360&kikanKbn=2", "url2": "https://www.town.minami.lg.jp", "内容": "美波町国民健康保険日和佐診療所【2:診療所】【診療科目:内科_循環器内科_整形外科_皮膚科】徳島県海部郡美波町奥河内字井ノ上１３番地２" }, "geometry": { "type": "Point", "coordinates": [ 134.532402, 33.735529 ] } },
{ "type": "Feature", "properties": { "ID": 3622365700540, "正式名称": "野田医院", "機関区分": 2, "都道府県コード": 36, "市区町村コード": 405, "所在地": "徳島県板野郡上板町鍛冶屋原字西北原１８", "緯度": 34.119879, "経度": 134.397393, "url": "https://www.iryou.teikyouseido.mhlw.go.jp/znk-web/juminkanja/S2430/initialize?prefCd=36&kikanCd=2365700540&kikanKbn=2", "url2": null, "内容": "野田医院【2:診療所】【診療科目:内科_呼吸器内科_消化器内科_小児科】徳島県板野郡上板町鍛冶屋原字西北原１８" }, "geometry": { "type": "Point", "coordinates": [ 134.397393, 34.119879 ] } },
{ "type": "Feature", "properties": { "ID": 3622365700700, "正式名称": "ともなり消化器・肝臓内科クリニック", "機関区分": 2, "都道府県コード": 36, "市区町村コード": 405, "所在地": "徳島県板野郡上板町七條字山神２２－１", "緯度": 34.124919, "経度": 134.40596, "url": "https://www.iryou.teikyouseido.mhlw.go.jp/znk-web/juminkanja/S2430/initialize?prefCd=36&kikanCd=2365700700&kikanKbn=2", "url2": null, "内容": "ともなり消化器・肝臓内科クリニック【2:診療所】【診療科目:内科_消化器内科_肝臓内科_内視鏡内科】徳島県板野郡上板町七條字山神２２－１" }, "geometry": { "type": "Point", "coordinates": [ 134.40596, 34.124919 ] } },
{ "type": "Feature", "properties": { "ID": 3622365702430, "正式名称": "太田診療所", "機関区分": 2, "都道府県コード": 36, "市区町村コード": 206, "所在地": "徳島県阿波市市場町上喜来字二俣前３８１－１", "緯度": 34.104753, "経度": 134.267842, "url": "https://www.iryou.teikyouseido.mhlw.go.jp/znk-web/juminkanja/S2430/initialize?prefCd=36&kikanCd=2365702430&kikanKbn=2", "url2": null, "内容": "太田診療所【2:診療所】【診療科目:内科_循環器内科_消化器内科_小児科_放射線科】徳島県阿波市市場町上喜来字二俣前３８１－１" }, "geometry": { "type": "Point", "coordinates": [ 134.267842, 34.104753 ] } },
{ "type": "Feature", "properties": { "ID": 3622365703730, "正式名称": "林内科医院", "機関区分": 2, "都道府県コード": 36, "市区町村コード": 206, "所在地": "徳島県阿波市阿波町谷島１５８", "緯度": 34.080229, "経度": 134.259303, "url": "https://www.iryou.teikyouseido.mhlw.go.jp/znk-web/juminkanja/S2430/initialize?prefCd=36&kikanCd=2365703730&kikanKbn=2", "url2": null, "内容": "林内科医院【2:診療所】【診療科目:内科_呼吸器内科_胃腸内科_小児科】徳島県阿波市阿波町谷島１５８" }, "geometry": { "type": "Point", "coordinates": [ 134.259303, 34.080229 ] } },
{ "type": "Feature", "properties": { "ID": 3622365704900, "正式名称": "和田耳鼻咽喉科", "機関区分": 2, "都道府県コード": 36, "市区町村コード": 205, "所在地": "徳島県吉野川市鴨島町鴨島３５１－４", "緯度": 34.071062, "経度": 134.355208, "url": "https://www.iryou.teikyouseido.mhlw.go.jp/znk-web/juminkanja/S2430/initialize?prefCd=36&kikanCd=2365704900&kikanKbn=2", "url2": null, "内容": "和田耳鼻咽喉科【2:診療所】【診療科目:耳鼻いんこう科】徳島県吉野川市鴨島町鴨島３５１－４" }, "geometry": { "type": "Point", "coordinates": [ 134.355208, 34.071062 ] } },
{ "type": "Feature", "properties": { "ID": 3622365705200, "正式名称": "渡辺医院", "機関区分": 2, "都道府県コード": 36, "市区町村コード": 205, "所在地": "徳島県吉野川市鴨島町麻植塚３８６－５", "緯度": 34.071005, "経度": 134.373736, "url": "https://www.iryou.teikyouseido.mhlw.go.jp/znk-web/juminkanja/S2430/initialize?prefCd=36&kikanCd=2365705200&kikanKbn=2", "url2": null, "内容": "渡辺医院【2:診療所】【診療科目:内科_皮膚泌尿器科】徳島県吉野川市鴨島町麻植塚３８６－５" }, "geometry": { "type": "Point", "coordinates": [ 134.373736, 34.071005 ] } },
{ "type": "Feature", "properties": { "ID": 3622365705590, "正式名称": "鈴木内科", "機関区分": 2, "都道府県コード": 36, "市区町村コード": 205, "所在地": "徳島県吉野川市鴨島町敷地１４の１", "緯度": 34.06169, "経度": 134.348288, "url": "https://www.iryou.teikyouseido.mhlw.go.jp/znk-web/juminkanja/S2430/initialize?prefCd=36&kikanCd=2365705590&kikanKbn=2", "url2": "http://suzukinaika.net", "内容": "鈴木内科【2:診療所】【診療科目:内科_呼吸器内科_循環器内科_胃腸内科_小児科_リハビリテーション科】徳島県吉野川市鴨島町敷地１４の１" }, "geometry": { "type": "Point", "coordinates": [ 134.348288, 34.06169 ] } },
{ "type": "Feature", "properties": { "ID": 3622365705620, "正式名称": "鈴木内科", "機関区分": 2, "都道府県コード": 36, "市区町村コード": 205, "所在地": "徳島県吉野川市鴨島町喜来３７４番地", "緯度": 34.073337, "経度": 134.359505, "url": "https://www.iryou.teikyouseido.mhlw.go.jp/znk-web/juminkanja/S2430/initialize?prefCd=36&kikanCd=2365705620&kikanKbn=2", "url2": "http://www.nihokai-suzukinaika.jp", "内容": "鈴木内科【2:診療所】【診療科目:内科_呼吸器内科_循環器内科_胃腸内科】徳島県吉野川市鴨島町喜来３７４番地" }, "geometry": { "type": "Point", "coordinates": [ 134.359505, 34.073337 ] } },
{ "type": "Feature", "properties": { "ID": 3622365705880, "正式名称": "阿部整形外科", "機関区分": 2, "都道府県コード": 36, "市区町村コード": 205, "所在地": "徳島県吉野川市鴨島町上下島１０５番地", "緯度": 34.070738, "経度": 134.351678, "url": "https://www.iryou.teikyouseido.mhlw.go.jp/znk-web/juminkanja/S2430/initialize?prefCd=36&kikanCd=2365705880&kikanKbn=2", "url2": null, "内容": "阿部整形外科【2:診療所】【診療科目:整形外科_リハビリテーション科】徳島県吉野川市鴨島町上下島１０５番地" }, "geometry": { "type": "Point", "coordinates": [ 134.351678, 34.070738 ] } },
{ "type": "Feature", "properties": { "ID": 3622365705910, "正式名称": "木村内科胃腸科", "機関区分": 2, "都道府県コード": 36, "市区町村コード": 205, "所在地": "徳島県吉野川市鴨島町西麻植字絵馬堂６１", "緯度": 34.0696, "経度": 134.339383, "url": "https://www.iryou.teikyouseido.mhlw.go.jp/znk-web/juminkanja/S2430/initialize?prefCd=36&kikanCd=2365705910&kikanKbn=2", "url2": "https://kimuramedical.com/", "内容": "木村内科胃腸科【2:診療所】【診療科目:内科_呼吸器内科_循環器内科_胃腸内科_小児科】徳島県吉野川市鴨島町西麻植字絵馬堂６１" }, "geometry": { "type": "Point", "coordinates": [ 134.339383, 34.0696 ] } },
{ "type": "Feature", "properties": { "ID": 3622365706050, "正式名称": "石原小児科", "機関区分": 2, "都道府県コード": 36, "市区町村コード": 205, "所在地": "徳島県吉野川市鴨島町鴨島３５３", "緯度": 34.071147, "経度": 134.355583, "url": "https://www.iryou.teikyouseido.mhlw.go.jp/znk-web/juminkanja/S2430/initialize?prefCd=36&kikanCd=2365706050&kikanKbn=2", "url2": null, "内容": "石原小児科【2:診療所】【診療科目:内科_循環器内科_小児科_アレルギー科】徳島県吉野川市鴨島町鴨島３５３" }, "geometry": { "type": "Point", "coordinates": [ 134.355583, 34.071147 ] } },
{ "type": "Feature", "properties": { "ID": 3622365706180, "正式名称": "古本内科クリニック", "機関区分": 2, "都道府県コード": 36, "市区町村コード": 205, "所在地": "徳島県吉野川市鴨島町鴨島４０６－５", "緯度": 34.071124, "経度": 134.359499, "url": "https://www.iryou.teikyouseido.mhlw.go.jp/znk-web/juminkanja/S2430/initialize?prefCd=36&kikanCd=2365706180&kikanKbn=2", "url2": "http://www.furumoto-clinic.com", "内容": "古本内科クリニック【2:診療所】【診療科目:内科_循環器内科_胃腸内科_放射線科】徳島県吉野川市鴨島町鴨島４０６－５" }, "geometry": { "type": "Point", "coordinates": [ 134.359499, 34.071124 ] } },
{ "type": "Feature", "properties": { "ID": 3622365706890, "正式名称": "岸整形外科", "機関区分": 2, "都道府県コード": 36, "市区町村コード": 205, "所在地": "徳島県吉野川市川島町三ツ島字一里松１２６", "緯度": 34.060064, "経度": 134.27972, "url": "https://www.iryou.teikyouseido.mhlw.go.jp/znk-web/juminkanja/S2430/initialize?prefCd=36&kikanCd=2365706890&kikanKbn=2", "url2": null, "内容": "岸整形外科【2:診療所】【診療科目:整形外科_リウマチ科_リハビリテーション科】徳島県吉野川市川島町三ツ島字一里松１２６" }, "geometry": { "type": "Point", "coordinates": [ 134.27972, 34.060064 ] } },
{ "type": "Feature", "properties": { "ID": 3622365707640, "正式名称": "谷医院", "機関区分": 2, "都道府県コード": 36, "市区町村コード": 205, "所在地": "徳島県吉野川市山川町建石１５８", "緯度": 34.045975, "経度": 134.229584, "url": "https://www.iryou.teikyouseido.mhlw.go.jp/znk-web/juminkanja/S2430/initialize?prefCd=36&kikanCd=2365707640&kikanKbn=2", "url2": null, "内容": "谷医院【2:診療所】【診療科目:内科_胃腸内科_外科_肛門外科_整形外科】徳島県吉野川市山川町建石１５８" }, "geometry": { "type": "Point", "coordinates": [ 134.229584, 34.045975 ] } },
{ "type": "Feature", "properties": { "ID": 3622365707770, "正式名称": "松永医院", "機関区分": 2, "都道府県コード": 36, "市区町村コード": 205, "所在地": "徳島県吉野川市山川町宮北３８", "緯度": 34.062548, "経度": 134.261534, "url": "https://www.iryou.teikyouseido.mhlw.go.jp/znk-web/juminkanja/S2430/initialize?prefCd=36&kikanCd=2365707770&kikanKbn=2", "url2": "http://matsunagaiin.o.oo7.jp/", "内容": "松永医院【2:診療所】【診療科目:内科_呼吸器内科_循環器内科_胃腸内科】徳島県吉野川市山川町宮北３８" }, "geometry": { "type": "Point", "coordinates": [ 134.261534, 34.062548 ] } },
{ "type": "Feature", "properties": { "ID": 3622365708230, "正式名称": "重清内科外科", "機関区分": 2, "都道府県コード": 36, "市区町村コード": 206, "所在地": "徳島県阿波市阿波町南整理２４６－１", "緯度": 34.067992, "経度": 134.192151, "url": "https://www.iryou.teikyouseido.mhlw.go.jp/znk-web/juminkanja/S2430/initialize?prefCd=36&kikanCd=2365708230&kikanKbn=2", "url2": null, "内容": "重清内科外科【2:診療所】【診療科目:内科_感染症内科_糖尿病内科_代謝内科_内分泌内科_脂質代謝内科_糖尿病・内分泌内科_糖尿病・代謝内科_代謝・内分泌内科_呼吸器内科_循環器内科_心臓内科_心臓血管内科_消化器内科_胃腸内科_腎臓内科_肝臓内科_老年内科_内視鏡内科_アレルギー疾患内科_一般内科_外科_アレルギー科_リハビリテーション科】徳島県阿波市阿波町南整理２４６－１" }, "geometry": { "type": "Point", "coordinates": [ 134.192151, 34.067992 ] } },
{ "type": "Feature", "properties": { "ID": 3622365708520, "正式名称": "森下医院", "機関区分": 2, "都道府県コード": 36, "市区町村コード": 206, "所在地": "徳島県阿波市阿波町北整理３９－１", "緯度": 34.07703, "経度": 134.198148, "url": "https://www.iryou.teikyouseido.mhlw.go.jp/znk-web/juminkanja/S2430/initialize?prefCd=36&kikanCd=2365708520&kikanKbn=2", "url2": null, "内容": "森下医院【2:診療所】【診療科目:内科_外科】徳島県阿波市阿波町北整理３９－１" }, "geometry": { "type": "Point", "coordinates": [ 134.198148, 34.07703 ] } },
{ "type": "Feature", "properties": { "ID": 3622365708650, "正式名称": "糸田川眼科", "機関区分": 2, "都道府県コード": 36, "市区町村コード": 205, "所在地": "徳島県吉野川市鴨島町鴨島５２６", "緯度": 34.073137, "経度": 134.355133, "url": "https://www.iryou.teikyouseido.mhlw.go.jp/znk-web/juminkanja/S2430/initialize?prefCd=36&kikanCd=2365708650&kikanKbn=2", "url2": "http://www.itotagawa.jp/", "内容": "糸田川眼科【2:診療所】【診療科目:内科_小児科_眼科】徳島県吉野川市鴨島町鴨島５２６" }, "geometry": { "type": "Point", "coordinates": [ 134.355133, 34.073137 ] } },
{ "type": "Feature", "properties": { "ID": 3622365708810, "正式名称": "村上医院", "機関区分": 2, "都道府県コード": 36, "市区町村コード": 206, "所在地": "徳島県阿波市阿波町大原７７－５", "緯度": 34.078612, "経度": 134.246728, "url": "https://www.iryou.teikyouseido.mhlw.go.jp/znk-web/juminkanja/S2430/initialize?prefCd=36&kikanCd=2365708810&kikanKbn=2", "url2": null, "内容": "村上医院【2:診療所】【診療科目:内科_呼吸器内科_循環器内科_胃腸内科】徳島県阿波市阿波町大原７７－５" }, "geometry": { "type": "Point", "coordinates": [ 134.246728, 34.078612 ] } },
{ "type": "Feature", "properties": { "ID": 3622365708940, "正式名称": "医療法人　矢田医院", "機関区分": 2, "都道府県コード": 36, "市区町村コード": 205, "所在地": "徳島県吉野川市川島町三ツ島字長塚３４６－２", "緯度": 34.063557, "経度": 134.275278, "url": "https://www.iryou.teikyouseido.mhlw.go.jp/znk-web/juminkanja/S2430/initialize?prefCd=36&kikanCd=2365708940&kikanKbn=2", "url2": "https://yata-clinic.jp", "内容": "医療法人　矢田医院【2:診療所】【診療科目:内科_呼吸器内科_循環器内科_消化器内科_小児科】徳島県吉野川市川島町三ツ島字長塚３４６－２" }, "geometry": { "type": "Point", "coordinates": [ 134.275278, 34.063557 ] } },
{ "type": "Feature", "properties": { "ID": 3622365709080, "正式名称": "糸田川クリニック", "機関区分": 2, "都道府県コード": 36, "市区町村コード": 205, "所在地": "徳島県吉野川市鴨島町鴨島５２６", "緯度": 34.073204, "経度": 134.355049, "url": "https://www.iryou.teikyouseido.mhlw.go.jp/znk-web/juminkanja/S2430/initialize?prefCd=36&kikanCd=2365709080&kikanKbn=2", "url2": null, "内容": "糸田川クリニック【2:診療所】【診療科目:内科_小児科】徳島県吉野川市鴨島町鴨島５２６" }, "geometry": { "type": "Point", "coordinates": [ 134.355049, 34.073204 ] } },
{ "type": "Feature", "properties": { "ID": 3622365709530, "正式名称": "大久保医院", "機関区分": 2, "都道府県コード": 36, "市区町村コード": 206, "所在地": "徳島県阿波市吉野町西条字町口２５４", "緯度": 34.100258, "経度": 134.38041, "url": "https://www.iryou.teikyouseido.mhlw.go.jp/znk-web/juminkanja/S2430/initialize?prefCd=36&kikanCd=2365709530&kikanKbn=2", "url2": "https://okubo-clinic.com", "内容": "大久保医院【2:診療所】【診療科目:内科_外科_乳腺外科】徳島県阿波市吉野町西条字町口２５４" }, "geometry": { "type": "Point", "coordinates": [ 134.38041, 34.100258 ] } },
{ "type": "Feature", "properties": { "ID": 3622365709790, "正式名称": "大内整形外科", "機関区分": 2, "都道府県コード": 36, "市区町村コード": 205, "所在地": "徳島県吉野川市鴨島町上下島３８４－１", "緯度": 34.067654, "経度": 134.352327, "url": "https://www.iryou.teikyouseido.mhlw.go.jp/znk-web/juminkanja/S2430/initialize?prefCd=36&kikanCd=2365709790&kikanKbn=2", "url2": null, "内容": "大内整形外科【2:診療所】【診療科目:整形外科_リハビリテーション科】徳島県吉野川市鴨島町上下島３８４－１" }, "geometry": { "type": "Point", "coordinates": [ 134.352327, 34.067654 ] } },
{ "type": "Feature", "properties": { "ID": 3622365709820, "正式名称": "工藤内科医院", "機関区分": 2, "都道府県コード": 36, "市区町村コード": 205, "所在地": "徳島県吉野川市山川町川田１０６７", "緯度": 34.058277, "経度": 134.220378, "url": "https://www.iryou.teikyouseido.mhlw.go.jp/znk-web/juminkanja/S2430/initialize?prefCd=36&kikanCd=2365709820&kikanKbn=2", "url2": null, "内容": "工藤内科医院【2:診療所】【診療科目:内科_呼吸器内科_循環器内科_胃腸内科】徳島県吉野川市山川町川田１０６７" }, "geometry": { "type": "Point", "coordinates": [ 134.220378, 34.058277 ] } },
{ "type": "Feature", "properties": { "ID": 3622365709950, "正式名称": "中山医院", "機関区分": 2, "都道府県コード": 36, "市区町村コード": 206, "所在地": "徳島県阿波市吉野町柿原字ノタ原４２", "緯度": 34.105569, "経度": 134.363673, "url": "https://www.iryou.teikyouseido.mhlw.go.jp/znk-web/juminkanja/S2430/initialize?prefCd=36&kikanCd=2365709950&kikanKbn=2", "url2": null, "内容": "中山医院【2:診療所】【診療科目:内科_呼吸器内科_胃腸内科_外科_肛門外科_整形外科_泌尿器科】徳島県阿波市吉野町柿原字ノタ原４２" }, "geometry": { "type": "Point", "coordinates": [ 134.363673, 34.105569 ] } },
{ "type": "Feature", "properties": { "ID": 3622365710190, "正式名称": "井内内科", "機関区分": 2, "都道府県コード": 36, "市区町村コード": 205, "所在地": "徳島県吉野川市鴨島町上下島７９－１", "緯度": 34.06689, "経度": 134.355175, "url": "https://www.iryou.teikyouseido.mhlw.go.jp/znk-web/juminkanja/S2430/initialize?prefCd=36&kikanCd=2365710190&kikanKbn=2", "url2": null, "内容": "井内内科【2:診療所】【診療科目:内科_呼吸器内科_循環器内科_消化器内科】徳島県吉野川市鴨島町上下島７９－１" }, "geometry": { "type": "Point", "coordinates": [ 134.355175, 34.06689 ] } },
{ "type": "Feature", "properties": { "ID": 3622365710220, "正式名称": "高橋皮膚科クリニック", "機関区分": 2, "都道府県コード": 36, "市区町村コード": 205, "所在地": "徳島県吉野川市鴨島町鴨島５２２番５", "緯度": 34.071644, "経度": 134.354843, "url": "https://www.iryou.teikyouseido.mhlw.go.jp/znk-web/juminkanja/S2430/initialize?prefCd=36&kikanCd=2365710220&kikanKbn=2", "url2": null, "内容": "高橋皮膚科クリニック【2:診療所】【診療科目:皮膚科】徳島県吉野川市鴨島町鴨島５２２番５" }, "geometry": { "type": "Point", "coordinates": [ 134.354843, 34.071644 ] } },
{ "type": "Feature", "properties": { "ID": 3622365710770, "正式名称": "おおぐし眼科", "機関区分": 2, "都道府県コード": 36, "市区町村コード": 206, "所在地": "徳島県阿波市吉野町西条字岡ノ川原２２", "緯度": 34.10054, "経度": 134.383049, "url": "https://www.iryou.teikyouseido.mhlw.go.jp/znk-web/juminkanja/S2430/initialize?prefCd=36&kikanCd=2365710770&kikanKbn=2", "url2": null, "内容": "おおぐし眼科【2:診療所】【診療科目:眼科】徳島県阿波市吉野町西条字岡ノ川原２２" }, "geometry": { "type": "Point", "coordinates": [ 134.383049, 34.10054 ] } },
{ "type": "Feature", "properties": { "ID": 3622365710930, "正式名称": "赤池循環器消化器内科", "機関区分": 2, "都道府県コード": 36, "市区町村コード": 206, "所在地": "徳島県阿波市市場町香美字原田２９９", "緯度": 34.087107, "経度": 134.290953, "url": "https://www.iryou.teikyouseido.mhlw.go.jp/znk-web/juminkanja/S2430/initialize?prefCd=36&kikanCd=2365710930&kikanKbn=2", "url2": "http://www.akaikenaika.com/", "内容": "赤池循環器消化器内科【2:診療所】【診療科目:糖尿病内科_循環器内科_消化器内科】徳島県阿波市市場町香美字原田２９９" }, "geometry": { "type": "Point", "coordinates": [ 134.290953, 34.087107 ] } },
{ "type": "Feature", "properties": { "ID": 3622365711070, "正式名称": "中西内科クリニック", "機関区分": 2, "都道府県コード": 36, "市区町村コード": 205, "所在地": "徳島県吉野川市山川町川東８８番地１", "緯度": 34.044774, "経度": 134.228972, "url": "https://www.iryou.teikyouseido.mhlw.go.jp/znk-web/juminkanja/S2430/initialize?prefCd=36&kikanCd=2365711070&kikanKbn=2", "url2": "https://koutukai.com", "内容": "中西内科クリニック【2:診療所】【診療科目:内科_呼吸器内科_循環器内科_胃腸内科_神経内科_精神科_神経科_リハビリテーション科】徳島県吉野川市山川町川東８８番地１" }, "geometry": { "type": "Point", "coordinates": [ 134.228972, 34.044774 ] } },
{ "type": "Feature", "properties": { "ID": 3622365711490, "正式名称": "板東眼科", "機関区分": 2, "都道府県コード": 36, "市区町村コード": 206, "所在地": "徳島県阿波市土成町水田字月成１２１", "緯度": 34.096027, "経度": 134.318011, "url": "https://www.iryou.teikyouseido.mhlw.go.jp/znk-web/juminkanja/S2430/initialize?prefCd=36&kikanCd=2365711490&kikanKbn=2", "url2": "http://www.bandoeye.com", "内容": "板東眼科【2:診療所】【診療科目:眼科】徳島県阿波市土成町水田字月成１２１" }, "geometry": { "type": "Point", "coordinates": [ 134.318011, 34.096027 ] } },
{ "type": "Feature", "properties": { "ID": 3622365712080, "正式名称": "リバーサイドクリニック岡田", "機関区分": 2, "都道府県コード": 36, "市区町村コード": 205, "所在地": "徳島県吉野川市鴨島町知恵島１７７４番１", "緯度": 34.081153, "経度": 134.372545, "url": "https://www.iryou.teikyouseido.mhlw.go.jp/znk-web/juminkanja/S2430/initialize?prefCd=36&kikanCd=2365712080&kikanKbn=2", "url2": "http://www.rsc-okada.org/RSCO.htm", "内容": "リバーサイドクリニック岡田【2:診療所】【診療科目:内科_外科_整形外科_小児科_皮膚科_リハビリテーション科】徳島県吉野川市鴨島町知恵島１７７４番１" }, "geometry": { "type": "Point", "coordinates": [ 134.372545, 34.081153 ] } },
{ "type": "Feature", "properties": { "ID": 3622365712110, "正式名称": "石原内科循環器科", "機関区分": 2, "都道府県コード": 36, "市区町村コード": 205, "所在地": "徳島県吉野川市鴨島町飯尾１８７", "緯度": 34.062117, "経度": 134.353588, "url": "https://www.iryou.teikyouseido.mhlw.go.jp/znk-web/juminkanja/S2430/initialize?prefCd=36&kikanCd=2365712110&kikanKbn=2", "url2": null, "内容": "石原内科循環器科【2:診療所】【診療科目:内科_循環器内科_消化器内科_小児科_リハビリテーション科_放射線科】徳島県吉野川市鴨島町飯尾１８７" }, "geometry": { "type": "Point", "coordinates": [ 134.353588, 34.062117 ] } },
{ "type": "Feature", "properties": { "ID": 3622365712240, "正式名称": "四宮医院", "機関区分": 2, "都道府県コード": 36, "市区町村コード": 205, "所在地": "徳島県吉野川市川島町桑村２５５５番地１", "緯度": 34.057451, "経度": 134.300829, "url": "https://www.iryou.teikyouseido.mhlw.go.jp/znk-web/juminkanja/S2430/initialize?prefCd=36&kikanCd=2365712240&kikanKbn=2", "url2": "http://www.tk2.nmt.ne.jp/~shinomiyaiin/", "内容": "四宮医院【2:診療所】【診療科目:内科_循環器内科_小児科】徳島県吉野川市川島町桑村２５５５番地１" }, "geometry": { "type": "Point", "coordinates": [ 134.300829, 34.057451 ] } },
{ "type": "Feature", "properties": { "ID": 3622365712400, "正式名称": "森住内科医院", "機関区分": 2, "都道府県コード": 36, "市区町村コード": 205, "所在地": "徳島県吉野川市鴨島町内原４８－１", "緯度": 34.069396, "経度": 134.37276, "url": "https://www.iryou.teikyouseido.mhlw.go.jp/znk-web/juminkanja/S2430/initialize?prefCd=36&kikanCd=2365712400&kikanKbn=2", "url2": null, "内容": "森住内科医院【2:診療所】【診療科目:内科_呼吸器内科_循環器内科_胃腸内科_神経内科_小児科_皮膚科_アレルギー科_リハビリテーション科_放射線科_病理診断科】徳島県吉野川市鴨島町内原４８－１" }, "geometry": { "type": "Point", "coordinates": [ 134.37276, 34.069396 ] } },
{ "type": "Feature", "properties": { "ID": 3622365712530, "正式名称": "金塚内科", "機関区分": 2, "都道府県コード": 36, "市区町村コード": 206, "所在地": "徳島県阿波市土成町吉田字城根木３６番地", "緯度": 34.106688, "経度": 134.360347, "url": "https://www.iryou.teikyouseido.mhlw.go.jp/znk-web/juminkanja/S2430/initialize?prefCd=36&kikanCd=2365712530&kikanKbn=2", "url2": "kanazukaka-clinic.com", "内容": "金塚内科【2:診療所】【診療科目:内科_呼吸器内科_循環器内科_胃腸内科_小児科_リハビリテーション科】徳島県阿波市土成町吉田字城根木３６番地" }, "geometry": { "type": "Point", "coordinates": [ 134.360347, 34.106688 ] } },
{ "type": "Feature", "properties": { "ID": 3622365712660, "正式名称": "山下耳鼻咽喉科クリニック", "機関区分": 2, "都道府県コード": 36, "市区町村コード": 205, "所在地": "徳島県吉野川市山川町堤外２１－１", "緯度": 34.061299, "経度": 134.253209, "url": "https://www.iryou.teikyouseido.mhlw.go.jp/znk-web/juminkanja/S2430/initialize?prefCd=36&kikanCd=2365712660&kikanKbn=2", "url2": null, "内容": "山下耳鼻咽喉科クリニック【2:診療所】【診療科目:小児科_耳鼻いんこう科_アレルギー科】徳島県吉野川市山川町堤外２１－１" }, "geometry": { "type": "Point", "coordinates": [ 134.253209, 34.061299 ] } },
{ "type": "Feature", "properties": { "ID": 3622365712790, "正式名称": "麻名内科外科クリニック", "機関区分": 2, "都道府県コード": 36, "市区町村コード": 205, "所在地": "徳島県吉野川市鴨島町上浦７７ー４", "緯度": 34.072942, "経度": 134.396503, "url": "https://www.iryou.teikyouseido.mhlw.go.jp/znk-web/juminkanja/S2430/initialize?prefCd=36&kikanCd=2365712790&kikanKbn=2", "url2": null, "内容": "麻名内科外科クリニック【2:診療所】【診療科目:内科_呼吸器内科_循環器内科_胃腸内科_外科_肛門外科_小児科_気管食道・耳鼻いんこう科_リハビリテーション科】徳島県吉野川市鴨島町上浦７７ー４" }, "geometry": { "type": "Point", "coordinates": [ 134.396503, 34.072942 ] } },
{ "type": "Feature", "properties": { "ID": 3622365713090, "正式名称": "グリーン耳鼻咽喉科", "機関区分": 2, "都道府県コード": 36, "市区町村コード": 205, "所在地": "徳島県吉野川市鴨島町鴨島字天島５９７－１", "緯度": 34.072604, "経度": 134.352279, "url": "https://www.iryou.teikyouseido.mhlw.go.jp/znk-web/juminkanja/S2430/initialize?prefCd=36&kikanCd=2365713090&kikanKbn=2", "url2": null, "内容": "グリーン耳鼻咽喉科【2:診療所】【診療科目:耳鼻いんこう科】徳島県吉野川市鴨島町鴨島字天島５９７－１" }, "geometry": { "type": "Point", "coordinates": [ 134.352279, 34.072604 ] } },
{ "type": "Feature", "properties": { "ID": 3622365713120, "正式名称": "乾内科外科", "機関区分": 2, "都道府県コード": 36, "市区町村コード": 206, "所在地": "徳島県阿波市土成町水田字久保田１６番地１", "緯度": 34.096791, "経度": 134.32418, "url": "https://www.iryou.teikyouseido.mhlw.go.jp/znk-web/juminkanja/S2430/initialize?prefCd=36&kikanCd=2365713120&kikanKbn=2", "url2": null, "内容": "乾内科外科【2:診療所】【診療科目:内科_外科_整形外科_小児科_リハビリテーション科】徳島県阿波市土成町水田字久保田１６番地１" }, "geometry": { "type": "Point", "coordinates": [ 134.32418, 34.096791 ] } },
{ "type": "Feature", "properties": { "ID": 3622365713250, "正式名称": "さくら診療所", "機関区分": 2, "都道府県コード": 36, "市区町村コード": 205, "所在地": "徳島県吉野川市山川町前川２１２番地の６", "緯度": 34.056677, "経度": 134.239368, "url": "https://www.iryou.teikyouseido.mhlw.go.jp/znk-web/juminkanja/S2430/initialize?prefCd=36&kikanCd=2365713250&kikanKbn=2", "url2": "http://sakura-sakura.or.jp", "内容": "さくら診療所【2:診療所】【診療科目:内科_外科_心臓血管外科_リハビリテーション科】徳島県吉野川市山川町前川２１２番地の６" }, "geometry": { "type": "Point", "coordinates": [ 134.239368, 34.056677 ] } },
{ "type": "Feature", "properties": { "ID": 3622365713670, "正式名称": "かなめ小児科内科クリニック", "機関区分": 2, "都道府県コード": 36, "市区町村コード": 205, "所在地": "徳島県吉野川市鴨島町牛島字四ツ家前３２７１－９", "緯度": 34.080629, "経度": 134.375142, "url": "https://www.iryou.teikyouseido.mhlw.go.jp/znk-web/juminkanja/S2430/initialize?prefCd=36&kikanCd=2365713670&kikanKbn=2", "url2": null, "内容": "かなめ小児科内科クリニック【2:診療所】【診療科目:内科_小児科_アレルギー科】徳島県吉野川市鴨島町牛島字四ツ家前３２７１－９" }, "geometry": { "type": "Point", "coordinates": [ 134.375142, 34.080629 ] } },
{ "type": "Feature", "properties": { "ID": 3622365713830, "正式名称": "井関クリニック", "機関区分": 2, "都道府県コード": 36, "市区町村コード": 405, "所在地": "徳島県板野郡上板町椎本字椎ノ本３１４番地１", "緯度": 34.119976, "経度": 134.436951, "url": "https://www.iryou.teikyouseido.mhlw.go.jp/znk-web/juminkanja/S2430/initialize?prefCd=36&kikanCd=2365713830&kikanKbn=2", "url2": "http://www.isekiclinic.com/", "内容": "井関クリニック【2:診療所】【診療科目:内科_呼吸器内科_循環器内科_消化器内科_外科_アレルギー科】徳島県板野郡上板町椎本字椎ノ本３１４番地１" }, "geometry": { "type": "Point", "coordinates": [ 134.436951, 34.119976 ] } },
{ "type": "Feature", "properties": { "ID": 3622365714000, "正式名称": "鴨島川島クリニック", "機関区分": 2, "都道府県コード": 36, "市区町村コード": 205, "所在地": "徳島県吉野川市鴨島町飯尾字福井３９６番地３", "緯度": 34.06361, "経度": 134.361205, "url": "https://www.iryou.teikyouseido.mhlw.go.jp/znk-web/juminkanja/S2430/initialize?prefCd=36&kikanCd=2365714000&kikanKbn=2", "url2": "http://khg.or.jp/", "内容": "鴨島川島クリニック【2:診療所】【診療科目:腎臓内科_人工透析内科】徳島県吉野川市鴨島町飯尾字福井３９６番地３" }, "geometry": { "type": "Point", "coordinates": [ 134.361205, 34.06361 ] } },
{ "type": "Feature", "properties": { "ID": 3622365714130, "正式名称": "鴨島耳鼻咽喉科", "機関区分": 2, "都道府県コード": 36, "市区町村コード": 205, "所在地": "徳島県吉野川市鴨島町麻植塚１１４－１", "緯度": 34.07104, "経度": 134.380732, "url": "https://www.iryou.teikyouseido.mhlw.go.jp/znk-web/juminkanja/S2430/initialize?prefCd=36&kikanCd=2365714130&kikanKbn=2", "url2": null, "内容": "鴨島耳鼻咽喉科【2:診療所】【診療科目:耳鼻いんこう科】徳島県吉野川市鴨島町麻植塚１１４－１" }, "geometry": { "type": "Point", "coordinates": [ 134.380732, 34.07104 ] } },
{ "type": "Feature", "properties": { "ID": 3622365714680, "正式名称": "川原眼科", "機関区分": 2, "都道府県コード": 36, "市区町村コード": 405, "所在地": "徳島県板野郡上板町椎本字椎ノ宮２２０－１", "緯度": 34.11933, "経度": 134.435272, "url": "https://www.iryou.teikyouseido.mhlw.go.jp/znk-web/juminkanja/S2430/initialize?prefCd=36&kikanCd=2365714680&kikanKbn=2", "url2": "https://kawahara-ganka.jp", "内容": "川原眼科【2:診療所】【診療科目:眼科】徳島県板野郡上板町椎本字椎ノ宮２２０－１" }, "geometry": { "type": "Point", "coordinates": [ 134.435272, 34.11933 ] } },
{ "type": "Feature", "properties": { "ID": 3622365714840, "正式名称": "美郷診療所", "機関区分": 2, "都道府県コード": 36, "市区町村コード": 205, "所在地": "徳島県吉野川市美郷毛無９２－３", "緯度": 34.029865, "経度": 134.264404, "url": "https://www.iryou.teikyouseido.mhlw.go.jp/znk-web/juminkanja/S2430/initialize?prefCd=36&kikanCd=2365714840&kikanKbn=2", "url2": null, "内容": "美郷診療所【2:診療所】【診療科目:内科_呼吸器内科_循環器内科_消化器内科_精神科_神経科_心療内科】徳島県吉野川市美郷毛無９２－３" }, "geometry": { "type": "Point", "coordinates": [ 134.264404, 34.029865 ] } },
{ "type": "Feature", "properties": { "ID": 3622365715010, "正式名称": "あいざと山川クリニック", "機関区分": 2, "都道府県コード": 36, "市区町村コード": 205, "所在地": "徳島県吉野川市山川町前川２００番地２", "緯度": 34.057513, "経度": 134.238306, "url": "https://www.iryou.teikyouseido.mhlw.go.jp/znk-web/juminkanja/S2430/initialize?prefCd=36&kikanCd=2365715010&kikanKbn=2", "url2": "https://www.aizato.or.jp/yamakawa/", "内容": "あいざと山川クリニック【2:診療所】【診療科目:精神科_心療内科】徳島県吉野川市山川町前川２００番地２" }, "geometry": { "type": "Point", "coordinates": [ 134.238306, 34.057513 ] } },
{ "type": "Feature", "properties": { "ID": 3622365715140, "正式名称": "松本眼科", "機関区分": 2, "都道府県コード": 36, "市区町村コード": 206, "所在地": "徳島県阿波市阿波町高垣５０番地２", "緯度": 34.075377, "経度": 134.211345, "url": "https://www.iryou.teikyouseido.mhlw.go.jp/znk-web/juminkanja/S2430/initialize?prefCd=36&kikanCd=2365715140&kikanKbn=2", "url2": "https://www.matsumoto-ganka.jp", "内容": "松本眼科【2:診療所】【診療科目:眼科】徳島県阿波市阿波町高垣５０番地２" }, "geometry": { "type": "Point", "coordinates": [ 134.211345, 34.075377 ] } },
{ "type": "Feature", "properties": { "ID": 3622365715270, "正式名称": "さかまき整形外科", "機関区分": 2, "都道府県コード": 36, "市区町村コード": 206, "所在地": "徳島県阿波市阿波町南整理１５８－３", "緯度": 34.071324, "経度": 134.199929, "url": "https://www.iryou.teikyouseido.mhlw.go.jp/znk-web/juminkanja/S2430/initialize?prefCd=36&kikanCd=2365715270&kikanKbn=2", "url2": "https://sakamakiclinic.jp", "内容": "さかまき整形外科【2:診療所】【診療科目:整形外科】徳島県阿波市阿波町南整理１５８－３" }, "geometry": { "type": "Point", "coordinates": [ 134.199929, 34.071324 ] } },
{ "type": "Feature", "properties": { "ID": 3622365715300, "正式名称": "御所診療所", "機関区分": 2, "都道府県コード": 36, "市区町村コード": 206, "所在地": "徳島県阿波市土成町吉田字原田市の四３１", "緯度": 34.109077, "経度": 134.348898, "url": "https://www.iryou.teikyouseido.mhlw.go.jp/znk-web/juminkanja/S2430/initialize?prefCd=36&kikanCd=2365715300&kikanKbn=2", "url2": "https://gosho-clinic.com/", "内容": "御所診療所【2:診療所】【診療科目:内科_呼吸器内科_循環器内科_消化器内科_神経内科_小児科_アレルギー科_リハビリテーション科】徳島県阿波市土成町吉田字原田市の四３１" }, "geometry": { "type": "Point", "coordinates": [ 134.348898, 34.109077 ] } },
{ "type": "Feature", "properties": { "ID": 3622365715690, "正式名称": "あおいそら在宅診療所", "機関区分": 2, "都道府県コード": 36, "市区町村コード": 205, "所在地": "徳島県吉野川市鴨島町知恵島７２０－７", "緯度": 34.080996, "経度": 134.35119, "url": "https://www.iryou.teikyouseido.mhlw.go.jp/znk-web/juminkanja/S2430/initialize?prefCd=36&kikanCd=2365715690&kikanKbn=2", "url2": "https://www.harenohi0515.com/medical.php", "内容": "あおいそら在宅診療所【2:診療所】【診療科目:内科_脳神経内科】徳島県吉野川市鴨島町知恵島７２０－７" }, "geometry": { "type": "Point", "coordinates": [ 134.35119, 34.080996 ] } },
{ "type": "Feature", "properties": { "ID": 3622365715720, "正式名称": "三木クリニック", "機関区分": 2, "都道府県コード": 36, "市区町村コード": 205, "所在地": "徳島県吉野川市山川町祇園４１番地５", "緯度": 34.056571, "経度": 134.24911, "url": "https://www.iryou.teikyouseido.mhlw.go.jp/znk-web/juminkanja/S2430/initialize?prefCd=36&kikanCd=2365715720&kikanKbn=2", "url2": "https://miki-rehabili.jp/service/miki-clinic/", "内容": "三木クリニック【2:診療所】【診療科目:内科_循環器内科_リハビリテーション科_放射線科】徳島県吉野川市山川町祇園４１番地５" }, "geometry": { "type": "Point", "coordinates": [ 134.24911, 34.056571 ] } },
{ "type": "Feature", "properties": { "ID": 3622365715850, "正式名称": "知恵島皮膚科診療所", "機関区分": 2, "都道府県コード": 36, "市区町村コード": 205, "所在地": "徳島県吉野川市鴨島町知恵島１０４９－３", "緯度": 34.081029, "経度": 134.352772, "url": "https://www.iryou.teikyouseido.mhlw.go.jp/znk-web/juminkanja/S2430/initialize?prefCd=36&kikanCd=2365715850&kikanKbn=2", "url2": null, "内容": "知恵島皮膚科診療所【2:診療所】【診療科目:皮膚科】徳島県吉野川市鴨島町知恵島１０４９－３" }, "geometry": { "type": "Point", "coordinates": [ 134.352772, 34.081029 ] } },
{ "type": "Feature", "properties": { "ID": 3622365716020, "正式名称": "賛広診療所", "機関区分": 2, "都道府県コード": 36, "市区町村コード": 206, "所在地": "徳島県阿波市阿波町南西谷７", "緯度": 34.073334, "経度": 134.191603, "url": "https://www.iryou.teikyouseido.mhlw.go.jp/znk-web/juminkanja/S2430/initialize?prefCd=36&kikanCd=2365716020&kikanKbn=2", "url2": null, "内容": "賛広診療所【2:診療所】【診療科目:内科_小児科_精神科】徳島県阿波市阿波町南西谷７" }, "geometry": { "type": "Point", "coordinates": [ 134.191603, 34.073334 ] } },
{ "type": "Feature", "properties": { "ID": 3622365716150, "正式名称": "おおつか内科", "機関区分": 2, "都道府県コード": 36, "市区町村コード": 206, "所在地": "徳島県阿波市阿波町善地７－１３", "緯度": 34.075509, "経度": 134.207723, "url": "https://www.iryou.teikyouseido.mhlw.go.jp/znk-web/juminkanja/S2430/initialize?prefCd=36&kikanCd=2365716150&kikanKbn=2", "url2": "otsukanaika.com", "内容": "おおつか内科【2:診療所】【診療科目:内科_呼吸器内科_小児科】徳島県阿波市阿波町善地７－１３" }, "geometry": { "type": "Point", "coordinates": [ 134.207723, 34.075509 ] } },
{ "type": "Feature", "properties": { "ID": 3622365716280, "正式名称": "よしのがわ往診診療所", "機関区分": 2, "都道府県コード": 36, "市区町村コード": 205, "所在地": "徳島県吉野川市山川町湯立２７７－１", "緯度": 34.057152, "経度": 134.231117, "url": "https://www.iryou.teikyouseido.mhlw.go.jp/znk-web/juminkanja/S2430/initialize?prefCd=36&kikanCd=2365716280&kikanKbn=2", "url2": "https://www.yoshinogawaclinic.com/", "内容": "よしのがわ往診診療所【2:診療所】【診療科目:内科_救急科】徳島県吉野川市山川町湯立２７７－１" }, "geometry": { "type": "Point", "coordinates": [ 134.231117, 34.057152 ] } },
{ "type": "Feature", "properties": { "ID": 3622365716310, "正式名称": "らいちクリニック", "機関区分": 2, "都道府県コード": 36, "市区町村コード": 206, "所在地": "徳島県阿波市阿波町大道北１７７番地１", "緯度": 34.074421, "経度": 134.231892, "url": "https://www.iryou.teikyouseido.mhlw.go.jp/znk-web/juminkanja/S2430/initialize?prefCd=36&kikanCd=2365716310&kikanKbn=2", "url2": null, "内容": "らいちクリニック【2:診療所】【診療科目:内科_外科_皮膚科_アレルギー科】徳島県阿波市阿波町大道北１７７番地１" }, "geometry": { "type": "Point", "coordinates": [ 134.231892, 34.074421 ] } },
{ "type": "Feature", "properties": { "ID": 3622365716440, "正式名称": "笠井整形外科内科クリニック", "機関区分": 2, "都道府県コード": 36, "市区町村コード": 206, "所在地": "徳島県阿波市市場町香美字郷社本２２３－３", "緯度": 34.087945, "経度": 134.295794, "url": "https://www.iryou.teikyouseido.mhlw.go.jp/znk-web/juminkanja/S2430/initialize?prefCd=36&kikanCd=2365716440&kikanKbn=2", "url2": null, "内容": "笠井整形外科内科クリニック【2:診療所】【診療科目:内科_整形外科_リハビリテーション科】徳島県阿波市市場町香美字郷社本２２３－３" }, "geometry": { "type": "Point", "coordinates": [ 134.295794, 34.087945 ] } },
{ "type": "Feature", "properties": { "ID": 3622365742670, "正式名称": "西川内科クリニック", "機関区分": 2, "都道府県コード": 36, "市区町村コード": 206, "所在地": "徳島県阿波市阿波町南柴生７８－１", "緯度": 34.088066, "経度": 134.230528, "url": "https://www.iryou.teikyouseido.mhlw.go.jp/znk-web/juminkanja/S2430/initialize?prefCd=36&kikanCd=2365742670&kikanKbn=2", "url2": null, "内容": "西川内科クリニック【2:診療所】【診療科目:内科_呼吸器内科_消化器内科】徳島県阿波市阿波町南柴生７８－１" }, "geometry": { "type": "Point", "coordinates": [ 134.230528, 34.088066 ] } },
{ "type": "Feature", "properties": { "ID": 3622365802620, "正式名称": "田村医院", "機関区分": 2, "都道府県コード": 36, "市区町村コード": 468, "所在地": "徳島県美馬郡つるぎ町貞光字宮下１２－４", "緯度": 34.040765, "経度": 134.063609, "url": "https://www.iryou.teikyouseido.mhlw.go.jp/znk-web/juminkanja/S2430/initialize?prefCd=36&kikanCd=2365802620&kikanKbn=2", "url2": null, "内容": "田村医院【2:診療所】【診療科目:内科_小児科_皮膚泌尿器科_リハビリテーション科】徳島県美馬郡つるぎ町貞光字宮下１２－４" }, "geometry": { "type": "Point", "coordinates": [ 134.063609, 34.040765 ] } },
{ "type": "Feature", "properties": { "ID": 3622365803630, "正式名称": "国見医院", "機関区分": 2, "都道府県コード": 36, "市区町村コード": 207, "所在地": "徳島県美馬市穴吹町穴吹字九反地１－１", "緯度": 34.053317, "経度": 134.169052, "url": "https://www.iryou.teikyouseido.mhlw.go.jp/znk-web/juminkanja/S2430/initialize?prefCd=36&kikanCd=2365803630&kikanKbn=2", "url2": null, "内容": "国見医院【2:診療所】【診療科目:内科_整形外科_リウマチ科_リハビリテーション科】徳島県美馬市穴吹町穴吹字九反地１－１" }, "geometry": { "type": "Point", "coordinates": [ 134.169052, 34.053317 ] } },
{ "type": "Feature", "properties": { "ID": 3622365803920, "正式名称": "吉川医院", "機関区分": 2, "都道府県コード": 36, "市区町村コード": 207, "所在地": "徳島県美馬市脇町字拝原１５５８番地", "緯度": 34.065281, "経度": 134.163837, "url": "https://www.iryou.teikyouseido.mhlw.go.jp/znk-web/juminkanja/S2430/initialize?prefCd=36&kikanCd=2365803920&kikanKbn=2", "url2": null, "内容": "吉川医院【2:診療所】【診療科目:内科_皮膚科_泌尿器科】徳島県美馬市脇町字拝原１５５８番地" }, "geometry": { "type": "Point", "coordinates": [ 134.163837, 34.065281 ] } },
{ "type": "Feature", "properties": { "ID": 3622365804060, "正式名称": "市橋内科医院", "機関区分": 2, "都道府県コード": 36, "市区町村コード": 207, "所在地": "徳島県美馬市脇町大字脇町字中道７２５－２", "緯度": 34.069138, "経度": 134.143656, "url": "https://www.iryou.teikyouseido.mhlw.go.jp/znk-web/juminkanja/S2430/initialize?prefCd=36&kikanCd=2365804060&kikanKbn=2", "url2": null, "内容": "市橋内科医院【2:診療所】【診療科目:内科_循環器内科_神経内科_精神科_リハビリテーション科】徳島県美馬市脇町大字脇町字中道７２５－２" }, "geometry": { "type": "Point", "coordinates": [ 134.143656, 34.069138 ] } },
{ "type": "Feature", "properties": { "ID": 3622365804640, "正式名称": "武原外科整形外科医院", "機関区分": 2, "都道府県コード": 36, "市区町村コード": 468, "所在地": "徳島県美馬郡つるぎ町半田字松生２９９－１", "緯度": 34.041601, "経度": 134.028611, "url": "https://www.iryou.teikyouseido.mhlw.go.jp/znk-web/juminkanja/S2430/initialize?prefCd=36&kikanCd=2365804640&kikanKbn=2", "url2": null, "内容": "武原外科整形外科医院【2:診療所】【診療科目:胃腸内科_外科_肛門外科_整形外科_リハビリテーション科】徳島県美馬郡つるぎ町半田字松生２９９－１" }, "geometry": { "type": "Point", "coordinates": [ 134.028611, 34.041601 ] } },
{ "type": "Feature", "properties": { "ID": 3622365804800, "正式名称": "杉下医院", "機関区分": 2, "都道府県コード": 36, "市区町村コード": 207, "所在地": "徳島県美馬市美馬町字喜来市２－１", "緯度": 34.051202, "経度": 134.055176, "url": "https://www.iryou.teikyouseido.mhlw.go.jp/znk-web/juminkanja/S2430/initialize?prefCd=36&kikanCd=2365804800&kikanKbn=2", "url2": null, "内容": "杉下医院【2:診療所】【診療科目:内科_呼吸器内科_胃腸内科_外科_肛門外科_整形外科_麻酔科】徳島県美馬市美馬町字喜来市２－１" }, "geometry": { "type": "Point", "coordinates": [ 134.055176, 34.051202 ] } },
{ "type": "Feature", "properties": { "ID": 3622365804930, "正式名称": "美馬市国民健康保険木屋平診療所", "機関区分": 2, "都道府県コード": 36, "市区町村コード": 207, "所在地": "徳島県美馬市木屋平字川井２２４", "緯度": 33.89564, "経度": 134.154139, "url": "https://www.iryou.teikyouseido.mhlw.go.jp/znk-web/juminkanja/S2430/initialize?prefCd=36&kikanCd=2365804930&kikanKbn=2", "url2": null, "内容": "美馬市国民健康保険木屋平診療所【2:診療所】【診療科目:内科_外科】徳島県美馬市木屋平字川井２２４" }, "geometry": { "type": "Point", "coordinates": [ 134.154139, 33.89564 ] } },
{ "type": "Feature", "properties": { "ID": 3622365805230, "正式名称": "佐藤内科", "機関区分": 2, "都道府県コード": 36, "市区町村コード": 207, "所在地": "徳島県美馬市脇町字拝原１４１５の２", "緯度": 34.069974, "経度": 134.164739, "url": "https://www.iryou.teikyouseido.mhlw.go.jp/znk-web/juminkanja/S2430/initialize?prefCd=36&kikanCd=2365805230&kikanKbn=2", "url2": "http://www.ichijyukai.com/", "内容": "佐藤内科【2:診療所】【診療科目:内科_小児科_精神科】徳島県美馬市脇町字拝原１４１５の２" }, "geometry": { "type": "Point", "coordinates": [ 134.164739, 34.069974 ] } },
{ "type": "Feature", "properties": { "ID": 3622365805650, "正式名称": "林クリニック", "機関区分": 2, "都道府県コード": 36, "市区町村コード": 207, "所在地": "徳島県美馬市脇町大字脇町３４０番地", "緯度": 34.070194, "経度": 134.148018, "url": "https://www.iryou.teikyouseido.mhlw.go.jp/znk-web/juminkanja/S2430/initialize?prefCd=36&kikanCd=2365805650&kikanKbn=2", "url2": "http://www.houetsu.com/clinic/", "内容": "林クリニック【2:診療所】【診療科目:内科_小児科_皮膚科_リハビリテーション科】徳島県美馬市脇町大字脇町３４０番地" }, "geometry": { "type": "Point", "coordinates": [ 134.148018, 34.070194 ] } },
{ "type": "Feature", "properties": { "ID": 3622365805780, "正式名称": "脇町中央医院", "機関区分": 2, "都道府県コード": 36, "市区町村コード": 207, "所在地": "徳島県美馬市脇町大字脇町３１６－２", "緯度": 34.069496, "経度": 134.1482, "url": "https://www.iryou.teikyouseido.mhlw.go.jp/znk-web/juminkanja/S2430/initialize?prefCd=36&kikanCd=2365805780&kikanKbn=2", "url2": null, "内容": "脇町中央医院【2:診療所】【診療科目:内科】徳島県美馬市脇町大字脇町３１６－２" }, "geometry": { "type": "Point", "coordinates": [ 134.1482, 34.069496 ] } },
{ "type": "Feature", "properties": { "ID": 3622365805810, "正式名称": "佐々木医院", "機関区分": 2, "都道府県コード": 36, "市区町村コード": 207, "所在地": "徳島県美馬市美馬町字宗重１１４番地１", "緯度": 34.059788, "経度": 134.066023, "url": "https://www.iryou.teikyouseido.mhlw.go.jp/znk-web/juminkanja/S2430/initialize?prefCd=36&kikanCd=2365805810&kikanKbn=2", "url2": null, "内容": "佐々木医院【2:診療所】【診療科目:内科_外科】徳島県美馬市美馬町字宗重１１４番地１" }, "geometry": { "type": "Point", "coordinates": [ 134.066023, 34.059788 ] } },
{ "type": "Feature", "properties": { "ID": 3622365805940, "正式名称": "成田クリニック", "機関区分": 2, "都道府県コード": 36, "市区町村コード": 207, "所在地": "徳島県美馬市脇町大字猪尻字東分２７－１", "緯度": 34.066099, "経度": 134.154396, "url": "https://www.iryou.teikyouseido.mhlw.go.jp/znk-web/juminkanja/S2430/initialize?prefCd=36&kikanCd=2365805940&kikanKbn=2", "url2": "https://naritaclinic.jp/", "内容": "成田クリニック【2:診療所】【診療科目:内科_消化器内科_外科_リハビリテーション科_放射線科】徳島県美馬市脇町大字猪尻字東分２７－１" }, "geometry": { "type": "Point", "coordinates": [ 134.154396, 34.066099 ] } },
{ "type": "Feature", "properties": { "ID": 3622365806370, "正式名称": "としま小児科", "機関区分": 2, "都道府県コード": 36, "市区町村コード": 207, "所在地": "徳島県美馬市脇町字拝原１７７４－６", "緯度": 34.062508, "経度": 134.167185, "url": "https://www.iryou.teikyouseido.mhlw.go.jp/znk-web/juminkanja/S2430/initialize?prefCd=36&kikanCd=2365806370&kikanKbn=2", "url2": null, "内容": "としま小児科【2:診療所】【診療科目:内科_小児科】徳島県美馬市脇町字拝原１７７４－６" }, "geometry": { "type": "Point", "coordinates": [ 134.167185, 34.062508 ] } },
{ "type": "Feature", "properties": { "ID": 3622365806950, "正式名称": "サンクリニック", "機関区分": 2, "都道府県コード": 36, "市区町村コード": 207, "所在地": "徳島県美馬市美馬町字南荒川７１番地", "緯度": 34.049584, "経度": 134.039394, "url": "https://www.iryou.teikyouseido.mhlw.go.jp/znk-web/juminkanja/S2430/initialize?prefCd=36&kikanCd=2365806950&kikanKbn=2", "url2": null, "内容": "サンクリニック【2:診療所】【診療科目:内科_リハビリテーション科】徳島県美馬市美馬町字南荒川７１番地" }, "geometry": { "type": "Point", "coordinates": [ 134.039394, 34.049584 ] } },
{ "type": "Feature", "properties": { "ID": 3622365807120, "正式名称": "木下内科循環器科", "機関区分": 2, "都道府県コード": 36, "市区町村コード": 207, "所在地": "徳島県美馬市美馬町字鍵掛４５－１", "緯度": 34.082237, "経度": 134.167786, "url": "https://www.iryou.teikyouseido.mhlw.go.jp/znk-web/juminkanja/S2430/initialize?prefCd=36&kikanCd=2365807120&kikanKbn=2", "url2": null, "内容": "木下内科循環器科【2:診療所】【診療科目:内科_呼吸器内科_循環器内科_消化器内科】徳島県美馬市美馬町字鍵掛４５－１" }, "geometry": { "type": "Point", "coordinates": [ 134.167786, 34.082237 ] } },
{ "type": "Feature", "properties": { "ID": 3622365807380, "正式名称": "酒巻耳鼻咽喉科医院", "機関区分": 2, "都道府県コード": 36, "市区町村コード": 207, "所在地": "徳島県美馬市脇町字拝原１６０５番地１", "緯度": 34.063006, "経度": 134.16431, "url": "https://www.iryou.teikyouseido.mhlw.go.jp/znk-web/juminkanja/S2430/initialize?prefCd=36&kikanCd=2365807380&kikanKbn=2", "url2": null, "内容": "酒巻耳鼻咽喉科医院【2:診療所】【診療科目:耳鼻いんこう科】徳島県美馬市脇町字拝原１６０５番地１" }, "geometry": { "type": "Point", "coordinates": [ 134.16431, 34.063006 ] } },
{ "type": "Feature", "properties": { "ID": 3622365807540, "正式名称": "秦眼科", "機関区分": 2, "都道府県コード": 36, "市区町村コード": 207, "所在地": "徳島県美馬市脇町字拝原１４４１番地１", "緯度": 34.066507, "経度": 134.163945, "url": "https://www.iryou.teikyouseido.mhlw.go.jp/znk-web/juminkanja/S2430/initialize?prefCd=36&kikanCd=2365807540&kikanKbn=2", "url2": "http://hataganka.org/", "内容": "秦眼科【2:診療所】【診療科目:眼科】徳島県美馬市脇町字拝原１４４１番地１" }, "geometry": { "type": "Point", "coordinates": [ 134.163945, 34.066507 ] } },
{ "type": "Feature", "properties": { "ID": 3622365807700, "正式名称": "おおた整形外科クリニック", "機関区分": 2, "都道府県コード": 36, "市区町村コード": 207, "所在地": "徳島県美馬市脇町馬木字銚子場１１７６－３", "緯度": 34.066152, "経度": 134.129865, "url": "https://www.iryou.teikyouseido.mhlw.go.jp/znk-web/juminkanja/S2430/initialize?prefCd=36&kikanCd=2365807700&kikanKbn=2", "url2": "https://www.ota-orthopedic-clinic.jp", "内容": "おおた整形外科クリニック【2:診療所】【診療科目:整形外科_リハビリテーション科】徳島県美馬市脇町馬木字銚子場１１７６－３" }, "geometry": { "type": "Point", "coordinates": [ 134.129865, 34.066152 ] } },
{ "type": "Feature", "properties": { "ID": 3622365807830, "正式名称": "脇町川島クリニック", "機関区分": 2, "都道府県コード": 36, "市区町村コード": 207, "所在地": "徳島県美馬市脇町大字猪尻字建神社下南３９－２", "緯度": 34.067667, "経度": 134.159964, "url": "https://www.iryou.teikyouseido.mhlw.go.jp/znk-web/juminkanja/S2430/initialize?prefCd=36&kikanCd=2365807830&kikanKbn=2", "url2": "http://khg.or.jp/", "内容": "脇町川島クリニック【2:診療所】【診療科目:糖尿病内科_人工透析内科】徳島県美馬市脇町大字猪尻字建神社下南３９－２" }, "geometry": { "type": "Point", "coordinates": [ 134.159964, 34.067667 ] } },
{ "type": "Feature", "properties": { "ID": 3622365808260, "正式名称": "成田診療所", "機関区分": 2, "都道府県コード": 36, "市区町村コード": 207, "所在地": "徳島県美馬市脇町大字猪尻字西ノ久保３７番地２", "緯度": 34.069742, "経度": 134.150978, "url": "https://www.iryou.teikyouseido.mhlw.go.jp/znk-web/juminkanja/S2430/initialize?prefCd=36&kikanCd=2365808260&kikanKbn=2", "url2": "www.fujinokai.net/", "内容": "成田診療所【2:診療所】【診療科目:内科_呼吸器内科_消化器内科_外科_整形外科_小児科_皮膚科_リハビリテーション科_放射線科】徳島県美馬市脇町大字猪尻字西ノ久保３７番地２" }, "geometry": { "type": "Point", "coordinates": [ 134.150978, 34.069742 ] } },
{ "type": "Feature", "properties": { "ID": 3622365808390, "正式名称": "医療法人多田クリニック", "機関区分": 2, "都道府県コード": 36, "市区町村コード": 207, "所在地": "徳島県美馬市脇町野村４６３６－１", "緯度": 34.058204, "経度": 134.092239, "url": "https://www.iryou.teikyouseido.mhlw.go.jp/znk-web/juminkanja/S2430/initialize?prefCd=36&kikanCd=2365808390&kikanKbn=2", "url2": null, "内容": "医療法人多田クリニック【2:診療所】【診療科目:内科_糖尿病内科_呼吸器内科_循環器内科_消化器内科_胃腸内科】徳島県美馬市脇町野村４６３６－１" }, "geometry": { "type": "Point", "coordinates": [ 134.092239, 34.058204 ] } },
{ "type": "Feature", "properties": { "ID": 3622365901060, "正式名称": "内田医院", "機関区分": 2, "都道府県コード": 36, "市区町村コード": 208, "所在地": "徳島県三好市池田町中西ナガウチ２５４－３", "緯度": 34.008416, "経度": 133.787856, "url": "https://www.iryou.teikyouseido.mhlw.go.jp/znk-web/juminkanja/S2430/initialize?prefCd=36&kikanCd=2365901060&kikanKbn=2", "url2": null, "内容": "内田医院【2:診療所】【診療科目:内科_呼吸器内科_消化器内科_外科_整形外科_リハビリテーション科_放射線科_麻酔科】徳島県三好市池田町中西ナガウチ２５４－３" }, "geometry": { "type": "Point", "coordinates": [ 133.787856, 34.008416 ] } },
{ "type": "Feature", "properties": { "ID": 3622365902070, "正式名称": "村山内科", "機関区分": 2, "都道府県コード": 36, "市区町村コード": 208, "所在地": "徳島県三好市池田町サラダ１７９５－１", "緯度": 34.027982, "経度": 133.806578, "url": "https://www.iryou.teikyouseido.mhlw.go.jp/znk-web/juminkanja/S2430/initialize?prefCd=36&kikanCd=2365902070&kikanKbn=2", "url2": "https://murayamanaika.com", "内容": "村山内科【2:診療所】【診療科目:内科_呼吸器内科_循環器内科_消化器内科_リハビリテーション科】徳島県三好市池田町サラダ１７９５－１" }, "geometry": { "type": "Point", "coordinates": [ 133.806578, 34.027982 ] } },
{ "type": "Feature", "properties": { "ID": 3622365902100, "正式名称": "大和外科医院", "機関区分": 2, "都道府県コード": 36, "市区町村コード": 208, "所在地": "徳島県三好市池田町マチ２５２４－２", "緯度": 34.029705, "経度": 133.805001, "url": "https://www.iryou.teikyouseido.mhlw.go.jp/znk-web/juminkanja/S2430/initialize?prefCd=36&kikanCd=2365902100&kikanKbn=2", "url2": null, "内容": "大和外科医院【2:診療所】【診療科目:消化器内科_外科_整形外科_形成外科_小児外科_麻酔科】徳島県三好市池田町マチ２５２４－２" }, "geometry": { "type": "Point", "coordinates": [ 133.805001, 34.029705 ] } },
{ "type": "Feature", "properties": { "ID": 3622365904250, "正式名称": "松浦医院", "機関区分": 2, "都道府県コード": 36, "市区町村コード": 489, "所在地": "徳島県三好郡東みよし町中庄２８", "緯度": 34.037796, "経度": 133.973079, "url": "https://www.iryou.teikyouseido.mhlw.go.jp/znk-web/juminkanja/S2430/initialize?prefCd=36&kikanCd=2365904250&kikanKbn=2", "url2": null, "内容": "松浦医院【2:診療所】【診療科目:内科_呼吸器内科_小児科】徳島県三好郡東みよし町中庄２８" }, "geometry": { "type": "Point", "coordinates": [ 133.973079, 34.037796 ] } },
{ "type": "Feature", "properties": { "ID": 3622365905390, "正式名称": "田岡医院", "機関区分": 2, "都道府県コード": 36, "市区町村コード": 208, "所在地": "徳島県三好市池田町シマ", "緯度": 34.027375, "経度": 133.815397, "url": "https://www.iryou.teikyouseido.mhlw.go.jp/znk-web/juminkanja/S2430/initialize?prefCd=36&kikanCd=2365905390&kikanKbn=2", "url2": null, "内容": "田岡医院【2:診療所】【診療科目:内科_婦人科_歯科】徳島県三好市池田町シマ" }, "geometry": { "type": "Point", "coordinates": [ 133.815397, 34.027375 ] } },
{ "type": "Feature", "properties": { "ID": 3622365905550, "正式名称": "健生西部診療所", "機関区分": 2, "都道府県コード": 36, "市区町村コード": 208, "所在地": "徳島県三好市井川町吉岡", "緯度": 34.030647, "経度": 133.864632, "url": "https://www.iryou.teikyouseido.mhlw.go.jp/znk-web/juminkanja/S2430/initialize?prefCd=36&kikanCd=2365905550&kikanKbn=2", "url2": "https://kensei-seibu.com", "内容": "健生西部診療所【2:診療所】【診療科目:内科_呼吸器内科_循環器内科_消化器内科_リハビリテーション科_放射線科】徳島県三好市井川町吉岡" }, "geometry": { "type": "Point", "coordinates": [ 133.864632, 34.030647 ] } },
{ "type": "Feature", "properties": { "ID": 3622365906010, "正式名称": "安宅循環器内科", "機関区分": 2, "都道府県コード": 36, "市区町村コード": 208, "所在地": "徳島県三好市池田町サラダ１６５１の２", "緯度": 34.026842, "経度": 133.81043, "url": "https://www.iryou.teikyouseido.mhlw.go.jp/znk-web/juminkanja/S2430/initialize?prefCd=36&kikanCd=2365906010&kikanKbn=2", "url2": null, "内容": "安宅循環器内科【2:診療所】【診療科目:内科_呼吸器内科_循環器内科_胃腸内科_リハビリテーション科】徳島県三好市池田町サラダ１６５１の２" }, "geometry": { "type": "Point", "coordinates": [ 133.81043, 34.026842 ] } },
{ "type": "Feature", "properties": { "ID": 3622365906140, "正式名称": "内田医院", "機関区分": 2, "都道府県コード": 36, "市区町村コード": 489, "所在地": "徳島県三好郡東みよし町加茂１８０３ー９", "緯度": 34.037867, "経度": 133.930507, "url": "https://www.iryou.teikyouseido.mhlw.go.jp/znk-web/juminkanja/S2430/initialize?prefCd=36&kikanCd=2365906140&kikanKbn=2", "url2": null, "内容": "内田医院【2:診療所】【診療科目:内科_腎臓内科_皮膚科_泌尿器科】徳島県三好郡東みよし町加茂１８０３ー９" }, "geometry": { "type": "Point", "coordinates": [ 133.930507, 34.037867 ] } },
{ "type": "Feature", "properties": { "ID": 3622365907600, "正式名称": "山城診療所", "機関区分": 2, "都道府県コード": 36, "市区町村コード": 208, "所在地": "徳島県三好市山城町下川５４５－５", "緯度": 33.973145, "経度": 133.781762, "url": "https://www.iryou.teikyouseido.mhlw.go.jp/znk-web/juminkanja/S2430/initialize?prefCd=36&kikanCd=2365907600&kikanKbn=2", "url2": null, "内容": "山城診療所【2:診療所】【診療科目:内科_外科_整形外科_リハビリテーション科】徳島県三好市山城町下川５４５－５" }, "geometry": { "type": "Point", "coordinates": [ 133.781762, 33.973145 ] } },
{ "type": "Feature", "properties": { "ID": 3622365907730, "正式名称": "医療法人いわき眼科", "機関区分": 2, "都道府県コード": 36, "市区町村コード": 489, "所在地": "徳島県三好郡東みよし町加茂１５１５－１", "緯度": 34.039236, "経度": 133.934466, "url": "https://www.iryou.teikyouseido.mhlw.go.jp/znk-web/juminkanja/S2430/initialize?prefCd=36&kikanCd=2365907730&kikanKbn=2", "url2": "http://www.iwakiganka.com/", "内容": "医療法人いわき眼科【2:診療所】【診療科目:眼科】徳島県三好郡東みよし町加茂１５１５－１" }, "geometry": { "type": "Point", "coordinates": [ 133.934466, 34.039236 ] } },
{ "type": "Feature", "properties": { "ID": 3622365907990, "正式名称": "郷外科内科", "機関区分": 2, "都道府県コード": 36, "市区町村コード": 208, "所在地": "徳島県三好市池田町川崎宮ノ前１２３－１", "緯度": 33.967815, "経度": 133.774509, "url": "https://www.iryou.teikyouseido.mhlw.go.jp/znk-web/juminkanja/S2430/initialize?prefCd=36&kikanCd=2365907990&kikanKbn=2", "url2": null, "内容": "郷外科内科【2:診療所】【診療科目:内科_外科_整形外科_小児科】徳島県三好市池田町川崎宮ノ前１２３－１" }, "geometry": { "type": "Point", "coordinates": [ 133.774509, 33.967815 ] } },
{ "type": "Feature", "properties": { "ID": 3622365908030, "正式名称": "岸野医院", "機関区分": 2, "都道府県コード": 36, "市区町村コード": 208, "所在地": "徳島県三好市三野町芝生１３６番地１", "緯度": 34.042187, "経度": 133.972714, "url": "https://www.iryou.teikyouseido.mhlw.go.jp/znk-web/juminkanja/S2430/initialize?prefCd=36&kikanCd=2365908030&kikanKbn=2", "url2": null, "内容": "岸野医院【2:診療所】【診療科目:内科_呼吸器内科_循環器内科_消化器内科_小児科_心療内科_リハビリテーション科_放射線科】徳島県三好市三野町芝生１３６番地１" }, "geometry": { "type": "Point", "coordinates": [ 133.972714, 34.042187 ] } },
{ "type": "Feature", "properties": { "ID": 3622365908160, "正式名称": "浜クリニック", "機関区分": 2, "都道府県コード": 36, "市区町村コード": 208, "所在地": "徳島県三好市池田町マチ２４４３－１", "緯度": 34.030278, "経度": 133.809384, "url": "https://www.iryou.teikyouseido.mhlw.go.jp/znk-web/juminkanja/S2430/initialize?prefCd=36&kikanCd=2365908160&kikanKbn=2", "url2": null, "内容": "浜クリニック【2:診療所】【診療科目:内科_外科_整形外科】徳島県三好市池田町マチ２４４３－１" }, "geometry": { "type": "Point", "coordinates": [ 133.809384, 34.030278 ] } },
{ "type": "Feature", "properties": { "ID": 3622365908290, "正式名称": "宮佐医院", "機関区分": 2, "都道府県コード": 36, "市区町村コード": 208, "所在地": "徳島県三好市池田町マチ２４７８番地１", "緯度": 34.030051, "経度": 133.807318, "url": "https://www.iryou.teikyouseido.mhlw.go.jp/znk-web/juminkanja/S2430/initialize?prefCd=36&kikanCd=2365908290&kikanKbn=2", "url2": null, "内容": "宮佐医院【2:診療所】【診療科目:内科_神経内科_心療内科_リハビリテーション科】徳島県三好市池田町マチ２４７８番地１" }, "geometry": { "type": "Point", "coordinates": [ 133.807318, 34.030051 ] } },
{ "type": "Feature", "properties": { "ID": 3622365908320, "正式名称": "医療法人くはらクリニック", "機関区分": 2, "都道府県コード": 36, "市区町村コード": 489, "所在地": "徳島県三好郡東みよし町昼間１４８", "緯度": 34.041138, "経度": 133.890381, "url": "https://www.iryou.teikyouseido.mhlw.go.jp/znk-web/juminkanja/S2430/initialize?prefCd=36&kikanCd=2365908320&kikanKbn=2", "url2": "https://ssc2.doctorqube.com/kuhara-cl-tokushima/", "内容": "医療法人くはらクリニック【2:診療所】【診療科目:内科_小児科_アレルギー科】徳島県三好郡東みよし町昼間１４８" }, "geometry": { "type": "Point", "coordinates": [ 133.890381, 34.041138 ] } },
{ "type": "Feature", "properties": { "ID": 3622365908450, "正式名称": "三好市国民健康保険西祖谷山村診療所", "機関区分": 2, "都道府県コード": 36, "市区町村コード": 208, "所在地": "徳島県三好市西祖谷山村一宇３６８番地９", "緯度": 33.891227, "経度": 133.816904, "url": "https://www.iryou.teikyouseido.mhlw.go.jp/znk-web/juminkanja/S2430/initialize?prefCd=36&kikanCd=2365908450&kikanKbn=2", "url2": "https://www.miyoshi.i-tokushima.jp/", "内容": "三好市国民健康保険西祖谷山村診療所【2:診療所】【診療科目:内科_外科_整形外科_歯科】徳島県三好市西祖谷山村一宇３６８番地９" }, "geometry": { "type": "Point", "coordinates": [ 133.816904, 33.891227 ] } },
{ "type": "Feature", "properties": { "ID": 3622365908900, "正式名称": "三好市国民健康保険大歩危診療所", "機関区分": 2, "都道府県コード": 36, "市区町村コード": 208, "所在地": "徳島県三好市山城町上名１５８４番地３－３", "緯度": 33.879323, "経度": 133.759317, "url": "https://www.iryou.teikyouseido.mhlw.go.jp/znk-web/juminkanja/S2430/initialize?prefCd=36&kikanCd=2365908900&kikanKbn=2", "url2": null, "内容": "三好市国民健康保険大歩危診療所【2:診療所】【診療科目:内科】徳島県三好市山城町上名１５８４番地３－３" }, "geometry": { "type": "Point", "coordinates": [ 133.759317, 33.879323 ] } },
{ "type": "Feature", "properties": { "ID": 3622365909040, "正式名称": "三木医院", "機関区分": 2, "都道府県コード": 36, "市区町村コード": 208, "所在地": "徳島県三好市三野町芝生１０２７番地", "緯度": 34.042255, "経度": 133.9714, "url": "https://www.iryou.teikyouseido.mhlw.go.jp/znk-web/juminkanja/S2430/initialize?prefCd=36&kikanCd=2365909040&kikanKbn=2", "url2": null, "内容": "三木医院【2:診療所】【診療科目:内科_外科_整形外科_小児科_泌尿器科】徳島県三好市三野町芝生１０２７番地" }, "geometry": { "type": "Point", "coordinates": [ 133.9714, 34.042255 ] } },
{ "type": "Feature", "properties": { "ID": 3622365909460, "正式名称": "三好市国民健康保険東祖谷診療所", "機関区分": 2, "都道府県コード": 36, "市区町村コード": 208, "所在地": "徳島県三好市東祖谷京上１４番地３", "緯度": 33.868202, "経度": 133.906442, "url": "https://www.iryou.teikyouseido.mhlw.go.jp/znk-web/juminkanja/S2430/initialize?prefCd=36&kikanCd=2365909460&kikanKbn=2", "url2": "https://www.miyoshi.i-tokushima.jp/", "内容": "三好市国民健康保険東祖谷診療所【2:診療所】【診療科目:内科】徳島県三好市東祖谷京上１４番地３" }, "geometry": { "type": "Point", "coordinates": [ 133.906442, 33.868202 ] } },
{ "type": "Feature", "properties": { "ID": 3622365909590, "正式名称": "三好市国民健康保険大野診療所", "機関区分": 2, "都道府県コード": 36, "市区町村コード": 208, "所在地": "徳島県三好市山城町大野５０８番地２", "緯度": 33.964683, "経度": 133.715218, "url": "https://www.iryou.teikyouseido.mhlw.go.jp/znk-web/juminkanja/S2430/initialize?prefCd=36&kikanCd=2365909590&kikanKbn=2", "url2": null, "内容": "三好市国民健康保険大野診療所【2:診療所】【診療科目:内科】徳島県三好市山城町大野５０８番地２" }, "geometry": { "type": "Point", "coordinates": [ 133.715218, 33.964683 ] } },
{ "type": "Feature", "properties": { "ID": 3622365909620, "正式名称": "田中ヘルスケアクリニック", "機関区分": 2, "都道府県コード": 36, "市区町村コード": 208, "所在地": "徳島県三好市三野町芝生１２６６番地４", "緯度": 34.042716, "経度": 133.966281, "url": "https://www.iryou.teikyouseido.mhlw.go.jp/znk-web/juminkanja/S2430/initialize?prefCd=36&kikanCd=2365909620&kikanKbn=2", "url2": null, "内容": "田中ヘルスケアクリニック【2:診療所】【診療科目:内科_精神科_心療内科】徳島県三好市三野町芝生１２６６番地４" }, "geometry": { "type": "Point", "coordinates": [ 133.966281, 34.042716 ] } },
{ "type": "Feature", "properties": { "ID": 3622365909750, "正式名称": "山下内科・呼吸器内科", "機関区分": 2, "都道府県コード": 36, "市区町村コード": 489, "所在地": "徳島県三好郡東みよし町昼間１４９４－１", "緯度": 34.041998, "経度": 133.880233, "url": "https://www.iryou.teikyouseido.mhlw.go.jp/znk-web/juminkanja/S2430/initialize?prefCd=36&kikanCd=2365909750&kikanKbn=2", "url2": "https://www.yamashita-naika-clinic.com/index.html", "内容": "山下内科・呼吸器内科【2:診療所】【診療科目:内科_呼吸器内科】徳島県三好郡東みよし町昼間１４９４－１" }, "geometry": { "type": "Point", "coordinates": [ 133.880233, 34.041998 ] } }
]
}
